,id,device_id,active_power,direct_power,charge_capacity,date_time,T,U,Ff,RRR,DD_WE,DD_NS,Po(p),POA,cc_diff,active_power_b,date_time_b,T_b,U_b,Ff_b,RRR_b,DD_WE_b,DD_NS_b,Po(p)_b,POA_b,difference,hour
10,104983,6,2.31,2.69,1.8,2024-02-23 08:00:00,5.2,95,1,17.0,0,1,1014.9,366.5,1.8,0.0,2024-02-23 05:00:00,5.8,86.0,2.0,3.0,1.0,1.0,1013.05,0.0,0 days 03:00:00,8
11,104984,7,2.38,2.79,1.9,2024-02-23 08:00:00,5.2,95,1,17.0,0,1,1014.9,366.5,1.9,0.0,2024-02-23 05:00:00,5.8,86.0,2.0,3.0,1.0,1.0,1013.05,0.0,0 days 03:00:00,8
12,104985,8,2.37,2.83,1.9,2024-02-23 08:00:00,5.2,95,1,17.0,0,1,1014.9,366.5,1.9,0.0,2024-02-23 05:00:00,5.8,86.0,2.0,3.0,1.0,1.0,1013.05,0.0,0 days 03:00:00,8
13,104986,9,2.44,2.84,2.2,2024-02-23 08:00:00,5.2,95,1,17.0,0,1,1014.9,366.5,2.2,0.0,2024-02-23 05:00:00,5.8,86.0,2.0,3.0,1.0,1.0,1013.05,0.0,0 days 03:00:00,8
14,104987,10,2.32,2.68,1.8,2024-02-23 08:00:00,5.2,95,1,17.0,0,1,1014.9,366.5,1.8,0.0,2024-02-23 05:00:00,5.8,86.0,2.0,3.0,1.0,1.0,1013.05,0.0,0 days 03:00:00,8
15,104998,6,52.09,52.76,50.8,2024-02-23 11:00:00,6.6,94,1,20.0,1,1,1015.43,960.0,49.0,2.31,2024-02-23 08:00:00,5.2,95.0,1.0,17.0,0.0,1.0,1014.9,366.5,0 days 03:00:00,11
16,104999,7,43.62,44.24,48.9,2024-02-23 11:00:00,6.6,94,1,20.0,1,1,1015.43,960.0,47.0,2.38,2024-02-23 08:00:00,5.2,95.0,1.0,17.0,0.0,1.0,1014.9,366.5,0 days 03:00:00,11
17,105000,8,52.07,52.79,50.8,2024-02-23 11:00:00,6.6,94,1,20.0,1,1,1015.43,960.0,48.9,2.37,2024-02-23 08:00:00,5.2,95.0,1.0,17.0,0.0,1.0,1014.9,366.5,0 days 03:00:00,11
18,105001,9,58.45,59.27,54.3,2024-02-23 11:00:00,6.6,94,1,20.0,1,1,1015.43,960.0,52.1,2.44,2024-02-23 08:00:00,5.2,95.0,1.0,17.0,0.0,1.0,1014.9,366.5,0 days 03:00:00,11
19,105002,10,43.72,44.29,49.1,2024-02-23 11:00:00,6.6,94,1,20.0,1,1,1015.43,960.0,47.3,2.32,2024-02-23 08:00:00,5.2,95.0,1.0,17.0,0.0,1.0,1014.9,366.5,0 days 03:00:00,11
20,105013,6,7.48,7.93,127.7,2024-02-23 14:00:00,8.2,77,2,20.0,0,1,1013.84,882.1,76.9,52.09,2024-02-23 11:00:00,6.6,94.0,1.0,20.0,1.0,1.0,1015.43,960.0,0 days 03:00:00,14
21,105014,7,5.82,6.04,128.9,2024-02-23 14:00:00,8.2,77,2,20.0,0,1,1013.84,882.1,80.0,43.62,2024-02-23 11:00:00,6.6,94.0,1.0,20.0,1.0,1.0,1015.43,960.0,0 days 03:00:00,14
22,105015,8,7.09,7.38,128.2,2024-02-23 14:00:00,8.2,77,2,20.0,0,1,1013.84,882.1,77.4,52.07,2024-02-23 11:00:00,6.6,94.0,1.0,20.0,1.0,1.0,1015.43,960.0,0 days 03:00:00,14
23,105016,9,7.92,8.29,141.1,2024-02-23 14:00:00,8.2,77,2,20.0,0,1,1013.84,882.1,86.8,58.45,2024-02-23 11:00:00,6.6,94.0,1.0,20.0,1.0,1.0,1015.43,960.0,0 days 03:00:00,14
24,105017,10,5.84,6.23,129.6,2024-02-23 14:00:00,8.2,77,2,20.0,0,1,1013.84,882.1,80.5,43.72,2024-02-23 11:00:00,6.6,94.0,1.0,20.0,1.0,1.0,1015.43,960.0,0 days 03:00:00,14
25,105028,6,0.39,0.66,135.7,2024-02-23 17:00:00,7.5,83,2,20.0,1,1,1013.71,179.8,8.0,7.48,2024-02-23 14:00:00,8.2,77.0,2.0,20.0,0.0,1.0,1013.84,882.1,0 days 03:00:00,17
26,105029,7,0.38,0.58,136.8,2024-02-23 17:00:00,7.5,83,2,20.0,1,1,1013.71,179.8,7.9,5.82,2024-02-23 14:00:00,8.2,77.0,2.0,20.0,0.0,1.0,1013.84,882.1,0 days 03:00:00,17
27,105030,8,0.37,0.66,136.1,2024-02-23 17:00:00,7.5,83,2,20.0,1,1,1013.71,179.8,7.9,7.09,2024-02-23 14:00:00,8.2,77.0,2.0,20.0,0.0,1.0,1013.84,882.1,0 days 03:00:00,17
28,105031,9,0.45,0.8,149.8,2024-02-23 17:00:00,7.5,83,2,20.0,1,1,1013.71,179.8,8.7,7.92,2024-02-23 14:00:00,8.2,77.0,2.0,20.0,0.0,1.0,1013.84,882.1,0 days 03:00:00,17
29,105032,10,0.29,0.75,137.5,2024-02-23 17:00:00,7.5,83,2,20.0,1,1,1013.71,179.8,7.9,5.84,2024-02-23 14:00:00,8.2,77.0,2.0,20.0,0.0,1.0,1013.84,882.1,0 days 03:00:00,17
30,105043,6,0.0,0.0,135.8,2024-02-23 20:00:00,6.7,76,2,5.0,-1,1,1015.03,0.0,0.1,0.39,2024-02-23 17:00:00,7.5,83.0,2.0,20.0,1.0,1.0,1013.71,179.8,0 days 03:00:00,20
31,105044,7,0.0,0.0,136.8,2024-02-23 20:00:00,6.7,76,2,5.0,-1,1,1015.03,0.0,0.0,0.38,2024-02-23 17:00:00,7.5,83.0,2.0,20.0,1.0,1.0,1013.71,179.8,0 days 03:00:00,20
32,105045,8,0.0,0.0,136.2,2024-02-23 20:00:00,6.7,76,2,5.0,-1,1,1015.03,0.0,0.1,0.37,2024-02-23 17:00:00,7.5,83.0,2.0,20.0,1.0,1.0,1013.71,179.8,0 days 03:00:00,20
33,105046,9,0.0,0.0,149.9,2024-02-23 20:00:00,6.7,76,2,5.0,-1,1,1015.03,0.0,0.1,0.45,2024-02-23 17:00:00,7.5,83.0,2.0,20.0,1.0,1.0,1013.71,179.8,0 days 03:00:00,20
34,105047,10,0.0,0.0,137.6,2024-02-23 20:00:00,6.7,76,2,5.0,-1,1,1015.03,0.0,0.1,0.29,2024-02-23 17:00:00,7.5,83.0,2.0,20.0,1.0,1.0,1013.71,179.8,0 days 03:00:00,20
50,105103,6,3.46,3.69,3.8,2024-02-24 08:00:00,5.5,89,1,5.0,-1,1,1014.64,368.1,3.8,0.0,2024-02-24 05:00:00,4.7,93.0,3.0,5.0,0.0,1.0,1013.45,0.0,0 days 03:00:00,8
51,105104,7,3.5,3.79,3.9,2024-02-24 08:00:00,5.5,89,1,5.0,-1,1,1014.64,368.1,3.9,0.0,2024-02-24 05:00:00,4.7,93.0,3.0,5.0,0.0,1.0,1013.45,0.0,0 days 03:00:00,8
52,105105,8,3.51,3.84,3.8,2024-02-24 08:00:00,5.5,89,1,5.0,-1,1,1014.64,368.1,3.8,0.0,2024-02-24 05:00:00,4.7,93.0,3.0,5.0,0.0,1.0,1013.45,0.0,0 days 03:00:00,8
53,105106,9,3.65,4.24,4.1,2024-02-24 08:00:00,5.5,89,1,5.0,-1,1,1014.64,368.1,4.1,0.0,2024-02-24 05:00:00,4.7,93.0,3.0,5.0,0.0,1.0,1013.45,0.0,0 days 03:00:00,8
54,105107,10,3.37,3.66,3.9,2024-02-24 08:00:00,5.5,89,1,5.0,-1,1,1014.64,368.1,3.9,0.0,2024-02-24 05:00:00,4.7,93.0,3.0,5.0,0.0,1.0,1013.45,0.0,0 days 03:00:00,8
55,105118,6,28.55,28.98,33.9,2024-02-24 11:00:00,6.9,87,1,5.0,0,1,1013.71,960.8,30.1,3.46,2024-02-24 08:00:00,5.5,89.0,1.0,5.0,-1.0,1.0,1014.64,368.1,0 days 03:00:00,11
56,105119,7,28.03,28.43,34.5,2024-02-24 11:00:00,6.9,87,1,5.0,0,1,1013.71,960.8,30.6,3.5,2024-02-24 08:00:00,5.5,89.0,1.0,5.0,-1.0,1.0,1014.64,368.1,0 days 03:00:00,11
57,105120,8,27.99,28.49,34.3,2024-02-24 11:00:00,6.9,87,1,5.0,0,1,1013.71,960.8,30.5,3.51,2024-02-24 08:00:00,5.5,89.0,1.0,5.0,-1.0,1.0,1014.64,368.1,0 days 03:00:00,11
58,105121,9,30.61,31.03,36.4,2024-02-24 11:00:00,6.9,87,1,5.0,0,1,1013.71,960.8,32.3,3.65,2024-02-24 08:00:00,5.5,89.0,1.0,5.0,-1.0,1.0,1014.64,368.1,0 days 03:00:00,11
59,105122,10,30.46,30.92,34.2,2024-02-24 11:00:00,6.9,87,1,5.0,0,1,1013.71,960.8,30.3,3.37,2024-02-24 08:00:00,5.5,89.0,1.0,5.0,-1.0,1.0,1014.64,368.1,0 days 03:00:00,11
60,105133,6,17.05,17.35,90.5,2024-02-24 14:00:00,8.6,80,1,1.0,1,1,1011.86,882.4,56.6,28.55,2024-02-24 11:00:00,6.9,87.0,1.0,5.0,0.0,1.0,1013.71,960.8,0 days 03:00:00,14
61,105134,7,18.72,19.03,91.5,2024-02-24 14:00:00,8.6,80,1,1.0,1,1,1011.86,882.4,57.0,28.03,2024-02-24 11:00:00,6.9,87.0,1.0,5.0,0.0,1.0,1013.71,960.8,0 days 03:00:00,14
62,105135,8,18.99,19.32,91.0,2024-02-24 14:00:00,8.6,80,1,1.0,1,1,1011.86,882.4,56.7,27.99,2024-02-24 11:00:00,6.9,87.0,1.0,5.0,0.0,1.0,1013.71,960.8,0 days 03:00:00,14
63,105136,9,19.81,20.18,97.3,2024-02-24 14:00:00,8.6,80,1,1.0,1,1,1011.86,882.4,60.9,30.61,2024-02-24 11:00:00,6.9,87.0,1.0,5.0,0.0,1.0,1013.71,960.8,0 days 03:00:00,14
64,105137,10,16.36,16.66,91.6,2024-02-24 14:00:00,8.6,80,1,1.0,1,1,1011.86,882.4,57.4,30.46,2024-02-24 11:00:00,6.9,87.0,1.0,5.0,0.0,1.0,1013.71,960.8,0 days 03:00:00,14
65,105148,6,3.51,3.94,125.6,2024-02-24 17:00:00,9.0,69,2,0.5,0,1,1011.46,180.7,35.1,17.05,2024-02-24 14:00:00,8.6,80.0,1.0,1.0,1.0,1.0,1011.86,882.4,0 days 03:00:00,17
66,105149,7,3.48,3.8,126.5,2024-02-24 17:00:00,9.0,69,2,0.5,0,1,1011.46,180.7,35.0,18.72,2024-02-24 14:00:00,8.6,80.0,1.0,1.0,1.0,1.0,1011.86,882.4,0 days 03:00:00,17
67,105150,8,3.54,3.95,125.6,2024-02-24 17:00:00,9.0,69,2,0.5,0,1,1011.46,180.7,34.6,18.99,2024-02-24 14:00:00,8.6,80.0,1.0,1.0,1.0,1.0,1011.86,882.4,0 days 03:00:00,17
68,105151,9,3.78,4.11,135.1,2024-02-24 17:00:00,9.0,69,2,0.5,0,1,1011.46,180.7,37.8,19.81,2024-02-24 14:00:00,8.6,80.0,1.0,1.0,1.0,1.0,1011.86,882.4,0 days 03:00:00,17
69,105152,10,3.69,4.04,127.9,2024-02-24 17:00:00,9.0,69,2,0.5,0,1,1011.46,180.7,36.3,16.36,2024-02-24 14:00:00,8.6,80.0,1.0,1.0,1.0,1.0,1011.86,882.4,0 days 03:00:00,17
70,105163,6,0.0,0.0,126.4,2024-02-24 20:00:00,7.9,66,4,0.5,0,1,1011.99,0.0,0.8,3.51,2024-02-24 17:00:00,9.0,69.0,2.0,0.5,0.0,1.0,1011.46,180.7,0 days 03:00:00,20
71,105164,7,0.0,0.0,127.2,2024-02-24 20:00:00,7.9,66,4,0.5,0,1,1011.99,0.0,0.7,3.48,2024-02-24 17:00:00,9.0,69.0,2.0,0.5,0.0,1.0,1011.46,180.7,0 days 03:00:00,20
72,105165,8,0.0,0.0,126.3,2024-02-24 20:00:00,7.9,66,4,0.5,0,1,1011.99,0.0,0.7,3.54,2024-02-24 17:00:00,9.0,69.0,2.0,0.5,0.0,1.0,1011.46,180.7,0 days 03:00:00,20
73,105166,9,0.0,0.0,135.9,2024-02-24 20:00:00,7.9,66,4,0.5,0,1,1011.99,0.0,0.8,3.78,2024-02-24 17:00:00,9.0,69.0,2.0,0.5,0.0,1.0,1011.46,180.7,0 days 03:00:00,20
74,105167,10,0.0,0.0,128.6,2024-02-24 20:00:00,7.9,66,4,0.5,0,1,1011.99,0.0,0.7,3.69,2024-02-24 17:00:00,9.0,69.0,2.0,0.5,0.0,1.0,1011.46,180.7,0 days 03:00:00,20
90,105223,6,15.61,15.92,10.1,2024-02-25 08:00:00,7.7,67,2,0.7,0,1,1013.05,369.8,10.1,0.0,2024-02-25 05:00:00,6.8,70.0,2.0,0.7,0.0,1.0,1012.12,0.0,0 days 03:00:00,8
91,105224,7,15.49,15.88,10.3,2024-02-25 08:00:00,7.7,67,2,0.7,0,1,1013.05,369.8,10.3,0.0,2024-02-25 05:00:00,6.8,70.0,2.0,0.7,0.0,1.0,1012.12,0.0,0 days 03:00:00,8
92,105225,8,15.19,15.48,10.7,2024-02-25 08:00:00,7.7,67,2,0.7,0,1,1013.05,369.8,10.7,0.0,2024-02-25 05:00:00,6.8,70.0,2.0,0.7,0.0,1.0,1012.12,0.0,0 days 03:00:00,8
93,105226,9,17.96,18.26,12.0,2024-02-25 08:00:00,7.7,67,2,0.7,0,1,1013.05,369.8,12.0,0.0,2024-02-25 05:00:00,6.8,70.0,2.0,0.7,0.0,1.0,1012.12,0.0,0 days 03:00:00,8
94,105227,10,14.0,14.35,9.8,2024-02-25 08:00:00,7.7,67,2,0.7,0,1,1013.05,369.8,9.8,0.0,2024-02-25 05:00:00,6.8,70.0,2.0,0.7,0.0,1.0,1012.12,0.0,0 days 03:00:00,8
95,105238,6,51.37,53.06,143.6,2024-02-25 11:00:00,9.7,60,1,0.0,1,-1,1013.05,961.6,133.5,15.61,2024-02-25 08:00:00,7.7,67.0,2.0,0.7,0.0,1.0,1013.05,369.8,0 days 03:00:00,11
96,105239,7,42.03,42.6,144.1,2024-02-25 11:00:00,9.7,60,1,0.0,1,-1,1013.05,961.6,133.8,15.49,2024-02-25 08:00:00,7.7,67.0,2.0,0.7,0.0,1.0,1013.05,369.8,0 days 03:00:00,11
97,105240,8,42.9,43.44,143.5,2024-02-25 11:00:00,9.7,60,1,0.0,1,-1,1013.05,961.6,132.8,15.19,2024-02-25 08:00:00,7.7,67.0,2.0,0.7,0.0,1.0,1013.05,369.8,0 days 03:00:00,11
98,105241,9,48.09,48.7,166.2,2024-02-25 11:00:00,9.7,60,1,0.0,1,-1,1013.05,961.6,154.2,17.96,2024-02-25 08:00:00,7.7,67.0,2.0,0.7,0.0,1.0,1013.05,369.8,0 days 03:00:00,11
99,105242,10,41.52,42.09,130.4,2024-02-25 11:00:00,9.7,60,1,0.0,1,-1,1013.05,961.6,120.6,14.0,2024-02-25 08:00:00,7.7,67.0,2.0,0.7,0.0,1.0,1013.05,369.8,0 days 03:00:00,11
100,105253,6,84.75,85.95,307.9,2024-02-25 14:00:00,10.3,70,2,0.0,1,0,1011.46,882.6,164.3,51.37,2024-02-25 11:00:00,9.7,60.0,1.0,0.0,1.0,-1.0,1013.05,961.6,0 days 03:00:00,14
101,105254,7,66.61,67.56,312.2,2024-02-25 14:00:00,10.3,70,2,0.0,1,0,1011.46,882.6,168.1,42.03,2024-02-25 11:00:00,9.7,60.0,1.0,0.0,1.0,-1.0,1013.05,961.6,0 days 03:00:00,14
102,105255,8,39.78,40.31,310.7,2024-02-25 14:00:00,10.3,70,2,0.0,1,0,1011.46,882.6,167.2,42.9,2024-02-25 11:00:00,9.7,60.0,1.0,0.0,1.0,-1.0,1013.05,961.6,0 days 03:00:00,14
103,105256,9,53.46,54.19,354.7,2024-02-25 14:00:00,10.3,70,2,0.0,1,0,1011.46,882.6,188.5,48.09,2024-02-25 11:00:00,9.7,60.0,1.0,0.0,1.0,-1.0,1013.05,961.6,0 days 03:00:00,14
104,105257,10,44.3,49.61,292.4,2024-02-25 14:00:00,10.3,70,2,0.0,1,0,1011.46,882.6,162.0,41.52,2024-02-25 11:00:00,9.7,60.0,1.0,0.0,1.0,-1.0,1013.05,961.6,0 days 03:00:00,14
105,105268,6,4.45,4.86,404.6,2024-02-25 17:00:00,8.3,74,2,0.0,1,0,1012.12,181.5,96.7,84.75,2024-02-25 14:00:00,10.3,70.0,2.0,0.0,1.0,0.0,1011.46,882.6,0 days 03:00:00,17
106,105269,7,4.35,4.66,408.2,2024-02-25 17:00:00,8.3,74,2,0.0,1,0,1012.12,181.5,96.0,66.61,2024-02-25 14:00:00,10.3,70.0,2.0,0.0,1.0,0.0,1011.46,882.6,0 days 03:00:00,17
107,105270,8,4.36,4.92,403.4,2024-02-25 17:00:00,8.3,74,2,0.0,1,0,1012.12,181.5,92.7,39.78,2024-02-25 14:00:00,10.3,70.0,2.0,0.0,1.0,0.0,1011.46,882.6,0 days 03:00:00,17
108,105271,9,4.61,5.04,457.9,2024-02-25 17:00:00,8.3,74,2,0.0,1,0,1012.12,181.5,103.2,53.46,2024-02-25 14:00:00,10.3,70.0,2.0,0.0,1.0,0.0,1011.46,882.6,0 days 03:00:00,17
109,105272,10,4.61,5.01,388.3,2024-02-25 17:00:00,8.3,74,2,0.0,1,0,1012.12,181.5,95.9,44.3,2024-02-25 14:00:00,10.3,70.0,2.0,0.0,1.0,0.0,1011.46,882.6,0 days 03:00:00,17
110,105283,6,0.0,0.0,406.1,2024-02-25 20:00:00,8.0,77,0,0.0,-1,1,1013.58,0.0,1.5,4.45,2024-02-25 17:00:00,8.3,74.0,2.0,0.0,1.0,0.0,1012.12,181.5,0 days 03:00:00,20
111,105284,7,0.0,0.0,409.6,2024-02-25 20:00:00,8.0,77,0,0.0,-1,1,1013.58,0.0,1.4,4.35,2024-02-25 17:00:00,8.3,74.0,2.0,0.0,1.0,0.0,1012.12,181.5,0 days 03:00:00,20
112,105285,8,0.0,0.0,404.7,2024-02-25 20:00:00,8.0,77,0,0.0,-1,1,1013.58,0.0,1.3,4.36,2024-02-25 17:00:00,8.3,74.0,2.0,0.0,1.0,0.0,1012.12,181.5,0 days 03:00:00,20
113,105286,9,0.0,0.0,459.4,2024-02-25 20:00:00,8.0,77,0,0.0,-1,1,1013.58,0.0,1.5,4.61,2024-02-25 17:00:00,8.3,74.0,2.0,0.0,1.0,0.0,1012.12,181.5,0 days 03:00:00,20
114,105287,10,0.0,0.0,389.8,2024-02-25 20:00:00,8.0,77,0,0.0,-1,1,1013.58,0.0,1.5,4.61,2024-02-25 17:00:00,8.3,74.0,2.0,0.0,1.0,0.0,1012.12,181.5,0 days 03:00:00,20
130,105343,6,10.08,10.41,5.7,2024-02-26 08:00:00,5.5,80,2,0.1,0,1,1015.69,371.5,5.7,0.0,2024-02-26 05:00:00,5.8,73.0,2.0,0.0,0.0,1.0,1014.64,0.0,0 days 03:00:00,8
131,105344,7,10.46,10.71,5.3,2024-02-26 08:00:00,5.5,80,2,0.1,0,1,1015.69,371.5,5.3,0.0,2024-02-26 05:00:00,5.8,73.0,2.0,0.0,0.0,1.0,1014.64,0.0,0 days 03:00:00,8
132,105345,8,9.9,10.16,5.3,2024-02-26 08:00:00,5.5,80,2,0.1,0,1,1015.69,371.5,5.3,0.0,2024-02-26 05:00:00,5.8,73.0,2.0,0.0,0.0,1.0,1014.64,0.0,0 days 03:00:00,8
133,105346,9,10.59,10.82,5.8,2024-02-26 08:00:00,5.5,80,2,0.1,0,1,1015.69,371.5,5.8,0.0,2024-02-26 05:00:00,5.8,73.0,2.0,0.0,0.0,1.0,1014.64,0.0,0 days 03:00:00,8
134,105347,10,10.04,10.28,5.4,2024-02-26 08:00:00,5.5,80,2,0.1,0,1,1015.69,371.5,5.4,0.0,2024-02-26 05:00:00,5.8,73.0,2.0,0.0,0.0,1.0,1014.64,0.0,0 days 03:00:00,8
135,105358,6,13.62,13.89,47.0,2024-02-26 11:00:00,6.8,70,2,0.1,0,1,1015.03,962.4,41.3,10.08,2024-02-26 08:00:00,5.5,80.0,2.0,0.1,0.0,1.0,1015.69,371.5,0 days 03:00:00,11
136,105359,7,14.58,14.86,46.8,2024-02-26 11:00:00,6.8,70,2,0.1,0,1,1015.03,962.4,41.5,10.46,2024-02-26 08:00:00,5.5,80.0,2.0,0.1,0.0,1.0,1015.69,371.5,0 days 03:00:00,11
137,105360,8,14.35,14.76,46.5,2024-02-26 11:00:00,6.8,70,2,0.1,0,1,1015.03,962.4,41.2,9.9,2024-02-26 08:00:00,5.5,80.0,2.0,0.1,0.0,1.0,1015.69,371.5,0 days 03:00:00,11
138,105361,9,15.14,15.42,50.7,2024-02-26 11:00:00,6.8,70,2,0.1,0,1,1015.03,962.4,44.9,10.59,2024-02-26 08:00:00,5.5,80.0,2.0,0.1,0.0,1.0,1015.69,371.5,0 days 03:00:00,11
139,105362,10,14.75,15.04,47.1,2024-02-26 11:00:00,6.8,70,2,0.1,0,1,1015.03,962.4,41.7,10.04,2024-02-26 08:00:00,5.5,80.0,2.0,0.1,0.0,1.0,1015.69,371.5,0 days 03:00:00,11
140,105373,6,5.87,6.26,80.5,2024-02-26 14:00:00,6.8,74,1,0.1,0,1,1013.58,882.8,33.5,13.62,2024-02-26 11:00:00,6.8,70.0,2.0,0.1,0.0,1.0,1015.03,962.4,0 days 03:00:00,14
141,105374,7,4.66,4.88,81.4,2024-02-26 14:00:00,6.8,74,1,0.1,0,1,1013.58,882.8,34.6,14.58,2024-02-26 11:00:00,6.8,70.0,2.0,0.1,0.0,1.0,1015.03,962.4,0 days 03:00:00,14
142,105375,8,5.75,6.13,80.6,2024-02-26 14:00:00,6.8,74,1,0.1,0,1,1013.58,882.8,34.1,14.35,2024-02-26 11:00:00,6.8,70.0,2.0,0.1,0.0,1.0,1015.03,962.4,0 days 03:00:00,14
143,105376,9,5.58,5.89,86.9,2024-02-26 14:00:00,6.8,74,1,0.1,0,1,1013.58,882.8,36.2,15.14,2024-02-26 11:00:00,6.8,70.0,2.0,0.1,0.0,1.0,1015.03,962.4,0 days 03:00:00,14
144,105377,10,4.74,5.06,82.1,2024-02-26 14:00:00,6.8,74,1,0.1,0,1,1013.58,882.8,35.0,14.75,2024-02-26 11:00:00,6.8,70.0,2.0,0.1,0.0,1.0,1015.03,962.4,0 days 03:00:00,14
145,105388,6,0.25,0.65,91.7,2024-02-26 17:00:00,5.4,93,2,3.0,0,1,1013.84,182.3,11.2,5.87,2024-02-26 14:00:00,6.8,74.0,1.0,0.1,0.0,1.0,1013.58,882.8,0 days 03:00:00,17
146,105389,7,0.25,0.52,92.4,2024-02-26 17:00:00,5.4,93,2,3.0,0,1,1013.84,182.3,11.0,4.66,2024-02-26 14:00:00,6.8,74.0,1.0,0.1,0.0,1.0,1013.58,882.8,0 days 03:00:00,17
147,105390,8,0.24,0.66,91.7,2024-02-26 17:00:00,5.4,93,2,3.0,0,1,1013.84,182.3,11.1,5.75,2024-02-26 14:00:00,6.8,74.0,1.0,0.1,0.0,1.0,1013.58,882.8,0 days 03:00:00,17
148,105391,9,0.32,0.57,98.7,2024-02-26 17:00:00,5.4,93,2,3.0,0,1,1013.84,182.3,11.8,5.58,2024-02-26 14:00:00,6.8,74.0,1.0,0.1,0.0,1.0,1013.58,882.8,0 days 03:00:00,17
149,105392,10,0.27,0.72,93.2,2024-02-26 17:00:00,5.4,93,2,3.0,0,1,1013.84,182.3,11.1,4.74,2024-02-26 14:00:00,6.8,74.0,1.0,0.1,0.0,1.0,1013.58,882.8,0 days 03:00:00,17
150,105403,6,0.0,0.0,91.9,2024-02-26 20:00:00,5.4,94,2,3.0,1,1,1014.77,0.0,0.2,0.25,2024-02-26 17:00:00,5.4,93.0,2.0,3.0,0.0,1.0,1013.84,182.3,0 days 03:00:00,20
151,105404,7,0.0,0.0,92.6,2024-02-26 20:00:00,5.4,94,2,3.0,1,1,1014.77,0.0,0.2,0.25,2024-02-26 17:00:00,5.4,93.0,2.0,3.0,0.0,1.0,1013.84,182.3,0 days 03:00:00,20
152,105405,8,0.0,0.0,91.9,2024-02-26 20:00:00,5.4,94,2,3.0,1,1,1014.77,0.0,0.2,0.24,2024-02-26 17:00:00,5.4,93.0,2.0,3.0,0.0,1.0,1013.84,182.3,0 days 03:00:00,20
153,105406,9,0.0,0.0,98.8,2024-02-26 20:00:00,5.4,94,2,3.0,1,1,1014.77,0.0,0.1,0.32,2024-02-26 17:00:00,5.4,93.0,2.0,3.0,0.0,1.0,1013.84,182.3,0 days 03:00:00,20
154,105407,10,0.0,0.0,93.4,2024-02-26 20:00:00,5.4,94,2,3.0,1,1,1014.77,0.0,0.2,0.27,2024-02-26 17:00:00,5.4,93.0,2.0,3.0,0.0,1.0,1013.84,182.3,0 days 03:00:00,20
170,105463,6,7.34,7.64,3.4,2024-02-27 08:00:00,6.2,80,1,0.5,0,1,1015.03,373.3,3.4,0.0,2024-02-27 05:00:00,5.6,85.0,2.0,0.6,0.0,1.0,1013.97,0.0,0 days 03:00:00,8
171,105464,7,7.39,7.66,3.4,2024-02-27 08:00:00,6.2,80,1,0.5,0,1,1015.03,373.3,3.4,0.0,2024-02-27 05:00:00,5.6,85.0,2.0,0.6,0.0,1.0,1013.97,0.0,0 days 03:00:00,8
172,105465,8,7.33,7.73,3.4,2024-02-27 08:00:00,6.2,80,1,0.5,0,1,1015.03,373.3,3.4,0.0,2024-02-27 05:00:00,5.6,85.0,2.0,0.6,0.0,1.0,1013.97,0.0,0 days 03:00:00,8
173,105466,9,7.76,8.01,3.6,2024-02-27 08:00:00,6.2,80,1,0.5,0,1,1015.03,373.3,3.6,0.0,2024-02-27 05:00:00,5.6,85.0,2.0,0.6,0.0,1.0,1013.97,0.0,0 days 03:00:00,8
174,105467,10,7.51,7.8,3.5,2024-02-27 08:00:00,6.2,80,1,0.5,0,1,1015.03,373.3,3.5,0.0,2024-02-27 05:00:00,5.6,85.0,2.0,0.6,0.0,1.0,1013.97,0.0,0 days 03:00:00,8
175,105478,6,59.73,60.51,95.9,2024-02-27 11:00:00,10.7,54,2,0.1,1,1,1014.5,963.2,92.5,7.34,2024-02-27 08:00:00,6.2,80.0,1.0,0.5,0.0,1.0,1015.03,373.3,0 days 03:00:00,11
176,105479,7,60.22,61.01,96.4,2024-02-27 11:00:00,10.7,54,2,0.1,1,1,1014.5,963.2,93.0,7.39,2024-02-27 08:00:00,6.2,80.0,1.0,0.5,0.0,1.0,1015.03,373.3,0 days 03:00:00,11
177,105480,8,59.94,60.73,95.8,2024-02-27 11:00:00,10.7,54,2,0.1,1,1,1014.5,963.2,92.4,7.33,2024-02-27 08:00:00,6.2,80.0,1.0,0.5,0.0,1.0,1015.03,373.3,0 days 03:00:00,11
178,105481,9,69.7,70.62,105.3,2024-02-27 11:00:00,10.7,54,2,0.1,1,1,1014.5,963.2,101.7,7.76,2024-02-27 08:00:00,6.2,80.0,1.0,0.5,0.0,1.0,1015.03,373.3,0 days 03:00:00,11
179,105482,10,58.2,58.97,93.8,2024-02-27 11:00:00,10.7,54,2,0.1,1,1,1014.5,963.2,90.3,7.51,2024-02-27 08:00:00,6.2,80.0,1.0,0.5,0.0,1.0,1015.03,373.3,0 days 03:00:00,11
180,105493,6,38.12,38.61,264.0,2024-02-27 14:00:00,12.1,53,1,0.0,1,0,1012.52,882.9,168.1,59.73,2024-02-27 11:00:00,10.7,54.0,2.0,0.1,1.0,1.0,1014.5,963.2,0 days 03:00:00,14
181,105494,7,38.64,39.2,265.7,2024-02-27 14:00:00,12.1,53,1,0.0,1,0,1012.52,882.9,169.3,60.22,2024-02-27 11:00:00,10.7,54.0,2.0,0.1,1.0,1.0,1014.5,963.2,0 days 03:00:00,14
182,105495,8,37.87,38.4,264.6,2024-02-27 14:00:00,12.1,53,1,0.0,1,0,1012.52,882.9,168.8,59.94,2024-02-27 11:00:00,10.7,54.0,2.0,0.1,1.0,1.0,1014.5,963.2,0 days 03:00:00,14
183,105496,9,42.31,42.87,294.7,2024-02-27 14:00:00,12.1,53,1,0.0,1,0,1012.52,882.9,189.4,69.7,2024-02-27 11:00:00,10.7,54.0,2.0,0.1,1.0,1.0,1014.5,963.2,0 days 03:00:00,14
184,105497,10,39.03,39.53,258.7,2024-02-27 14:00:00,12.1,53,1,0.0,1,0,1012.52,882.9,164.9,58.2,2024-02-27 11:00:00,10.7,54.0,2.0,0.1,1.0,1.0,1014.5,963.2,0 days 03:00:00,14
185,105508,6,6.73,7.22,332.8,2024-02-27 17:00:00,10.6,60,3,0.0,1,0,1011.46,183.0,68.8,38.12,2024-02-27 14:00:00,12.1,53.0,1.0,0.0,1.0,0.0,1012.52,882.9,0 days 03:00:00,17
186,105509,7,6.28,6.64,335.5,2024-02-27 17:00:00,10.6,60,3,0.0,1,0,1011.46,183.0,69.8,38.64,2024-02-27 14:00:00,12.1,53.0,1.0,0.0,1.0,0.0,1012.52,882.9,0 days 03:00:00,17
187,105510,8,6.75,7.07,332.7,2024-02-27 17:00:00,10.6,60,3,0.0,1,0,1011.46,183.0,68.1,37.87,2024-02-27 14:00:00,12.1,53.0,1.0,0.0,1.0,0.0,1012.52,882.9,0 days 03:00:00,17
188,105511,9,7.46,7.88,369.8,2024-02-27 17:00:00,10.6,60,3,0.0,1,0,1011.46,183.0,75.1,42.31,2024-02-27 14:00:00,12.1,53.0,1.0,0.0,1.0,0.0,1012.52,882.9,0 days 03:00:00,17
189,105512,10,7.13,7.36,329.2,2024-02-27 17:00:00,10.6,60,3,0.0,1,0,1011.46,183.0,70.5,39.03,2024-02-27 14:00:00,12.1,53.0,1.0,0.0,1.0,0.0,1012.52,882.9,0 days 03:00:00,17
190,105523,6,0.0,0.0,335.3,2024-02-27 20:00:00,9.5,71,2,0.0,1,0,1013.31,0.0,2.5,6.73,2024-02-27 17:00:00,10.6,60.0,3.0,0.0,1.0,0.0,1011.46,183.0,0 days 03:00:00,20
191,105524,7,0.0,0.0,337.8,2024-02-27 20:00:00,9.5,71,2,0.0,1,0,1013.31,0.0,2.3,6.28,2024-02-27 17:00:00,10.6,60.0,3.0,0.0,1.0,0.0,1011.46,183.0,0 days 03:00:00,20
192,105525,8,0.0,0.0,335.2,2024-02-27 20:00:00,9.5,71,2,0.0,1,0,1013.31,0.0,2.5,6.75,2024-02-27 17:00:00,10.6,60.0,3.0,0.0,1.0,0.0,1011.46,183.0,0 days 03:00:00,20
193,105526,9,0.0,0.0,372.6,2024-02-27 20:00:00,9.5,71,2,0.0,1,0,1013.31,0.0,2.8,7.46,2024-02-27 17:00:00,10.6,60.0,3.0,0.0,1.0,0.0,1011.46,183.0,0 days 03:00:00,20
194,105527,10,0.0,0.0,332.0,2024-02-27 20:00:00,9.5,71,2,0.0,1,0,1013.31,0.0,2.8,7.13,2024-02-27 17:00:00,10.6,60.0,3.0,0.0,1.0,0.0,1011.46,183.0,0 days 03:00:00,20
210,105583,6,1.45,2.0,1.1,2024-02-28 08:00:00,7.5,94,2,2.0,-1,0,1010.27,375.1,1.1,0.0,2024-02-28 05:00:00,7.1,93.0,1.0,2.0,-1.0,1.0,1010.67,0.0,0 days 03:00:00,8
211,105584,7,1.9,2.08,1.2,2024-02-28 08:00:00,7.5,94,2,2.0,-1,0,1010.27,375.1,1.2,0.0,2024-02-28 05:00:00,7.1,93.0,1.0,2.0,-1.0,1.0,1010.67,0.0,0 days 03:00:00,8
212,105585,8,1.31,1.75,1.1,2024-02-28 08:00:00,7.5,94,2,2.0,-1,0,1010.27,375.1,1.1,0.0,2024-02-28 05:00:00,7.1,93.0,1.0,2.0,-1.0,1.0,1010.67,0.0,0 days 03:00:00,8
213,105586,9,1.93,2.27,1.2,2024-02-28 08:00:00,7.5,94,2,2.0,-1,0,1010.27,375.1,1.2,0.0,2024-02-28 05:00:00,7.1,93.0,1.0,2.0,-1.0,1.0,1010.67,0.0,0 days 03:00:00,8
214,105587,10,1.8,2.14,1.1,2024-02-28 08:00:00,7.5,94,2,2.0,-1,0,1010.27,375.1,1.1,0.0,2024-02-28 05:00:00,7.1,93.0,1.0,2.0,-1.0,1.0,1010.67,0.0,0 days 03:00:00,8
215,105598,6,4.88,5.32,15.1,2024-02-28 11:00:00,8.3,94,1,2.0,-1,0,1009.08,964.0,14.0,1.45,2024-02-28 08:00:00,7.5,94.0,2.0,2.0,-1.0,0.0,1010.27,375.1,0 days 03:00:00,11
216,105599,7,4.83,5.18,15.3,2024-02-28 11:00:00,8.3,94,1,2.0,-1,0,1009.08,964.0,14.1,1.9,2024-02-28 08:00:00,7.5,94.0,2.0,2.0,-1.0,0.0,1010.27,375.1,0 days 03:00:00,11
217,105600,8,4.92,5.32,15.0,2024-02-28 11:00:00,8.3,94,1,2.0,-1,0,1009.08,964.0,13.9,1.31,2024-02-28 08:00:00,7.5,94.0,2.0,2.0,-1.0,0.0,1010.27,375.1,0 days 03:00:00,11
218,105601,9,5.3,5.63,15.8,2024-02-28 11:00:00,8.3,94,1,2.0,-1,0,1009.08,964.0,14.6,1.93,2024-02-28 08:00:00,7.5,94.0,2.0,2.0,-1.0,0.0,1010.27,375.1,0 days 03:00:00,11
219,105602,10,4.98,5.18,15.4,2024-02-28 11:00:00,8.3,94,1,2.0,-1,0,1009.08,964.0,14.3,1.8,2024-02-28 08:00:00,7.5,94.0,2.0,2.0,-1.0,0.0,1010.27,375.1,0 days 03:00:00,11
220,105613,6,2.86,3.36,27.4,2024-02-28 14:00:00,8.6,97,2,3.0,-1,0,1007.1,883.0,12.3,4.88,2024-02-28 11:00:00,8.3,94.0,1.0,2.0,-1.0,0.0,1009.08,964.0,0 days 03:00:00,14
221,105614,7,2.91,3.22,27.5,2024-02-28 14:00:00,8.6,97,2,3.0,-1,0,1007.1,883.0,12.2,4.83,2024-02-28 11:00:00,8.3,94.0,1.0,2.0,-1.0,0.0,1009.08,964.0,0 days 03:00:00,14
222,105615,8,2.94,3.3,27.1,2024-02-28 14:00:00,8.6,97,2,3.0,-1,0,1007.1,883.0,12.1,4.92,2024-02-28 11:00:00,8.3,94.0,1.0,2.0,-1.0,0.0,1009.08,964.0,0 days 03:00:00,14
223,105616,9,3.23,3.66,28.6,2024-02-28 14:00:00,8.6,97,2,3.0,-1,0,1007.1,883.0,12.8,5.3,2024-02-28 11:00:00,8.3,94.0,1.0,2.0,-1.0,0.0,1009.08,964.0,0 days 03:00:00,14
224,105617,10,2.87,3.06,27.7,2024-02-28 14:00:00,8.6,97,2,3.0,-1,0,1007.1,883.0,12.3,4.98,2024-02-28 11:00:00,8.3,94.0,1.0,2.0,-1.0,0.0,1009.08,964.0,0 days 03:00:00,14
225,105628,6,1.02,1.35,34.8,2024-02-28 17:00:00,9.0,98,2,2.0,-1,-1,1006.97,183.7,7.4,2.86,2024-02-28 14:00:00,8.6,97.0,2.0,3.0,-1.0,0.0,1007.1,883.0,0 days 03:00:00,17
226,105629,7,1.08,1.41,35.0,2024-02-28 17:00:00,9.0,98,2,2.0,-1,-1,1006.97,183.7,7.5,2.91,2024-02-28 14:00:00,8.6,97.0,2.0,3.0,-1.0,0.0,1007.1,883.0,0 days 03:00:00,17
227,105630,8,1.0,1.34,34.5,2024-02-28 17:00:00,9.0,98,2,2.0,-1,-1,1006.97,183.7,7.4,2.94,2024-02-28 14:00:00,8.6,97.0,2.0,3.0,-1.0,0.0,1007.1,883.0,0 days 03:00:00,17
228,105631,9,1.15,1.66,36.5,2024-02-28 17:00:00,9.0,98,2,2.0,-1,-1,1006.97,183.7,7.9,3.23,2024-02-28 14:00:00,8.6,97.0,2.0,3.0,-1.0,0.0,1007.1,883.0,0 days 03:00:00,17
229,105632,10,1.04,1.42,35.2,2024-02-28 17:00:00,9.0,98,2,2.0,-1,-1,1006.97,183.7,7.5,2.87,2024-02-28 14:00:00,8.6,97.0,2.0,3.0,-1.0,0.0,1007.1,883.0,0 days 03:00:00,17
230,105643,6,0.0,0.0,35.0,2024-02-28 20:00:00,9.2,98,1,2.0,-1,0,1007.89,0.0,0.2,1.02,2024-02-28 17:00:00,9.0,98.0,2.0,2.0,-1.0,-1.0,1006.97,183.7,0 days 03:00:00,20
231,105644,7,0.0,0.0,35.1,2024-02-28 20:00:00,9.2,98,1,2.0,-1,0,1007.89,0.0,0.1,1.08,2024-02-28 17:00:00,9.0,98.0,2.0,2.0,-1.0,-1.0,1006.97,183.7,0 days 03:00:00,20
232,105645,8,0.0,0.0,34.6,2024-02-28 20:00:00,9.2,98,1,2.0,-1,0,1007.89,0.0,0.1,1.0,2024-02-28 17:00:00,9.0,98.0,2.0,2.0,-1.0,-1.0,1006.97,183.7,0 days 03:00:00,20
233,105646,9,0.0,0.0,36.6,2024-02-28 20:00:00,9.2,98,1,2.0,-1,0,1007.89,0.0,0.1,1.15,2024-02-28 17:00:00,9.0,98.0,2.0,2.0,-1.0,-1.0,1006.97,183.7,0 days 03:00:00,20
234,105647,10,0.0,0.0,35.4,2024-02-28 20:00:00,9.2,98,1,2.0,-1,0,1007.89,0.0,0.2,1.04,2024-02-28 17:00:00,9.0,98.0,2.0,2.0,-1.0,-1.0,1006.97,183.7,0 days 03:00:00,20
250,105703,6,8.48,8.71,5.1,2024-02-29 08:00:00,10.7,94,2,0.5,-1,-1,1006.17,376.9,5.1,0.0,2024-02-29 05:00:00,9.7,96.0,2.0,1.0,-1.0,0.0,1005.65,0.0,0 days 03:00:00,8
251,105704,7,8.67,8.91,5.1,2024-02-29 08:00:00,10.7,94,2,0.5,-1,-1,1006.17,376.9,5.1,0.0,2024-02-29 05:00:00,9.7,96.0,2.0,1.0,-1.0,0.0,1005.65,0.0,0 days 03:00:00,8
252,105705,8,8.65,8.88,5.0,2024-02-29 08:00:00,10.7,94,2,0.5,-1,-1,1006.17,376.9,5.0,0.0,2024-02-29 05:00:00,9.7,96.0,2.0,1.0,-1.0,0.0,1005.65,0.0,0 days 03:00:00,8
253,105706,9,9.41,9.82,5.4,2024-02-29 08:00:00,10.7,94,2,0.5,-1,-1,1006.17,376.9,5.4,0.0,2024-02-29 05:00:00,9.7,96.0,2.0,1.0,-1.0,0.0,1005.65,0.0,0 days 03:00:00,8
254,105707,10,8.61,8.86,5.2,2024-02-29 08:00:00,10.7,94,2,0.5,-1,-1,1006.17,376.9,5.2,0.0,2024-02-29 05:00:00,9.7,96.0,2.0,1.0,-1.0,0.0,1005.65,0.0,0 days 03:00:00,8
255,105718,6,4.8,5.14,18.1,2024-02-29 11:00:00,10.7,92,2,0.3,0,1,1007.23,964.7,13.0,8.48,2024-02-29 08:00:00,10.7,94.0,2.0,0.5,-1.0,-1.0,1006.17,376.9,0 days 03:00:00,11
256,105719,7,5.11,5.38,18.0,2024-02-29 11:00:00,10.7,92,2,0.3,0,1,1007.23,964.7,12.9,8.67,2024-02-29 08:00:00,10.7,94.0,2.0,0.5,-1.0,-1.0,1006.17,376.9,0 days 03:00:00,11
257,105720,8,5.41,5.65,17.8,2024-02-29 11:00:00,10.7,92,2,0.3,0,1,1007.23,964.7,12.8,8.65,2024-02-29 08:00:00,10.7,94.0,2.0,0.5,-1.0,-1.0,1006.17,376.9,0 days 03:00:00,11
258,105721,9,5.3,5.65,19.5,2024-02-29 11:00:00,10.7,92,2,0.3,0,1,1007.23,964.7,14.1,9.41,2024-02-29 08:00:00,10.7,94.0,2.0,0.5,-1.0,-1.0,1006.17,376.9,0 days 03:00:00,11
259,105722,10,5.21,5.45,18.0,2024-02-29 11:00:00,10.7,92,2,0.3,0,1,1007.23,964.7,12.8,8.61,2024-02-29 08:00:00,10.7,94.0,2.0,0.5,-1.0,-1.0,1006.17,376.9,0 days 03:00:00,11
260,105733,6,7.63,7.92,40.7,2024-02-29 14:00:00,10.7,95,2,2.0,1,1,1004.32,883.0,22.6,4.8,2024-02-29 11:00:00,10.7,92.0,2.0,0.3,0.0,1.0,1007.23,964.7,0 days 03:00:00,14
261,105734,7,7.66,7.96,40.9,2024-02-29 14:00:00,10.7,95,2,2.0,1,1,1004.32,883.0,22.9,5.11,2024-02-29 11:00:00,10.7,92.0,2.0,0.3,0.0,1.0,1007.23,964.7,0 days 03:00:00,14
262,105735,8,7.64,7.87,40.5,2024-02-29 14:00:00,10.7,95,2,2.0,1,1,1004.32,883.0,22.7,5.41,2024-02-29 11:00:00,10.7,92.0,2.0,0.3,0.0,1.0,1007.23,964.7,0 days 03:00:00,14
263,105736,9,8.03,8.36,44.0,2024-02-29 14:00:00,10.7,95,2,2.0,1,1,1004.32,883.0,24.5,5.3,2024-02-29 11:00:00,10.7,92.0,2.0,0.3,0.0,1.0,1007.23,964.7,0 days 03:00:00,14
264,105737,10,7.72,8.02,41.2,2024-02-29 14:00:00,10.7,95,2,2.0,1,1,1004.32,883.0,23.2,5.21,2024-02-29 11:00:00,10.7,92.0,2.0,0.3,0.0,1.0,1007.23,964.7,0 days 03:00:00,14
265,105748,6,1.27,1.58,63.3,2024-02-29 17:00:00,9.8,89,2,4.0,0,1,1005.91,184.4,22.6,7.63,2024-02-29 14:00:00,10.7,95.0,2.0,2.0,1.0,1.0,1004.32,883.0,0 days 03:00:00,17
266,105749,7,1.47,1.73,63.8,2024-02-29 17:00:00,9.8,89,2,4.0,0,1,1005.91,184.4,22.9,7.66,2024-02-29 14:00:00,10.7,95.0,2.0,2.0,1.0,1.0,1004.32,883.0,0 days 03:00:00,17
267,105750,8,1.38,1.69,63.2,2024-02-29 17:00:00,9.8,89,2,4.0,0,1,1005.91,184.4,22.7,7.64,2024-02-29 14:00:00,10.7,95.0,2.0,2.0,1.0,1.0,1004.32,883.0,0 days 03:00:00,17
268,105751,9,1.26,1.73,67.9,2024-02-29 17:00:00,9.8,89,2,4.0,0,1,1005.91,184.4,23.9,8.03,2024-02-29 14:00:00,10.7,95.0,2.0,2.0,1.0,1.0,1004.32,883.0,0 days 03:00:00,17
269,105752,10,1.73,2.12,64.4,2024-02-29 17:00:00,9.8,89,2,4.0,0,1,1005.91,184.4,23.2,7.72,2024-02-29 14:00:00,10.7,95.0,2.0,2.0,1.0,1.0,1004.32,883.0,0 days 03:00:00,17
270,105763,6,0.0,0.0,63.6,2024-02-29 20:00:00,8.8,87,0,6.0,0,1,1009.61,0.0,0.3,1.27,2024-02-29 17:00:00,9.8,89.0,2.0,4.0,0.0,1.0,1005.91,184.4,0 days 03:00:00,20
271,105764,7,0.0,0.0,64.2,2024-02-29 20:00:00,8.8,87,0,6.0,0,1,1009.61,0.0,0.4,1.47,2024-02-29 17:00:00,9.8,89.0,2.0,4.0,0.0,1.0,1005.91,184.4,0 days 03:00:00,20
272,105765,8,0.0,0.0,63.5,2024-02-29 20:00:00,8.8,87,0,6.0,0,1,1009.61,0.0,0.3,1.38,2024-02-29 17:00:00,9.8,89.0,2.0,4.0,0.0,1.0,1005.91,184.4,0 days 03:00:00,20
273,105766,9,0.0,0.0,68.2,2024-02-29 20:00:00,8.8,87,0,6.0,0,1,1009.61,0.0,0.3,1.26,2024-02-29 17:00:00,9.8,89.0,2.0,4.0,0.0,1.0,1005.91,184.4,0 days 03:00:00,20
274,105767,10,0.0,0.0,64.7,2024-02-29 20:00:00,8.8,87,0,6.0,0,1,1009.61,0.0,0.3,1.73,2024-02-29 17:00:00,9.8,89.0,2.0,4.0,0.0,1.0,1005.91,184.4,0 days 03:00:00,20
290,105823,6,9.55,9.8,5.3,2024-03-01 08:00:00,8.1,70,2,0.4,-1,1,1013.97,378.8,5.3,0.0,2024-03-01 05:00:00,7.3,70.0,2.0,2.0,-1.0,1.0,1012.26,0.0,0 days 03:00:00,8
291,105824,7,9.64,9.88,5.3,2024-03-01 08:00:00,8.1,70,2,0.4,-1,1,1013.97,378.8,5.3,0.0,2024-03-01 05:00:00,7.3,70.0,2.0,2.0,-1.0,1.0,1012.26,0.0,0 days 03:00:00,8
292,105825,8,9.61,9.98,5.4,2024-03-01 08:00:00,8.1,70,2,0.4,-1,1,1013.97,378.8,5.4,0.0,2024-03-01 05:00:00,7.3,70.0,2.0,2.0,-1.0,1.0,1012.26,0.0,0 days 03:00:00,8
293,105826,9,10.41,10.87,5.8,2024-03-01 08:00:00,8.1,70,2,0.4,-1,1,1013.97,378.8,5.8,0.0,2024-03-01 05:00:00,7.3,70.0,2.0,2.0,-1.0,1.0,1012.26,0.0,0 days 03:00:00,8
294,105827,10,9.73,9.97,5.4,2024-03-01 08:00:00,8.1,70,2,0.4,-1,1,1013.97,378.8,5.4,0.0,2024-03-01 05:00:00,7.3,70.0,2.0,2.0,-1.0,1.0,1012.26,0.0,0 days 03:00:00,8
295,105838,6,9.13,9.53,40.6,2024-03-01 11:00:00,10.2,61,4,0.0,0,1,1014.37,965.5,35.3,9.55,2024-03-01 08:00:00,8.1,70.0,2.0,0.4,-1.0,1.0,1013.97,378.8,0 days 03:00:00,11
296,105839,7,10.26,10.55,40.8,2024-03-01 11:00:00,10.2,61,4,0.0,0,1,1014.37,965.5,35.5,9.64,2024-03-01 08:00:00,8.1,70.0,2.0,0.4,-1.0,1.0,1013.97,378.8,0 days 03:00:00,11
297,105840,8,9.83,10.11,40.4,2024-03-01 11:00:00,10.2,61,4,0.0,0,1,1014.37,965.5,35.0,9.61,2024-03-01 08:00:00,8.1,70.0,2.0,0.4,-1.0,1.0,1013.97,378.8,0 days 03:00:00,11
298,105841,9,11.62,11.86,44.3,2024-03-01 11:00:00,10.2,61,4,0.0,0,1,1014.37,965.5,38.5,10.41,2024-03-01 08:00:00,8.1,70.0,2.0,0.4,-1.0,1.0,1013.97,378.8,0 days 03:00:00,11
299,105842,10,10.24,10.48,40.6,2024-03-01 11:00:00,10.2,61,4,0.0,0,1,1014.37,965.5,35.2,9.73,2024-03-01 08:00:00,8.1,70.0,2.0,0.4,-1.0,1.0,1013.97,378.8,0 days 03:00:00,11
300,105853,6,16.43,16.73,77.2,2024-03-01 14:00:00,9.1,65,3,0.0,0,1,1011.86,883.0,36.6,9.13,2024-03-01 11:00:00,10.2,61.0,4.0,0.0,0.0,1.0,1014.37,965.5,0 days 03:00:00,14
301,105854,7,18.01,18.35,77.6,2024-03-01 14:00:00,9.1,65,3,0.0,0,1,1011.86,883.0,36.8,10.26,2024-03-01 11:00:00,10.2,61.0,4.0,0.0,0.0,1.0,1014.37,965.5,0 days 03:00:00,14
302,105855,8,18.04,18.39,76.9,2024-03-01 14:00:00,9.1,65,3,0.0,0,1,1011.86,883.0,36.5,9.83,2024-03-01 11:00:00,10.2,61.0,4.0,0.0,0.0,1.0,1014.37,965.5,0 days 03:00:00,14
303,105856,9,19.66,19.97,84.4,2024-03-01 14:00:00,9.1,65,3,0.0,0,1,1011.86,883.0,40.1,11.62,2024-03-01 11:00:00,10.2,61.0,4.0,0.0,0.0,1.0,1014.37,965.5,0 days 03:00:00,14
304,105857,10,17.02,17.35,77.4,2024-03-01 14:00:00,9.1,65,3,0.0,0,1,1011.86,883.0,36.8,10.24,2024-03-01 11:00:00,10.2,61.0,4.0,0.0,0.0,1.0,1014.37,965.5,0 days 03:00:00,14
305,105868,6,1.75,2.18,97.3,2024-03-01 17:00:00,7.8,76,1,0.0,1,1,1013.31,185.0,20.1,16.43,2024-03-01 14:00:00,9.1,65.0,3.0,0.0,0.0,1.0,1011.86,883.0,0 days 03:00:00,17
306,105869,7,1.94,2.1,98.3,2024-03-01 17:00:00,7.8,76,1,0.0,1,1,1013.31,185.0,20.7,18.01,2024-03-01 14:00:00,9.1,65.0,3.0,0.0,0.0,1.0,1011.86,883.0,0 days 03:00:00,17
307,105870,8,1.87,2.17,97.5,2024-03-01 17:00:00,7.8,76,1,0.0,1,1,1013.31,185.0,20.6,18.04,2024-03-01 14:00:00,9.1,65.0,3.0,0.0,0.0,1.0,1011.86,883.0,0 days 03:00:00,17
308,105871,9,1.02,1.42,106.4,2024-03-01 17:00:00,7.8,76,1,0.0,1,1,1013.31,185.0,22.0,19.66,2024-03-01 14:00:00,9.1,65.0,3.0,0.0,0.0,1.0,1011.86,883.0,0 days 03:00:00,17
309,105872,10,1.96,2.22,97.9,2024-03-01 17:00:00,7.8,76,1,0.0,1,1,1013.31,185.0,20.5,17.02,2024-03-01 14:00:00,9.1,65.0,3.0,0.0,0.0,1.0,1011.86,883.0,0 days 03:00:00,17
310,105883,6,0.0,0.0,97.6,2024-03-01 20:00:00,6.7,70,2,0.1,-1,1,1015.3,0.0,0.3,1.75,2024-03-01 17:00:00,7.8,76.0,1.0,0.0,1.0,1.0,1013.31,185.0,0 days 03:00:00,20
311,105884,7,0.0,0.0,98.6,2024-03-01 20:00:00,6.7,70,2,0.1,-1,1,1015.3,0.0,0.3,1.94,2024-03-01 17:00:00,7.8,76.0,1.0,0.0,1.0,1.0,1013.31,185.0,0 days 03:00:00,20
312,105885,8,0.0,0.0,97.8,2024-03-01 20:00:00,6.7,70,2,0.1,-1,1,1015.3,0.0,0.3,1.87,2024-03-01 17:00:00,7.8,76.0,1.0,0.0,1.0,1.0,1013.31,185.0,0 days 03:00:00,20
313,105886,9,0.0,0.0,106.6,2024-03-01 20:00:00,6.7,70,2,0.1,-1,1,1015.3,0.0,0.2,1.02,2024-03-01 17:00:00,7.8,76.0,1.0,0.0,1.0,1.0,1013.31,185.0,0 days 03:00:00,20
314,105887,10,0.0,0.0,98.1,2024-03-01 20:00:00,6.7,70,2,0.1,-1,1,1015.3,0.0,0.2,1.96,2024-03-01 17:00:00,7.8,76.0,1.0,0.0,1.0,1.0,1013.31,185.0,0 days 03:00:00,20
330,105943,6,17.68,18.0,13.9,2024-03-02 08:00:00,5.2,67,1,0.0,0,-1,1015.43,380.7,13.9,0.0,2024-03-02 05:00:00,3.5,73.0,2.0,0.1,-1.0,1.0,1013.05,0.0,0 days 03:00:00,8
331,105944,7,18.25,18.56,13.9,2024-03-02 08:00:00,5.2,67,1,0.0,0,-1,1015.43,380.7,13.9,0.0,2024-03-02 05:00:00,3.5,73.0,2.0,0.1,-1.0,1.0,1013.05,0.0,0 days 03:00:00,8
332,105945,8,18.11,18.48,14.9,2024-03-02 08:00:00,5.2,67,1,0.0,0,-1,1015.43,380.7,14.9,0.0,2024-03-02 05:00:00,3.5,73.0,2.0,0.1,-1.0,1.0,1013.05,0.0,0 days 03:00:00,8
333,105946,9,19.98,20.31,16.9,2024-03-02 08:00:00,5.2,67,1,0.0,0,-1,1015.43,380.7,16.9,0.0,2024-03-02 05:00:00,3.5,73.0,2.0,0.1,-1.0,1.0,1013.05,0.0,0 days 03:00:00,8
334,105947,10,17.51,17.83,12.6,2024-03-02 08:00:00,5.2,67,1,0.0,0,-1,1015.43,380.7,12.6,0.0,2024-03-02 05:00:00,3.5,73.0,2.0,0.1,-1.0,1.0,1013.05,0.0,0 days 03:00:00,8
335,105958,6,39.64,40.16,117.9,2024-03-02 11:00:00,7.6,60,2,0.0,1,0,1014.24,966.2,104.0,17.68,2024-03-02 08:00:00,5.2,67.0,1.0,0.0,0.0,-1.0,1015.43,380.7,0 days 03:00:00,11
336,105959,7,39.35,39.87,118.4,2024-03-02 11:00:00,7.6,60,2,0.0,1,0,1014.24,966.2,104.5,18.25,2024-03-02 08:00:00,5.2,67.0,1.0,0.0,0.0,-1.0,1015.43,380.7,0 days 03:00:00,11
337,105960,8,39.12,39.63,118.9,2024-03-02 11:00:00,7.6,60,2,0.0,1,0,1014.24,966.2,104.0,18.11,2024-03-02 08:00:00,5.2,67.0,1.0,0.0,0.0,-1.0,1015.43,380.7,0 days 03:00:00,11
338,105961,9,42.78,43.34,133.0,2024-03-02 11:00:00,7.6,60,2,0.0,1,0,1014.24,966.2,116.1,19.98,2024-03-02 08:00:00,5.2,67.0,1.0,0.0,0.0,-1.0,1015.43,380.7,0 days 03:00:00,11
339,105962,10,40.13,40.65,114.5,2024-03-02 11:00:00,7.6,60,2,0.0,1,0,1014.24,966.2,101.9,17.51,2024-03-02 08:00:00,5.2,67.0,1.0,0.0,0.0,-1.0,1015.43,380.7,0 days 03:00:00,11
340,105973,6,36.46,36.95,266.3,2024-03-02 14:00:00,8.3,56,2,0.0,1,-1,1011.07,883.0,148.4,39.64,2024-03-02 11:00:00,7.6,60.0,2.0,0.0,1.0,0.0,1014.24,966.2,0 days 03:00:00,14
341,105974,7,35.42,35.91,270.3,2024-03-02 14:00:00,8.3,56,2,0.0,1,-1,1011.07,883.0,151.9,39.35,2024-03-02 11:00:00,7.6,60.0,2.0,0.0,1.0,0.0,1014.24,966.2,0 days 03:00:00,14
342,105975,8,36.44,36.93,268.4,2024-03-02 14:00:00,8.3,56,2,0.0,1,-1,1011.07,883.0,149.5,39.12,2024-03-02 11:00:00,7.6,60.0,2.0,0.0,1.0,0.0,1014.24,966.2,0 days 03:00:00,14
343,105976,9,37.3,37.85,299.2,2024-03-02 14:00:00,8.3,56,2,0.0,1,-1,1011.07,883.0,166.2,42.78,2024-03-02 11:00:00,7.6,60.0,2.0,0.0,1.0,0.0,1014.24,966.2,0 days 03:00:00,14
344,105977,10,36.32,36.8,261.7,2024-03-02 14:00:00,8.3,56,2,0.0,1,-1,1011.07,883.0,147.2,40.13,2024-03-02 11:00:00,7.6,60.0,2.0,0.0,1.0,0.0,1014.24,966.2,0 days 03:00:00,14
345,105988,6,3.84,4.32,323.2,2024-03-02 17:00:00,6.9,58,2,0.0,1,0,1010.01,185.6,56.9,36.46,2024-03-02 14:00:00,8.3,56.0,2.0,0.0,1.0,-1.0,1011.07,883.0,0 days 03:00:00,17
346,105989,7,4.5,4.86,326.5,2024-03-02 17:00:00,6.9,58,2,0.0,1,0,1010.01,185.6,56.2,35.42,2024-03-02 14:00:00,8.3,56.0,2.0,0.0,1.0,-1.0,1011.07,883.0,0 days 03:00:00,17
347,105990,8,4.07,4.34,325.7,2024-03-02 17:00:00,6.9,58,2,0.0,1,0,1010.01,185.6,57.3,36.44,2024-03-02 14:00:00,8.3,56.0,2.0,0.0,1.0,-1.0,1011.07,883.0,0 days 03:00:00,17
348,105991,9,4.57,5.01,359.0,2024-03-02 17:00:00,6.9,58,2,0.0,1,0,1010.01,185.6,59.8,37.3,2024-03-02 14:00:00,8.3,56.0,2.0,0.0,1.0,-1.0,1011.07,883.0,0 days 03:00:00,17
349,105992,10,3.99,4.36,318.7,2024-03-02 17:00:00,6.9,58,2,0.0,1,0,1010.01,185.6,57.0,36.32,2024-03-02 14:00:00,8.3,56.0,2.0,0.0,1.0,-1.0,1011.07,883.0,0 days 03:00:00,17
350,106003,6,0.0,0.0,325.4,2024-03-02 20:00:00,6.2,66,1,0.0,1,-1,1011.59,0.0,2.2,3.84,2024-03-02 17:00:00,6.9,58.0,2.0,0.0,1.0,0.0,1010.01,185.6,0 days 03:00:00,20
351,106004,7,0.0,0.0,328.9,2024-03-02 20:00:00,6.2,66,1,0.0,1,-1,1011.59,0.0,2.4,4.5,2024-03-02 17:00:00,6.9,58.0,2.0,0.0,1.0,0.0,1010.01,185.6,0 days 03:00:00,20
352,106005,8,0.0,0.0,328.0,2024-03-02 20:00:00,6.2,66,1,0.0,1,-1,1011.59,0.0,2.3,4.07,2024-03-02 17:00:00,6.9,58.0,2.0,0.0,1.0,0.0,1010.01,185.6,0 days 03:00:00,20
353,106006,9,0.0,0.0,361.5,2024-03-02 20:00:00,6.2,66,1,0.0,1,-1,1011.59,0.0,2.5,4.57,2024-03-02 17:00:00,6.9,58.0,2.0,0.0,1.0,0.0,1010.01,185.6,0 days 03:00:00,20
354,106007,10,0.0,0.0,321.0,2024-03-02 20:00:00,6.2,66,1,0.0,1,-1,1011.59,0.0,2.3,3.99,2024-03-02 17:00:00,6.9,58.0,2.0,0.0,1.0,0.0,1010.01,185.6,0 days 03:00:00,20
370,106063,6,24.71,25.15,18.8,2024-03-03 08:00:00,4.8,82,2,0.0,-1,-1,1010.67,382.6,18.8,0.0,2024-03-03 05:00:00,3.0,89.0,2.0,0.0,-1.0,0.0,1009.48,0.0,0 days 03:00:00,8
371,106064,7,25.02,25.43,19.4,2024-03-03 08:00:00,4.8,82,2,0.0,-1,-1,1010.67,382.6,19.4,0.0,2024-03-03 05:00:00,3.0,89.0,2.0,0.0,-1.0,0.0,1009.48,0.0,0 days 03:00:00,8
372,106065,8,26.02,26.45,20.8,2024-03-03 08:00:00,4.8,82,2,0.0,-1,-1,1010.67,382.6,20.8,0.0,2024-03-03 05:00:00,3.0,89.0,2.0,0.0,-1.0,0.0,1009.48,0.0,0 days 03:00:00,8
373,106066,9,28.67,29.08,25.4,2024-03-03 08:00:00,4.8,82,2,0.0,-1,-1,1010.67,382.6,25.4,0.0,2024-03-03 05:00:00,3.0,89.0,2.0,0.0,-1.0,0.0,1009.48,0.0,0 days 03:00:00,8
374,106067,10,23.69,24.1,15.4,2024-03-03 08:00:00,4.8,82,2,0.0,-1,-1,1010.67,382.6,15.4,0.0,2024-03-03 05:00:00,3.0,89.0,2.0,0.0,-1.0,0.0,1009.48,0.0,0 days 03:00:00,8
375,106078,6,103.45,105.44,159.9,2024-03-03 11:00:00,11.4,49,1,0.0,0,-1,1010.67,966.9,141.1,24.71,2024-03-03 08:00:00,4.8,82.0,2.0,0.0,-1.0,-1.0,1010.67,382.6,0 days 03:00:00,11
376,106079,7,73.85,76.41,165.8,2024-03-03 11:00:00,11.4,49,1,0.0,0,-1,1010.67,966.9,146.4,25.02,2024-03-03 08:00:00,4.8,82.0,2.0,0.0,-1.0,-1.0,1010.67,382.6,0 days 03:00:00,11
377,106080,8,89.86,91.48,161.7,2024-03-03 11:00:00,11.4,49,1,0.0,0,-1,1010.67,966.9,140.9,26.02,2024-03-03 08:00:00,4.8,82.0,2.0,0.0,-1.0,-1.0,1010.67,382.6,0 days 03:00:00,11
378,106081,9,67.46,68.45,192.4,2024-03-03 11:00:00,11.4,49,1,0.0,0,-1,1010.67,966.9,167.0,28.67,2024-03-03 08:00:00,4.8,82.0,2.0,0.0,-1.0,-1.0,1010.67,382.6,0 days 03:00:00,11
379,106082,10,68.45,69.39,149.7,2024-03-03 11:00:00,11.4,49,1,0.0,0,-1,1010.67,966.9,134.3,23.69,2024-03-03 08:00:00,4.8,82.0,2.0,0.0,-1.0,-1.0,1010.67,382.6,0 days 03:00:00,11
380,106093,6,84.5,85.63,359.7,2024-03-03 14:00:00,13.1,40,3,0.0,1,0,1007.36,882.9,199.8,103.45,2024-03-03 11:00:00,11.4,49.0,1.0,0.0,0.0,-1.0,1010.67,966.9,0 days 03:00:00,14
381,106094,7,85.72,86.82,364.3,2024-03-03 14:00:00,13.1,40,3,0.0,1,0,1007.36,882.9,198.5,73.85,2024-03-03 11:00:00,11.4,49.0,1.0,0.0,0.0,-1.0,1010.67,966.9,0 days 03:00:00,14
382,106095,8,79.92,81.33,367.4,2024-03-03 14:00:00,13.1,40,3,0.0,1,0,1007.36,882.9,205.7,89.86,2024-03-03 11:00:00,11.4,49.0,1.0,0.0,0.0,-1.0,1010.67,966.9,0 days 03:00:00,14
383,106096,9,92.73,93.96,412.7,2024-03-03 14:00:00,13.1,40,3,0.0,1,0,1007.36,882.9,220.3,67.46,2024-03-03 11:00:00,11.4,49.0,1.0,0.0,0.0,-1.0,1010.67,966.9,0 days 03:00:00,14
384,106097,10,80.98,82.06,335.6,2024-03-03 14:00:00,13.1,40,3,0.0,1,0,1007.36,882.9,185.9,68.45,2024-03-03 11:00:00,11.4,49.0,1.0,0.0,0.0,-1.0,1010.67,966.9,0 days 03:00:00,14
385,106108,6,7.46,7.95,487.4,2024-03-03 17:00:00,11.0,57,3,0.0,1,0,1006.97,186.1,127.7,84.5,2024-03-03 14:00:00,13.1,40.0,3.0,0.0,1.0,0.0,1007.36,882.9,0 days 03:00:00,17
386,106109,7,7.5,7.77,493.1,2024-03-03 17:00:00,11.0,57,3,0.0,1,0,1006.97,186.1,128.8,85.72,2024-03-03 14:00:00,13.1,40.0,3.0,0.0,1.0,0.0,1007.36,882.9,0 days 03:00:00,17
387,106110,8,5.48,5.84,481.3,2024-03-03 17:00:00,11.0,57,3,0.0,1,0,1006.97,186.1,113.9,79.92,2024-03-03 14:00:00,13.1,40.0,3.0,0.0,1.0,0.0,1007.36,882.9,0 days 03:00:00,17
388,106111,9,7.05,7.5,550.2,2024-03-03 17:00:00,11.0,57,3,0.0,1,0,1006.97,186.1,137.5,92.73,2024-03-03 14:00:00,13.1,40.0,3.0,0.0,1.0,0.0,1007.36,882.9,0 days 03:00:00,17
389,106112,10,9.0,9.24,467.9,2024-03-03 17:00:00,11.0,57,3,0.0,1,0,1006.97,186.1,132.3,80.98,2024-03-03 14:00:00,13.1,40.0,3.0,0.0,1.0,0.0,1007.36,882.9,0 days 03:00:00,17
390,106123,6,0.0,0.0,489.8,2024-03-03 20:00:00,8.8,71,1,0.0,0,-1,1007.89,0.0,2.4,7.46,2024-03-03 17:00:00,11.0,57.0,3.0,0.0,1.0,0.0,1006.97,186.1,0 days 03:00:00,20
391,106124,7,0.0,0.0,495.4,2024-03-03 20:00:00,8.8,71,1,0.0,0,-1,1007.89,0.0,2.3,7.5,2024-03-03 17:00:00,11.0,57.0,3.0,0.0,1.0,0.0,1006.97,186.1,0 days 03:00:00,20
392,106125,8,0.0,0.0,483.4,2024-03-03 20:00:00,8.8,71,1,0.0,0,-1,1007.89,0.0,2.1,5.48,2024-03-03 17:00:00,11.0,57.0,3.0,0.0,1.0,0.0,1006.97,186.1,0 days 03:00:00,20
393,106126,9,0.0,0.0,552.7,2024-03-03 20:00:00,8.8,71,1,0.0,0,-1,1007.89,0.0,2.5,7.05,2024-03-03 17:00:00,11.0,57.0,3.0,0.0,1.0,0.0,1006.97,186.1,0 days 03:00:00,20
394,106127,10,0.0,0.0,471.0,2024-03-03 20:00:00,8.8,71,1,0.0,0,-1,1007.89,0.0,3.1,9.0,2024-03-03 17:00:00,11.0,57.0,3.0,0.0,1.0,0.0,1006.97,186.1,0 days 03:00:00,20
410,106183,6,3.7,4.24,0.9,2024-03-04 08:00:00,9.6,88,3,0.5,-1,0,1004.85,384.5,0.9,0.0,2024-03-04 05:00:00,9.6,76.0,2.0,0.0,-1.0,0.0,1004.72,0.0,0 days 03:00:00,8
411,106184,7,3.8,3.99,0.9,2024-03-04 08:00:00,9.6,88,3,0.5,-1,0,1004.85,384.5,0.9,0.0,2024-03-04 05:00:00,9.6,76.0,2.0,0.0,-1.0,0.0,1004.72,0.0,0 days 03:00:00,8
412,106185,8,3.8,4.19,0.9,2024-03-04 08:00:00,9.6,88,3,0.5,-1,0,1004.85,384.5,0.9,0.0,2024-03-04 05:00:00,9.6,76.0,2.0,0.0,-1.0,0.0,1004.72,0.0,0 days 03:00:00,8
413,106186,9,4.02,4.39,0.8,2024-03-04 08:00:00,9.6,88,3,0.5,-1,0,1004.85,384.5,0.8,0.0,2024-03-04 05:00:00,9.6,76.0,2.0,0.0,-1.0,0.0,1004.72,0.0,0 days 03:00:00,8
414,106187,10,3.48,3.93,0.7,2024-03-04 08:00:00,9.6,88,3,0.5,-1,0,1004.85,384.5,0.7,0.0,2024-03-04 05:00:00,9.6,76.0,2.0,0.0,-1.0,0.0,1004.72,0.0,0 days 03:00:00,8
