,Real,Predicted,id
0,174.9,179.85997359841448,6
1,176.5,179.85997359841448,7
2,178.3,179.85997359841448,8
3,205.0,179.85997359841448,9
4,164.6,179.85997359841448,10
5,249.4,250.00023589671696,6
6,250.9,250.00023589671696,7
7,251.9,250.00023589671696,8
8,260.7,250.00023589671696,9
9,237.1,250.00023589671696,10
10,121.1,122.23989430557161,6
11,123.9,122.23989430557161,7
12,114.3,122.23989430557161,8
13,121.3,122.23989430557161,9
14,130.6,122.23989430557161,10
15,2.4,2.320337619963612,6
16,2.2,2.320337619963612,7
17,2.1,2.320337619963612,8
18,2.5,2.320337619963612,9
19,2.4,2.320337619963612,10
20,20.1,20.37935072229418,6
21,19.1,20.37935072229418,7
22,20.0,20.37935072229418,8
23,25.3,20.37935072229418,9
24,17.4,20.37935072229418,10
25,92.8,96.75985792183269,6
26,95.5,96.75985792183269,7
27,96.9,96.75985792183269,8
28,108.9,96.75985792183269,9
29,89.7,96.75985792183269,10
30,235.9,238.60015337821008,6
31,236.7,238.60015337821008,7
32,236.6,238.60015337821008,8
33,259.6,238.60015337821008,9
34,224.2,238.60015337821008,10
35,91.6,91.4405730186004,6
36,93.1,91.4405730186004,7
37,80.8,91.4405730186004,8
38,90.1,91.4405730186004,9
39,101.6,91.4405730186004,10
40,3.4,3.7609751517136822,6
41,3.5,3.7609751517136822,7
42,2.7,3.7609751517136822,8
43,3.0,3.7609751517136822,9
44,6.2,3.7609751517136822,10
45,17.6,17.96087171493739,6
46,18.2,17.96087171493739,7
47,18.0,17.96087171493739,8
48,19.0,17.96087171493739,9
49,17.0,17.96087171493739,10
50,92.8,95.32066269941596,6
51,94.3,95.32066269941596,7
52,94.7,95.32066269941596,8
53,103.7,95.32066269941596,9
54,91.1,95.32066269941596,10
55,116.2,117.39933097313246,6
56,116.7,117.39933097313246,7
57,117.1,117.39933097313246,8
58,122.6,117.39933097313246,9
59,114.4,117.39933097313246,10
60,52.9,53.90004834604796,6
61,53.4,53.90004834604796,7
62,52.5,53.90004834604796,8
63,57.1,53.90004834604796,9
64,53.6,53.90004834604796,10
65,7.6,7.5594721056131355,6
66,7.5,7.5594721056131355,7
67,6.9,7.5594721056131355,8
68,7.2,7.5594721056131355,9
69,8.6,7.5594721056131355,10
70,31.1,31.040109384193745,6
71,30.9,31.040109384193745,7
72,30.5,31.040109384193745,8
73,38.9,31.040109384193745,9
74,23.8,31.040109384193745,10
75,190.0,196.01947021281663,6
76,192.6,196.01947021281663,7
77,196.1,196.01947021281663,8
78,230.9,196.01947021281663,9
79,170.5,196.01947021281663,10
80,206.5,216.540705283338,6
81,211.9,216.540705283338,7
82,213.0,216.540705283338,8
83,251.5,216.540705283338,9
84,199.8,216.540705283338,10
85,114.7,115.84027046750968,6
86,116.3,115.84027046750968,7
87,111.6,115.84027046750968,8
88,117.8,115.84027046750968,9
89,118.8,115.84027046750968,10
90,3.6,3.578967405576025,6
91,3.5,3.578967405576025,7
92,3.5,3.578967405576025,8
93,3.5,3.578967405576025,9
94,3.8,3.578967405576025,10
95,30.8,31.73951527073636,6
96,31.3,31.73951527073636,7
97,33.0,31.73951527073636,8
98,38.7,31.73951527073636,9
99,24.9,31.73951527073636,10
100,146.6,150.1995451803511,6
101,149.6,150.1995451803511,7
102,146.8,150.1995451803511,8
103,174.7,150.1995451803511,9
104,133.3,150.1995451803511,10
105,242.0,245.8995277568664,6
106,244.9,245.8995277568664,7
107,249.5,245.8995277568664,8
108,266.6,245.8995277568664,9
109,226.5,245.8995277568664,10
110,120.9,121.98066873206345,6
111,121.9,121.98066873206345,7
112,114.3,121.98066873206345,8
113,123.5,121.98066873206345,9
114,129.3,121.98066873206345,10
115,3.9,4.10181283782182,6
116,3.8,4.10181283782182,7
117,2.9,4.10181283782182,8
118,3.6,4.10181283782182,9
119,6.3,4.10181283782182,10
120,32.8,34.77749945332728,6
121,34.0,34.77749945332728,7
122,34.7,34.77749945332728,8
123,47.9,34.77749945332728,9
124,24.5,34.77749945332728,10
125,188.2,191.42134961047387,6
126,190.5,191.42134961047387,7
127,193.5,191.42134961047387,8
128,220.0,191.42134961047387,9
129,164.9,191.42134961047387,10
130,249.0,251.85954901666167,6
131,251.4,251.85954901666167,7
132,253.2,251.85954901666167,8
133,270.4,251.85954901666167,9
134,235.3,251.85954901666167,10
135,128.1,128.8388112676021,6
136,131.1,128.8388112676021,7
137,119.2,128.8388112676021,8
138,129.0,128.8388112676021,9
139,136.8,128.8388112676021,10
140,4.8,4.678918927630731,6
141,4.3,4.678918927630731,7
142,3.8,4.678918927630731,8
143,4.4,4.678918927630731,9
144,6.1,4.678918927630731,10
145,31.0,31.340074128583726,6
146,30.7,31.340074128583726,7
147,31.3,31.340074128583726,8
148,38.7,31.340074128583726,9
149,25.0,31.340074128583726,10
150,179.1,181.98025484164293,6
151,180.6,181.98025484164293,7
152,182.5,181.98025484164293,8
153,208.9,181.98025484164293,9
154,158.8,181.98025484164293,10
155,206.0,211.39993544528735,6
156,212.8,211.39993544528735,7
157,210.4,211.39993544528735,8
158,231.1,211.39993544528735,9
159,196.7,211.39993544528735,10
160,111.6,111.81996858052027,6
161,110.1,111.81996858052027,7
162,110.1,111.81996858052027,8
163,113.1,111.81996858052027,9
164,114.2,111.81996858052027,10
165,3.6,3.7994275119612717,6
166,3.6,3.7994275119612717,7
167,3.7,3.7994275119612717,8
168,3.9,3.7994275119612717,9
169,4.2,3.7994275119612717,10
170,29.8,29.29976945212771,6
171,28.8,29.29976945212771,7
172,30.3,29.29976945212771,8
173,33.0,29.29976945212771,9
174,24.6,29.29976945212771,10
175,194.7,200.39991753522247,6
176,201.5,200.39991753522247,7
177,199.2,200.39991753522247,8
178,229.9,200.39991753522247,9
179,176.7,200.39991753522247,10
180,241.4,243.6206001655503,6
181,242.6,243.6206001655503,7
182,246.2,243.6206001655503,8
183,261.9,243.6206001655503,9
184,226.0,243.6206001655503,10
185,111.5,113.73991054331309,6
186,114.2,113.73991054331309,7
187,111.1,113.73991054331309,8
188,116.4,113.73991054331309,9
189,115.5,113.73991054331309,10
190,2.0,2.0798121763381743,6
191,2.1,2.0798121763381743,7
192,2.2,2.0798121763381743,8
193,2.0,2.0798121763381743,9
194,2.1,2.0798121763381743,10
195,28.2,29.24091248731222,6
196,28.8,29.24091248731222,7
197,30.1,29.24091248731222,8
198,34.1,29.24091248731222,9
199,25.0,29.24091248731222,10
200,105.6,106.4196590330307,6
201,105.9,106.4196590330307,7
202,105.8,106.4196590330307,8
203,115.7,106.4196590330307,9
204,99.1,106.4196590330307,10
205,111.7,113.26051913550295,6
206,112.6,113.26051913550295,7
207,111.0,113.26051913550295,8
208,121.2,113.26051913550295,9
209,109.8,113.26051913550295,10
210,62.0,62.62029565715969,6
211,62.5,62.62029565715969,7
212,61.2,62.62029565715969,8
213,65.9,62.62029565715969,9
214,61.5,62.62029565715969,10
215,2.0,2.1193217180600774,6
216,2.2,2.1193217180600774,7
217,2.2,2.1193217180600774,8
218,2.1,2.1193217180600774,9
219,2.1,2.1193217180600774,10
220,16.0,16.199754603416707,6
221,15.4,16.199754603416707,7
222,16.1,16.199754603416707,8
223,18.3,16.199754603416707,9
224,15.2,16.199754603416707,10
225,132.7,138.9199764560855,6
226,135.6,138.9199764560855,7
227,135.9,138.9199764560855,8
228,168.3,138.9199764560855,9
229,122.1,138.9199764560855,10
230,70.7,72.79920301788945,6
231,71.5,72.79920301788945,7
232,71.2,72.79920301788945,8
233,80.9,72.79920301788945,9
234,69.7,72.79920301788945,10
235,20.0,20.739787374468715,6
236,20.4,20.739787374468715,7
237,20.0,20.739787374468715,8
238,23.3,20.739787374468715,9
239,20.0,20.739787374468715,10
240,1.3,1.4004892755670397,6
241,1.4,1.4004892755670397,7
242,1.4,1.4004892755670397,8
243,1.6,1.4004892755670397,9
244,1.3,1.4004892755670397,10
245,31.9,34.4018154005867,6
246,32.4,34.4018154005867,7
247,33.5,34.4018154005867,8
248,49.4,34.4018154005867,9
249,24.8,34.4018154005867,10
250,176.2,186.058471056198,6
251,178.8,186.058471056198,7
252,177.9,186.058471056198,8
253,239.8,186.058471056198,9
254,157.6,186.058471056198,10
255,200.1,208.14064408677174,6
256,203.7,208.14064408677174,7
257,202.5,208.14064408677174,8
258,247.3,208.14064408677174,9
259,187.1,208.14064408677174,10
260,109.3,113.28107093653216,6
261,111.4,113.28107093653216,7
262,100.3,113.28107093653216,8
263,127.5,113.28107093653216,9
264,117.9,113.28107093653216,10
265,2.1,2.342109542279691,6
266,2.0,2.342109542279691,7
267,1.6,2.342109542279691,8
268,2.4,2.342109542279691,9
269,3.6,2.342109542279691,10
270,27.9,29.96141316840253,6
271,27.5,29.96141316840253,7
272,28.3,29.96141316840253,8
273,45.6,29.96141316840253,9
274,20.5,29.96141316840253,10
275,159.3,167.9000376058738,6
276,163.8,167.9000376058738,7
277,160.3,167.9000376058738,8
278,216.6,167.9000376058738,9
279,139.5,167.9000376058738,10
280,209.4,220.09939377354587,6
281,211.7,220.09939377354587,7
282,214.3,220.09939377354587,8
283,264.2,220.09939377354587,9
284,200.9,220.09939377354587,10
285,109.0,110.59918080583655,6
286,108.9,110.59918080583655,7
287,99.0,110.59918080583655,8
288,123.9,110.59918080583655,9
289,112.2,110.59918080583655,10
290,2.5,2.459827623736953,6
291,2.5,2.459827623736953,7
292,2.1,2.459827623736953,8
293,2.4,2.459827623736953,9
294,2.8,2.459827623736953,10
295,28.2,30.279437127338117,6
296,28.4,30.279437127338117,7
297,30.2,30.279437127338117,8
298,41.5,30.279437127338117,9
299,23.1,30.279437127338117,10
300,150.6,157.94092295524652,6
301,151.5,157.94092295524652,7
302,152.6,157.94092295524652,8
303,201.8,157.94092295524652,9
304,133.2,157.94092295524652,10
305,212.1,220.6399902108213,6
306,216.7,220.6399902108213,7
307,213.2,220.6399902108213,8
308,264.7,220.6399902108213,9
309,196.5,220.6399902108213,10
310,91.9,94.28003002056496,6
311,91.1,94.28003002056496,7
312,82.3,94.28003002056496,8
313,108.1,94.28003002056496,9
314,98.0,94.28003002056496,10
315,1.8,1.8799328183282766,6
316,1.7,1.8799328183282766,7
317,1.6,1.8799328183282766,8
318,2.4,1.8799328183282766,9
319,1.9,1.8799328183282766,10
320,28.0,29.619865047050297,6
321,27.7,29.619865047050297,7
322,29.5,29.619865047050297,8
323,42.0,29.619865047050297,9
324,20.9,29.619865047050297,10
325,159.3,168.28000085530795,6
326,162.3,168.28000085530795,7
327,161.2,168.28000085530795,8
328,218.1,168.28000085530795,9
329,140.5,168.28000085530795,10
330,202.3,211.7404526160368,6
331,206.7,211.7404526160368,7
332,205.7,211.7404526160368,8
333,252.7,211.7404526160368,9
334,191.3,211.7404526160368,10
335,103.4,104.19980885647207,6
336,101.4,104.19980885647207,7
337,91.1,104.19980885647207,8
338,118.4,104.19980885647207,9
339,106.7,104.19980885647207,10
340,2.2,2.4986633425067266,6
341,2.3,2.4986633425067266,7
342,1.9,2.4986633425067266,8
343,2.8,2.4986633425067266,9
344,3.3,2.4986633425067266,10
345,21.3,22.7182924887944,6
346,21.7,22.7182924887944,7
347,22.3,22.7182924887944,8
348,30.7,22.7182924887944,9
349,17.6,22.7182924887944,10
350,149.9,158.31941865427387,6
351,151.4,158.31941865427387,7
352,150.1,158.31941865427387,8
353,206.3,158.31941865427387,9
354,133.9,158.31941865427387,10
355,198.5,205.52034961765514,6
356,201.1,205.52034961765514,7
357,199.8,205.52034961765514,8
358,243.5,205.52034961765514,9
359,184.7,205.52034961765514,10
360,101.1,104.16007992268464,6
361,101.6,104.16007992268464,7
362,91.4,104.16007992268464,8
363,119.1,104.16007992268464,9
364,107.6,104.16007992268464,10
365,1.4,1.5212143299920382,6
366,1.3,1.5212143299920382,7
367,1.3,1.5212143299920382,8
368,1.9,1.5212143299920382,9
369,1.7,1.5212143299920382,10
370,25.6,28.262302444552702,6
371,25.8,28.262302444552702,7
372,28.0,28.262302444552702,8
373,42.3,28.262302444552702,9
374,19.6,28.262302444552702,10
375,152.7,159.56007966023145,6
376,154.3,159.56007966023145,7
377,150.5,159.56007966023145,8
378,204.8,159.56007966023145,9
379,135.5,159.56007966023145,10
380,196.5,204.499287318972,6
381,199.2,204.499287318972,7
382,201.6,204.499287318972,8
383,242.4,204.499287318972,9
384,182.8,204.499287318972,10
385,103.6,105.64033027310091,6
386,104.5,105.64033027310091,7
387,90.5,105.64033027310091,8
388,120.0,105.64033027310091,9
389,109.6,105.64033027310091,10
390,2.1,2.2582702737139675,6
391,2.1,2.2582702737139675,7
392,1.4,2.2582702737139675,8
393,2.2,2.2582702737139675,9
394,3.5,2.2582702737139675,10
395,25.5,27.82049064155044,6
396,26.5,27.82049064155044,7
397,27.3,27.82049064155044,8
398,41.0,27.82049064155044,9
399,18.8,27.82049064155044,10
400,153.5,160.9403903982061,6
401,156.4,160.9403903982061,7
402,154.2,160.9403903982061,8
403,205.9,160.9403903982061,9
404,134.7,160.9403903982061,10
405,201.3,211.4599824920259,6
406,203.6,211.4599824920259,7
407,205.5,211.4599824920259,8
408,256.6,211.4599824920259,9
409,190.3,211.4599824920259,10
410,104.4,105.51956138299629,6
411,104.9,105.51956138299629,7
412,94.5,105.51956138299629,8
413,117.5,105.51956138299629,9
414,106.3,105.51956138299629,10
415,1.6,1.8998153397805058,6
416,2.0,1.8998153397805058,7
417,1.4,1.8998153397805058,8
418,2.0,1.8998153397805058,9
419,2.5,1.8998153397805058,10
420,3.6,3.500022128799329,6
421,3.4,3.500022128799329,7
422,3.5,3.500022128799329,8
423,3.6,3.500022128799329,9
424,3.4,3.500022128799329,10
425,43.6,43.719756272401064,6
426,43.7,43.719756272401064,7
427,42.6,43.719756272401064,8
428,45.0,43.719756272401064,9
429,43.7,43.719756272401064,10
430,102.0,103.25975486477863,6
431,102.2,103.25975486477863,7
432,103.5,103.25975486477863,8
433,104.8,103.25975486477863,9
434,103.8,103.25975486477863,10
435,53.4,54.080159048507,6
436,54.0,54.080159048507,7
437,53.1,54.080159048507,8
438,56.1,54.080159048507,9
439,53.8,54.080159048507,10
440,3.1,3.2197957570691362,6
441,3.1,3.2197957570691362,7
442,3.0,3.2197957570691362,8
443,3.4,3.2197957570691362,9
444,3.5,3.2197957570691362,10
445,31.6,32.758787608345344,6
446,31.8,32.758787608345344,7
447,33.0,32.758787608345344,8
448,43.3,32.758787608345344,9
449,24.1,32.758787608345344,10
450,209.0,211.01849812150152,6
451,209.3,211.01849812150152,7
452,210.7,211.01849812150152,8
453,247.2,211.01849812150152,9
454,178.9,211.01849812150152,10
455,249.7,255.37999939256747,6
456,255.2,255.37999939256747,7
457,254.8,255.37999939256747,8
458,275.6,255.37999939256747,9
459,241.6,255.37999939256747,10
460,119.0,117.19960871227286,6
461,118.6,117.19960871227286,7
462,104.4,117.19960871227286,8
463,118.7,117.19960871227286,9
464,125.3,117.19960871227286,10
465,2.2,2.1000590527929037,6
466,1.9,2.1000590527929037,7
467,1.6,2.1000590527929037,8
468,2.0,2.1000590527929037,9
469,2.8,2.1000590527929037,10
470,32.6,33.52177053916089,6
471,32.6,33.52177053916089,7
472,34.3,33.52177053916089,8
473,45.2,33.52177053916089,9
474,22.9,33.52177053916089,10
475,204.5,204.00027086704205,6
476,200.2,204.00027086704205,7
477,203.3,204.00027086704205,8
478,239.0,204.00027086704205,9
479,173.0,204.00027086704205,10
480,239.9,247.02014015351645,6
481,246.5,247.02014015351645,7
482,246.5,247.02014015351645,8
483,262.6,247.02014015351645,9
484,239.6,247.02014015351645,10
485,119.3,117.14024475861014,6
486,119.6,117.14024475861014,7
487,103.9,117.14024475861014,8
488,119.0,117.14024475861014,9
489,123.9,117.14024475861014,10
490,2.3,2.1804069810987063,6
491,2.3,2.1804069810987063,7
492,1.7,2.1804069810987063,8
493,1.8,2.1804069810987063,9
494,2.8,2.1804069810987063,10
495,29.1,31.278744396813668,6
496,30.7,31.278744396813668,7
497,32.8,31.278744396813668,8
498,41.8,31.278744396813668,9
499,22.0,31.278744396813668,10
500,191.6,194.6805174224913,6
501,192.9,194.6805174224913,7
502,194.3,194.6805174224913,8
503,227.4,194.6805174224913,9
504,167.2,194.6805174224913,10
505,240.5,242.1601491668179,6
506,240.5,242.1601491668179,7
507,239.6,242.1601491668179,8
508,260.3,242.1601491668179,9
509,229.9,242.1601491668179,10
510,115.2,113.45991816283421,6
511,115.2,113.45991816283421,7
512,101.8,113.45991816283421,8
513,113.4,113.45991816283421,9
514,121.7,113.45991816283421,10
515,1.9,1.9402826334681036,6
516,2.0,1.9402826334681036,7
517,1.8,1.9402826334681036,8
518,1.8,1.9402826334681036,9
519,2.2,1.9402826334681036,10
520,8.8,8.940100158821085,6
521,8.6,8.940100158821085,7
522,8.9,8.940100158821085,8
523,9.2,8.940100158821085,9
524,9.2,8.940100158821085,10
525,48.4,48.94029860610609,6
526,48.7,48.94029860610609,7
527,47.9,48.94029860610609,8
528,50.0,48.94029860610609,9
529,49.7,48.94029860610609,10
530,48.5,49.04010524967648,6
531,49.0,49.04010524967648,7
532,48.9,49.04010524967648,8
533,49.6,49.04010524967648,9
534,49.2,49.04010524967648,10
535,18.5,18.881146319434556,6
536,18.6,18.881146319434556,7
537,18.7,18.881146319434556,8
538,19.3,18.881146319434556,9
539,19.3,18.881146319434556,10
540,0.7,0.8000661886191073,6
541,0.8,0.8000661886191073,7
542,0.9,0.8000661886191073,8
543,0.9,0.8000661886191073,9
544,0.7,0.8000661886191073,10
545,3.7,3.8400817055628003,6
546,3.9,3.8400817055628003,7
547,3.8,3.8400817055628003,8
548,3.9,3.8400817055628003,9
549,3.9,3.8400817055628003,10
550,54.9,55.96016682114829,6
551,55.7,55.96016682114829,7
552,55.5,55.96016682114829,8
553,58.5,55.96016682114829,9
554,55.2,55.96016682114829,10
555,50.9,51.60034615839723,6
556,50.5,51.60034615839723,7
557,51.3,51.60034615839723,8
558,54.7,51.60034615839723,9
559,50.6,51.60034615839723,10
560,25.1,25.538035386999216,6
561,25.4,25.538035386999216,7
562,25.1,25.538035386999216,8
563,26.6,25.538035386999216,9
564,25.5,25.538035386999216,10
565,0.6,0.5803983689631365,6
566,0.6,0.5803983689631365,7
567,0.5,0.5803983689631365,8
568,0.6,0.5803983689631365,9
569,0.6,0.5803983689631365,10
570,2.2,2.1596329920031163,6
571,2.1,2.1596329920031163,7
572,2.2,2.1596329920031163,8
573,2.2,2.1596329920031163,9
574,2.1,2.1596329920031163,10
575,0.1,0.07959195875502847,6
576,0.1,0.07959195875502847,7
577,0.0,0.07959195875502847,8
578,0.1,0.07959195875502847,9
579,0.1,0.07959195875502847,10
580,0.4,0.46044428972715,6
581,0.5,0.46044428972715,7
582,0.4,0.46044428972715,8
583,0.5,0.46044428972715,9
584,0.5,0.46044428972715,10
585,24.8,25.178721117644642,6
586,25.4,25.178721117644642,7
587,24.5,25.178721117644642,8
588,26.9,25.178721117644642,9
589,24.3,25.178721117644642,10
590,114.1,115.25980762735048,6
591,114.3,115.25980762735048,7
592,112.8,115.25980762735048,8
593,126.6,115.25980762735048,9
594,108.5,115.25980762735048,10
595,31.6,32.181124600550376,6
596,31.6,32.181124600550376,7
597,31.6,32.181124600550376,8
598,33.8,32.181124600550376,9
599,32.3,32.181124600550376,10
600,0.0,0.0,6
601,0.0,0.0,7
602,0.0,0.0,8
603,0.0,0.0,9
604,0.0,0.0,10
605,2.2,2.2413191202570317,6
606,2.3,2.2413191202570317,7
607,2.1,2.2413191202570317,8
608,2.4,2.2413191202570317,9
609,2.2,2.2413191202570317,10
610,43.2,43.50006703673648,6
611,42.4,43.50006703673648,7
612,42.9,43.50006703673648,8
613,45.8,43.50006703673648,9
614,43.2,43.50006703673648,10
615,97.6,100.82077473897246,6
616,99.8,100.82077473897246,7
617,99.0,100.82077473897246,8
618,109.8,100.82077473897246,9
619,97.9,100.82077473897246,10
620,46.2,45.598109295314906,6
621,45.7,45.598109295314906,7
622,41.1,45.598109295314906,8
623,50.4,45.598109295314906,9
624,44.6,45.598109295314906,10
625,0.0,0.08138880759931433,6
626,0.1,0.08138880759931433,7
627,0.1,0.08138880759931433,8
628,0.1,0.08138880759931433,9
629,0.1,0.08138880759931433,10
630,6.2,6.619344704682878,6
631,6.6,6.619344704682878,7
632,7.3,6.619344704682878,8
633,8.0,6.619344704682878,9
634,5.0,6.619344704682878,10
635,65.7,66.66223318601948,6
636,66.5,66.66223318601948,7
637,64.4,66.66223318601948,8
638,74.1,66.66223318601948,9
639,62.6,66.66223318601948,10
640,125.0,126.37999037291095,6
641,123.7,126.37999037291095,7
642,123.5,126.37999037291095,8
643,143.7,126.37999037291095,9
644,116.0,126.37999037291095,10
645,66.7,65.740891025004,6
646,69.3,65.740891025004,7
647,52.2,65.740891025004,8
648,76.3,65.740891025004,9
649,64.2,65.740891025004,10
650,0.0,0.06061386339672377,6
651,0.1,0.06061386339672377,7
652,0.0,0.06061386339672377,8
653,0.1,0.06061386339672377,9
654,0.1,0.06061386339672377,10
655,1.4,1.501040527366374,6
656,1.5,1.501040527366374,7
657,1.4,1.501040527366374,8
658,1.7,1.501040527366374,9
659,1.5,1.501040527366374,10
660,37.8,38.63969859842699,6
661,37.7,38.63969859842699,7
662,37.9,38.63969859842699,8
663,40.4,38.63969859842699,9
664,39.4,38.63969859842699,10
665,87.3,88.85988193910221,6
666,87.9,88.85988193910221,7
667,87.2,88.85988193910221,8
668,94.4,88.85988193910221,9
669,87.5,88.85988193910221,10
670,17.3,17.419588467801155,6
671,17.7,17.419588467801155,7
672,17.3,17.419588467801155,8
673,18.3,17.419588467801155,9
674,16.5,17.419588467801155,10
675,0.0,0.0,6
676,0.0,0.0,7
677,0.0,0.0,8
678,0.0,0.0,9
679,0.0,0.0,10
680,1.8,1.7406726390190776,6
681,1.7,1.7406726390190776,7
682,1.7,1.7406726390190776,8
683,1.9,1.7406726390190776,9
684,1.6,1.7406726390190776,10
685,13.3,13.619900435677952,6
686,13.3,13.619900435677952,7
687,13.4,13.619900435677952,8
688,14.4,13.619900435677952,9
689,13.7,13.619900435677952,10
690,25.5,25.80004823642556,6
691,25.5,25.80004823642556,7
692,25.4,25.80004823642556,8
693,26.9,25.80004823642556,9
694,25.7,25.80004823642556,10
695,9.5,9.619759409654021,6
696,9.6,9.619759409654021,7
697,9.4,9.619759409654021,8
698,10.3,9.619759409654021,9
699,9.3,9.619759409654021,10
700,0.0,0.00024389501839538325,6
701,0.0,0.00024389501839538325,7
702,0.0,0.00024389501839538325,8
703,0.0,0.00024389501839538325,9
704,0.0,0.00024389501839538325,10
705,4.0,4.059682396293613,6
706,4.0,4.059682396293613,7
707,3.9,4.059682396293613,8
708,4.5,4.059682396293613,9
709,3.9,4.059682396293613,10
710,63.8,66.72018110356191,6
711,67.6,66.72018110356191,7
712,67.3,66.72018110356191,8
713,73.4,66.72018110356191,9
714,61.5,66.72018110356191,10
715,82.2,82.36059397772758,6
716,79.4,82.36059397772758,7
717,79.3,82.36059397772758,8
718,89.7,82.36059397772758,9
719,81.2,82.36059397772758,10
720,33.8,34.420941862447684,6
721,34.1,34.420941862447684,7
722,34.0,34.420941862447684,8
723,36.7,34.420941862447684,9
724,33.5,34.420941862447684,10
725,0.1,0.03957012483360845,6
726,0.0,0.03957012483360845,7
727,0.0,0.03957012483360845,8
728,0.0,0.03957012483360845,9
729,0.1,0.03957012483360845,10
730,0.2,0.25967899862796584,6
731,0.3,0.25967899862796584,7
732,0.3,0.25967899862796584,8
733,0.2,0.25967899862796584,9
734,0.3,0.25967899862796584,10
735,12.0,12.160000924533023,6
736,11.9,12.160000924533023,7
737,12.1,12.160000924533023,8
738,12.8,12.160000924533023,9
739,12.0,12.160000924533023,10
740,21.1,21.49997567272653,6
741,21.4,21.49997567272653,7
742,21.0,21.49997567272653,8
743,22.5,21.49997567272653,9
744,21.5,21.49997567272653,10
745,9.3,9.499510740329992,6
746,9.3,9.499510740329992,7
747,9.3,9.499510740329992,8
748,10.3,9.499510740329992,9
749,9.3,9.499510740329992,10
750,0.0,0.0005496705217577358,6
751,0.0,0.0005496705217577358,7
752,0.0,0.0005496705217577358,8
753,0.0,0.0005496705217577358,9
754,0.0,0.0005496705217577358,10
755,1.2,1.2203082921448638,6
756,1.2,1.2203082921448638,7
757,1.2,1.2203082921448638,8
758,1.3,1.2203082921448638,9
759,1.2,1.2203082921448638,10
760,31.7,32.37968922889317,6
761,32.0,32.37968922889317,7
762,31.9,32.37968922889317,8
763,34.6,32.37968922889317,9
764,31.7,32.37968922889317,10
765,32.1,32.80035319314473,6
766,32.6,32.80035319314473,7
767,32.2,32.80035319314473,8
768,34.9,32.80035319314473,9
769,32.2,32.80035319314473,10
770,13.8,13.87977834964175,6
771,13.4,13.87977834964175,7
772,13.6,13.87977834964175,8
773,14.5,13.87977834964175,9
774,14.1,13.87977834964175,10
775,0.0,0.0,6
776,0.0,0.0,7
777,0.0,0.0,8
778,0.0,0.0,9
779,0.0,0.0,10
780,2.2,2.1393605179923925,6
781,2.1,2.1393605179923925,7
782,2.2,2.1393605179923925,8
783,2.2,2.1393605179923925,9
784,2.0,2.1393605179923925,10
785,36.9,38.17991012023237,6
786,38.0,38.17991012023237,7
787,37.2,38.17991012023237,8
788,41.5,38.17991012023237,9
789,37.3,38.17991012023237,10
790,68.6,69.73930656160837,6
791,67.9,69.73930656160837,7
792,69.1,69.73930656160837,8
793,73.6,69.73930656160837,9
794,69.5,69.73930656160837,10
795,32.8,33.6402327969782,6
796,33.5,33.6402327969782,7
797,32.8,33.6402327969782,8
798,36.3,33.6402327969782,9
799,32.8,33.6402327969782,10
800,0.1,0.13989151886613016,6
801,0.1,0.13989151886613016,7
802,0.1,0.13989151886613016,8
803,0.2,0.13989151886613016,9
804,0.2,0.13989151886613016,10
805,5.5,6.340134257079855,6
806,6.0,6.340134257079855,7
807,7.5,6.340134257079855,8
808,8.0,6.340134257079855,9
809,4.7,6.340134257079855,10
810,136.9,141.97917913942553,6
811,139.2,141.97917913942553,7
812,143.3,141.97917913942553,8
813,185.1,141.97917913942553,9
814,105.4,141.97917913942553,10
815,197.3,202.86018800403886,6
816,201.8,202.86018800403886,7
817,197.9,202.86018800403886,8
818,240.0,202.86018800403886,9
819,177.3,202.86018800403886,10
820,79.7,76.60027983707866,6
821,78.7,76.60027983707866,7
822,56.7,76.60027983707866,8
823,92.4,76.60027983707866,9
824,75.5,76.60027983707866,10
825,0.2,0.20014973838861685,6
826,0.2,0.20014973838861685,7
827,0.1,0.20014973838861685,8
828,0.2,0.20014973838861685,9
829,0.3,0.20014973838861685,10
830,5.3,6.560354434103068,6
831,6.8,6.560354434103068,7
832,9.0,6.560354434103068,8
833,8.2,6.560354434103068,9
834,3.5,6.560354434103068,10
835,149.9,155.65981932646812,6
836,154.8,155.65981932646812,7
837,157.7,155.65981932646812,8
838,203.8,155.65981932646812,9
839,112.1,155.65981932646812,10
840,206.6,213.41987476610836,6
841,208.6,213.41987476610836,7
842,211.3,213.41987476610836,8
843,256.8,213.41987476610836,9
844,183.8,213.41987476610836,10
845,84.5,80.0998269183375,6
846,83.9,80.0998269183375,7
847,55.3,80.0998269183375,8
848,96.6,80.0998269183375,9
849,80.2,80.0998269183375,10
850,0.1,0.1600507603686387,6
851,0.2,0.1600507603686387,7
852,0.1,0.1600507603686387,8
853,0.2,0.1600507603686387,9
854,0.2,0.1600507603686387,10
855,5.0,6.119718650710386,6
856,6.1,6.119718650710386,7
857,7.3,6.119718650710386,8
858,8.1,6.119718650710386,9
859,4.1,6.119718650710386,10
860,134.1,143.18013368425747,6
861,143.0,143.18013368425747,7
862,146.5,143.18013368425747,8
863,188.4,143.18013368425747,9
864,103.9,143.18013368425747,10
865,206.3,209.95920233700673,6
866,203.5,209.95920233700673,7
867,206.9,209.95920233700673,8
868,252.8,209.95920233700673,9
869,180.3,209.95920233700673,10
870,77.6,75.73974105925066,6
871,78.6,75.73974105925066,7
872,57.9,75.73974105925066,8
873,90.8,75.73974105925066,9
874,73.8,75.73974105925066,10
875,0.1,0.14012626191433422,6
876,0.2,0.14012626191433422,7
877,0.2,0.14012626191433422,8
878,0.1,0.14012626191433422,9
879,0.1,0.14012626191433422,10
880,4.8,5.539916831433455,6
881,5.6,5.539916831433455,7
882,7.2,5.539916831433455,8
883,7.1,5.539916831433455,9
884,3.0,5.539916831433455,10
885,140.7,148.04009402727493,6
886,146.3,148.04009402727493,7
887,150.1,148.04009402727493,8
888,195.2,148.04009402727493,9
889,107.9,148.04009402727493,10
890,201.7,206.8405897492995,6
891,203.3,206.8405897492995,7
892,203.9,206.8405897492995,8
893,247.9,206.8405897492995,9
894,177.4,206.8405897492995,10
895,78.7,75.26009452193914,6
896,78.0,75.26009452193914,7
897,54.0,75.26009452193914,8
898,91.3,75.26009452193914,9
899,74.3,75.26009452193914,10
900,0.2,0.24000425336766623,6
901,0.3,0.24000425336766623,7
902,0.2,0.24000425336766623,8
903,0.2,0.24000425336766623,9
904,0.3,0.24000425336766623,10
905,4.7,5.9205346171174735,6
906,6.5,5.9205346171174735,7
907,8.1,5.9205346171174735,8
908,6.8,5.9205346171174735,9
909,3.5,5.9205346171174735,10
910,135.5,143.40020590076873,6
911,142.3,143.40020590076873,7
912,143.1,143.40020590076873,8
913,191.0,143.40020590076873,9
914,105.1,143.40020590076873,10
915,195.5,199.55958660995861,6
916,196.6,199.55958660995861,7
917,196.9,199.55958660995861,8
918,238.1,199.55958660995861,9
919,170.7,199.55958660995861,10
920,71.8,69.85843956876344,6
921,70.7,69.85843956876344,7
922,57.1,69.85843956876344,8
923,81.3,69.85843956876344,9
924,68.4,69.85843956876344,10
925,0.2,0.2596966221649053,6
926,0.2,0.2596966221649053,7
927,0.2,0.2596966221649053,8
928,0.4,0.2596966221649053,9
929,0.3,0.2596966221649053,10
930,5.0,5.800813149223285,6
931,6.2,5.800813149223285,7
932,7.3,5.800813149223285,8
933,6.6,5.800813149223285,9
934,3.9,5.800813149223285,10
935,100.8,106.00055511330483,6
936,105.1,106.00055511330483,7
937,107.1,106.00055511330483,8
938,131.9,106.00055511330483,9
939,85.1,106.00055511330483,10
940,171.0,176.02017273670154,6
941,172.0,176.02017273670154,7
942,171.4,176.02017273670154,8
943,209.6,176.02017273670154,9
944,156.1,176.02017273670154,10
945,70.0,68.88027032838933,6
946,70.3,68.88027032838933,7
947,56.9,68.88027032838933,8
948,80.3,68.88027032838933,9
949,66.9,68.88027032838933,10
950,0.2,0.23893082972418506,6
951,0.3,0.23893082972418506,7
952,0.2,0.23893082972418506,8
953,0.3,0.23893082972418506,9
954,0.2,0.23893082972418506,10
955,3.9,4.819249126987267,6
956,4.8,4.819249126987267,7
957,6.1,4.819249126987267,8
958,6.1,4.819249126987267,9
959,3.2,4.819249126987267,10
960,115.3,120.05925047153035,6
961,118.6,120.05925047153035,7
962,121.6,120.05925047153035,8
963,155.9,120.05925047153035,9
964,88.9,120.05925047153035,10
965,181.7,186.4404257038758,6
966,183.8,186.4404257038758,7
967,180.5,186.4404257038758,8
968,226.3,186.4404257038758,9
969,159.9,186.4404257038758,10
970,74.2,72.40011058536894,6
971,73.3,72.40011058536894,7
972,53.0,72.40011058536894,8
973,88.6,72.40011058536894,9
974,72.9,72.40011058536894,10
975,0.2,0.19867803756690566,6
976,0.2,0.19867803756690566,7
977,0.2,0.19867803756690566,8
978,0.2,0.19867803756690566,9
979,0.2,0.19867803756690566,10
980,1.6,1.680637585756104,6
981,1.6,1.680637585756104,7
982,1.8,1.680637585756104,8
983,1.9,1.680637585756104,9
984,1.5,1.680637585756104,10
985,75.3,76.1817852627689,6
986,75.0,76.1817852627689,7
987,75.6,76.1817852627689,8
988,95.1,76.1817852627689,9
989,59.9,76.1817852627689,10
990,189.7,193.37867658437668,6
991,190.1,193.37867658437668,7
992,189.4,193.37867658437668,8
993,231.7,193.37867658437668,9
994,166.0,193.37867658437668,10
995,75.4,72.73954565352518,6
996,76.2,72.73954565352518,7
997,52.6,72.73954565352518,8
998,86.3,72.73954565352518,9
999,73.2,72.73954565352518,10
1000,0.2,0.24100934615446937,6
1001,0.3,0.24100934615446937,7
1002,0.3,0.24100934615446937,8
1003,0.2,0.24100934615446937,9
1004,0.2,0.24100934615446937,10
1005,5.6,6.000001703407229,6
1006,6.0,6.000001703407229,7
1007,6.0,6.000001703407229,8
1008,7.6,6.000001703407229,9
1009,4.8,6.000001703407229,10
1010,115.6,119.25862400867146,6
1011,117.6,119.25862400867146,7
1012,120.1,119.25862400867146,8
1013,145.9,119.25862400867146,9
1014,97.1,119.25862400867146,10
1015,175.4,178.11909092209135,6
1016,175.9,178.11909092209135,7
1017,174.0,178.11909092209135,8
1018,210.9,178.11909092209135,9
1019,154.4,178.11909092209135,10
1020,67.6,65.66074642831028,6
1021,68.1,65.66074642831028,7
1022,50.3,65.66074642831028,8
1023,76.6,65.66074642831028,9
1024,65.7,65.66074642831028,10
1025,0.1,0.12061068863142534,6
1026,0.1,0.12061068863142534,7
1027,0.1,0.12061068863142534,8
1028,0.2,0.12061068863142534,9
1029,0.1,0.12061068863142534,10
1030,5.8,6.299703930103344,6
1031,6.2,6.299703930103344,7
1032,7.5,6.299703930103344,8
1033,7.3,6.299703930103344,9
1034,4.7,6.299703930103344,10
1035,125.0,128.63892591552252,6
1036,127.2,128.63892591552252,7
1037,130.1,128.63892591552252,8
1038,162.6,128.63892591552252,9
1039,98.3,128.63892591552252,10
1040,163.8,168.27846048200348,6
1041,167.5,168.27846048200348,7
1042,164.3,168.27846048200348,8
1043,200.6,168.27846048200348,9
1044,145.2,168.27846048200348,10
1045,55.1,54.122053240935,6
1046,54.2,54.122053240935,7
1047,47.0,54.122053240935,8
1048,61.3,54.122053240935,9
1049,53.0,54.122053240935,10
1050,0.1,0.13997673887452838,6
1051,0.1,0.13997673887452838,7
1052,0.1,0.13997673887452838,8
1053,0.2,0.13997673887452838,9
1054,0.2,0.13997673887452838,10
1055,5.4,5.639895593448674,6
1056,5.2,5.639895593448674,7
1057,5.8,5.639895593448674,8
1058,7.1,5.639895593448674,9
1059,4.7,5.639895593448674,10
1060,113.5,117.16079240226765,6
1061,116.7,117.16079240226765,7
1062,115.5,117.16079240226765,8
1063,148.1,117.16079240226765,9
1064,92.0,117.16079240226765,10
1065,162.9,165.1624049811217,6
1066,163.7,165.1624049811217,7
1067,162.7,165.1624049811217,8
1068,190.8,165.1624049811217,9
1069,145.7,165.1624049811217,10
1070,62.8,62.60016790513852,6
1071,63.5,62.60016790513852,7
1072,53.8,62.60016790513852,8
1073,71.7,62.60016790513852,9
1074,61.2,62.60016790513852,10
1075,0.1,0.12007660564036923,6
1076,0.1,0.12007660564036923,7
1077,0.1,0.12007660564036923,8
1078,0.1,0.12007660564036923,9
1079,0.2,0.12007660564036923,10
1080,4.6,4.719240018067207,6
1081,4.8,4.719240018067207,7
1082,4.6,4.719240018067207,8
1083,5.1,4.719240018067207,9
1084,4.5,4.719240018067207,10
1085,93.7,95.46100569968772,6
1086,92.8,95.46100569968772,7
1087,93.6,95.46100569968772,8
1088,112.8,95.46100569968772,9
1089,84.4,95.46100569968772,10
1090,178.3,181.66061660630047,6
1091,180.1,181.66061660630047,7
1092,178.6,181.66061660630047,8
1093,215.5,181.66061660630047,9
1094,155.8,181.66061660630047,10
1095,68.6,66.86045866065945,6
1096,69.2,66.86045866065945,7
1097,51.9,66.86045866065945,8
1098,77.4,66.86045866065945,9
1099,67.2,66.86045866065945,10
1100,0.2,0.22029141743734382,6
1101,0.2,0.22029141743734382,7
1102,0.2,0.22029141743734382,8
1103,0.2,0.22029141743734382,9
1104,0.3,0.22029141743734382,10
1105,5.5,6.0780959050706995,6
1106,6.4,6.0780959050706995,7
1107,7.3,6.0780959050706995,8
1108,7.1,6.0780959050706995,9
1109,4.1,6.0780959050706995,10
1110,126.3,133.83946354180102,6
1111,134.6,133.83946354180102,7
1112,136.0,133.83946354180102,8
1113,171.7,133.83946354180102,9
1114,100.6,133.83946354180102,10
1115,187.0,188.43953142805523,6
1116,183.8,188.43953142805523,7
1117,182.8,188.43953142805523,8
1118,225.0,188.43953142805523,9
1119,163.6,188.43953142805523,10
1120,70.7,68.09835408001689,6
1121,70.7,68.09835408001689,7
1122,52.2,68.09835408001689,8
1123,79.5,68.09835408001689,9
1124,67.4,68.09835408001689,10
1125,0.0,0.0412194303911628,6
1126,0.0,0.0412194303911628,7
1127,0.1,0.0412194303911628,8
1128,0.0,0.0412194303911628,9
1129,0.1,0.0412194303911628,10
1130,3.1,3.240121199023259,6
1131,3.4,3.240121199023259,7
1132,2.8,3.240121199023259,8
1133,4.1,3.240121199023259,9
1134,2.8,3.240121199023259,10
1135,93.7,99.72013664583086,6
1136,97.7,99.72013664583086,7
1137,96.2,99.72013664583086,8
1138,132.7,99.72013664583086,9
1139,78.3,99.72013664583086,10
1140,176.6,183.5804998377823,6
1141,177.2,183.5804998377823,7
1142,178.9,183.5804998377823,8
1143,227.2,183.5804998377823,9
1144,158.0,183.5804998377823,10
1145,76.5,74.25990975582056,6
1146,76.0,74.25990975582056,7
1147,54.1,74.25990975582056,8
1148,92.6,74.25990975582056,9
1149,72.1,74.25990975582056,10
1150,0.2,0.1999901646019149,6
1151,0.2,0.1999901646019149,7
1152,0.1,0.1999901646019149,8
1153,0.3,0.1999901646019149,9
1154,0.2,0.1999901646019149,10
1155,5.1,6.259074451637497,6
1156,6.7,6.259074451637497,7
1157,7.6,6.259074451637497,8
1158,7.8,6.259074451637497,9
1159,4.1,6.259074451637497,10
1160,131.5,137.3402660616031,6
1161,134.2,137.3402660616031,7
1162,136.5,137.3402660616031,8
1163,181.8,137.3402660616031,9
1164,102.7,137.3402660616031,10
1165,190.8,198.84040444054514,6
1166,196.1,198.84040444054514,7
1167,194.5,198.84040444054514,8
1168,246.2,198.84040444054514,9
1169,166.6,198.84040444054514,10
1170,80.1,76.95986371617704,6
1171,78.1,76.95986371617704,7
1172,55.1,76.95986371617704,8
1173,95.5,76.95986371617704,9
1174,76.0,76.95986371617704,10
1175,0.3,0.30018069843583783,6
1176,0.3,0.30018069843583783,7
1177,0.3,0.30018069843583783,8
1178,0.3,0.30018069843583783,9
1179,0.3,0.30018069843583783,10
1180,4.4,4.639961618347876,6
1181,4.6,4.639961618347876,7
1182,4.4,4.639961618347876,8
1183,5.5,4.639961618347876,9
1184,4.3,4.639961618347876,10
1185,101.2,106.05903078106388,6
1186,104.2,106.05903078106388,7
1187,103.7,106.05903078106388,8
1188,137.5,106.05903078106388,9
1189,83.7,106.05903078106388,10
1190,91.1,93.87981573033946,6
1191,91.7,93.87981573033946,7
1192,90.9,93.87981573033946,8
1193,110.2,93.87981573033946,9
1194,85.5,93.87981573033946,10
1195,46.2,46.82158691496666,6
1196,45.7,46.82158691496666,7
1197,39.2,46.82158691496666,8
1198,55.3,46.82158691496666,9
1199,47.7,46.82158691496666,10
1200,0.2,0.23904871761487242,6
1201,0.2,0.23904871761487242,7
1202,0.2,0.23904871761487242,8
1203,0.3,0.23904871761487242,9
1204,0.3,0.23904871761487242,10
1205,3.6,3.6170585824188612,6
1206,3.4,3.6170585824188612,7
1207,3.7,3.6170585824188612,8
1208,4.1,3.6170585824188612,9
1209,3.3,3.6170585824188612,10
1210,56.3,60.32229332144045,6
1211,58.7,60.32229332144045,7
1212,59.5,60.32229332144045,8
1213,72.9,60.32229332144045,9
1214,54.2,60.32229332144045,10
1215,115.4,119.00078174662853,6
1216,116.5,119.00078174662853,7
1217,114.0,119.00078174662853,8
1218,142.1,119.00078174662853,9
1219,107.0,119.00078174662853,10
1220,64.5,63.779702595056655,6
1221,64.7,63.779702595056655,7
1222,51.0,63.779702595056655,8
1223,76.3,63.779702595056655,9
1224,62.4,63.779702595056655,10
1225,0.1,0.20018456866138426,6
1226,0.2,0.20018456866138426,7
1227,0.2,0.20018456866138426,8
1228,0.3,0.20018456866138426,9
1229,0.2,0.20018456866138426,10
1230,4.5,4.599912419223672,6
1231,4.4,4.599912419223672,7
1232,4.4,4.599912419223672,8
1233,5.7,4.599912419223672,9
1234,4.0,4.599912419223672,10
1235,95.3,97.23994965696436,6
1236,96.4,97.23994965696436,7
1237,95.9,97.23994965696436,8
1238,115.7,97.23994965696436,9
1239,82.9,97.23994965696436,10
1240,145.7,151.8194579556523,6
1241,149.4,151.8194579556523,7
1242,146.6,151.8194579556523,8
1243,182.6,151.8194579556523,9
1244,134.8,151.8194579556523,10
1245,58.0,57.77951728989116,6
1246,56.5,57.77951728989116,7
1247,50.6,57.77951728989116,8
1248,68.4,57.77951728989116,9
1249,55.4,57.77951728989116,10
1250,0.1,0.17869597374293006,6
1251,0.1,0.17869597374293006,7
1252,0.2,0.17869597374293006,8
1253,0.3,0.17869597374293006,9
1254,0.2,0.17869597374293006,10
1255,2.3,2.360797096651406,6
1256,2.2,2.360797096651406,7
1257,2.3,2.360797096651406,8
1258,2.6,2.360797096651406,9
1259,2.4,2.360797096651406,10
1260,24.6,25.65946396847122,6
1261,25.2,25.65946396847122,7
1262,24.6,25.65946396847122,8
1263,28.9,25.65946396847122,9
1264,25.0,25.65946396847122,10
1265,20.6,21.098824494814323,6
1266,20.8,21.098824494814323,7
1267,20.5,21.098824494814323,8
1268,22.6,21.098824494814323,9
1269,21.0,21.098824494814323,10
1270,7.7,7.820143259108541,6
1271,7.5,7.820143259108541,7
1272,7.6,7.820143259108541,8
1273,8.6,7.820143259108541,9
1274,7.7,7.820143259108541,10
1275,0.0,0.0005688627215135584,6
1276,0.0,0.0005688627215135584,7
1277,0.0,0.0005688627215135584,8
1278,0.0,0.0005688627215135584,9
1279,0.0,0.0005688627215135584,10
1280,2.3,2.182231567385777,6
1281,2.2,2.182231567385777,7
1282,2.2,2.182231567385777,8
1283,2.4,2.182231567385777,9
1284,1.8,2.182231567385777,10
1285,109.7,116.03786068068953,6
1286,114.5,116.03786068068953,7
1287,110.1,116.03786068068953,8
1288,158.9,116.03786068068953,9
1289,87.0,116.03786068068953,10
1290,159.8,164.50060152721053,6
1291,157.7,164.50060152721053,7
1292,158.8,164.50060152721053,8
1293,207.8,164.50060152721053,9
1294,138.4,164.50060152721053,10
1295,69.1,69.49913601830187,6
1296,70.1,69.49913601830187,7
1297,53.2,69.49913601830187,8
1298,86.6,69.49913601830187,9
1299,68.5,69.49913601830187,10
1300,0.1,0.15925501408013393,6
1301,0.1,0.15925501408013393,7
1302,0.2,0.15925501408013393,8
1303,0.2,0.15925501408013393,9
1304,0.2,0.15925501408013393,10
1305,3.8,3.860072855274454,6
1306,3.8,3.860072855274454,7
1307,3.8,3.860072855274454,8
1308,4.6,3.860072855274454,9
1309,3.3,3.860072855274454,10
1310,106.0,109.87994030824038,6
1311,108.1,109.87994030824038,7
1312,106.8,109.87994030824038,8
1313,140.2,109.87994030824038,9
1314,88.3,109.87994030824038,10
1315,177.0,184.0602139670001,6
1316,176.5,184.0602139670001,7
1317,174.8,184.0602139670001,8
1318,233.6,184.0602139670001,9
1319,158.4,184.0602139670001,10
1320,70.3,71.3800749835893,6
1321,72.1,71.3800749835893,7
1322,57.0,71.3800749835893,8
1323,89.3,71.3800749835893,9
1324,68.2,71.3800749835893,10
1325,0.5,0.42046674423864555,6
1326,0.4,0.42046674423864555,7
1327,0.4,0.42046674423864555,8
1328,0.4,0.42046674423864555,9
1329,0.4,0.42046674423864555,10
1330,5.0,5.420381852402045,6
1331,5.1,5.420381852402045,7
1332,5.7,5.420381852402045,8
1333,6.9,5.420381852402045,9
1334,4.4,5.420381852402045,10
1335,109.9,113.89909624306753,6
1336,112.5,113.89909624306753,7
1337,110.3,113.89909624306753,8
1338,147.8,113.89909624306753,9
1339,89.0,113.89909624306753,10
1340,165.4,172.55908811098035,6
1341,167.4,172.55908811098035,7
1342,164.7,172.55908811098035,8
1343,214.5,172.55908811098035,9
1344,150.8,172.55908811098035,10
1345,67.8,68.8793969346893,6
1346,68.9,68.8793969346893,7
1347,58.3,68.8793969346893,8
1348,84.1,68.8793969346893,9
1349,65.3,68.8793969346893,10
1350,0.4,0.4206467659575376,6
1351,0.5,0.4206467659575376,7
1352,0.4,0.4206467659575376,8
1353,0.5,0.4206467659575376,9
1354,0.3,0.4206467659575376,10
1355,5.2,5.500834935927363,6
1356,5.3,5.500834935927363,7
1357,5.9,5.500834935927363,8
1358,6.9,5.500834935927363,9
1359,4.2,5.500834935927363,10
1360,117.9,125.68098230087926,6
1361,123.9,125.68098230087926,7
1362,124.0,125.68098230087926,8
1363,164.8,125.68098230087926,9
1364,97.8,125.68098230087926,10
1365,178.6,182.36039196710078,6
1366,177.5,182.36039196710078,7
1367,171.9,182.36039196710078,8
1368,226.9,182.36039196710078,9
1369,156.9,182.36039196710078,10
1370,75.6,75.06025564681751,6
1371,76.0,75.06025564681751,7
1372,56.3,75.06025564681751,8
1373,93.8,75.06025564681751,9
1374,73.6,75.06025564681751,10
1375,0.4,0.4387420871490794,6
1376,0.5,0.4387420871490794,7
1377,0.3,0.4387420871490794,8
1378,0.6,0.4387420871490794,9
1379,0.4,0.4387420871490794,10
1380,4.9,5.938786081600519,6
1381,6.0,5.938786081600519,7
1382,7.2,5.938786081600519,8
1383,7.6,5.938786081600519,9
1384,4.0,5.938786081600519,10
1385,123.9,131.43992188921638,6
1386,127.7,131.43992188921638,7
1387,131.5,131.43992188921638,8
1388,175.5,131.43992188921638,9
1389,98.6,131.43992188921638,10
1390,189.1,191.70015174949793,6
1391,187.6,191.70015174949793,7
1392,182.1,191.70015174949793,8
1393,232.3,191.70015174949793,9
1394,167.4,191.70015174949793,10
1395,78.9,78.61995691519972,6
1396,81.4,78.61995691519972,7
1397,57.9,78.61995691519972,8
1398,98.4,78.61995691519972,9
1399,76.5,78.61995691519972,10
1400,0.4,0.41978482956709334,6
1401,0.4,0.41978482956709334,7
1402,0.3,0.41978482956709334,8
1403,0.5,0.41978482956709334,9
1404,0.5,0.41978482956709334,10
1405,4.5,5.58205271621988,6
1406,5.7,5.58205271621988,7
1407,7.4,5.58205271621988,8
1408,6.7,5.58205271621988,9
1409,3.6,5.58205271621988,10
1410,125.7,131.1003000640481,6
1411,129.7,131.1003000640481,7
1412,126.7,131.1003000640481,8
1413,174.3,131.1003000640481,9
1414,99.1,131.1003000640481,10
1415,177.6,184.8785068911102,6
1416,178.8,184.8785068911102,7
1417,179.4,184.8785068911102,8
1418,229.2,184.8785068911102,9
1419,159.4,184.8785068911102,10
1420,79.2,75.92100914871436,6
1421,78.7,75.92100914871436,7
1422,55.9,75.92100914871436,8
1423,92.5,75.92100914871436,9
1424,73.3,75.92100914871436,10
1425,0.4,0.39758545294497144,6
1426,0.4,0.39758545294497144,7
1427,0.3,0.39758545294497144,8
1428,0.5,0.39758545294497144,9
1429,0.4,0.39758545294497144,10
1430,4.3,4.119781411607373,6
1431,4.0,4.119781411607373,7
1432,4.0,4.119781411607373,8
1433,4.7,4.119781411607373,9
1434,3.6,4.119781411607373,10
1435,76.8,79.16021452713396,6
1436,78.9,79.16021452713396,7
1437,75.7,79.16021452713396,8
1438,93.5,79.16021452713396,9
1439,70.9,79.16021452713396,10
1440,79.0,81.02014331147159,6
1441,78.8,81.02014331147159,7
1442,78.4,81.02014331147159,8
1443,90.5,81.02014331147159,9
1444,78.4,81.02014331147159,10
1445,24.4,24.880804236025075,6
1446,24.3,24.880804236025075,7
1447,23.5,24.880804236025075,8
1448,27.4,24.880804236025075,9
1449,24.8,24.880804236025075,10
1450,0.1,0.059605516065405144,6
1451,0.0,0.059605516065405144,7
1452,0.1,0.059605516065405144,8
1453,0.1,0.059605516065405144,9
1454,0.0,0.059605516065405144,10
1455,5.1,5.761698953530305,6
1456,5.8,5.761698953530305,7
1457,6.6,5.761698953530305,8
1458,7.6,5.761698953530305,9
1459,3.7,5.761698953530305,10
1460,117.9,122.33985343513949,6
1461,119.6,122.33985343513949,7
1462,117.9,122.33985343513949,8
1463,164.3,122.33985343513949,9
1464,92.0,122.33985343513949,10
1465,182.7,189.959993758357,6
1466,183.4,189.959993758357,7
1467,182.7,189.959993758357,8
1468,236.8,189.959993758357,9
1469,164.2,189.959993758357,10
1470,79.3,77.27945929363747,6
1471,79.4,77.27945929363747,7
1472,55.6,77.27945929363747,8
1473,95.0,77.27945929363747,9
1474,77.1,77.27945929363747,10
1475,0.5,0.5220831532960991,6
1476,0.4,0.5220831532960991,7
1477,0.4,0.5220831532960991,8
1478,0.7,0.5220831532960991,9
1479,0.6,0.5220831532960991,10
1480,2.7,2.841730830126869,6
1481,2.9,2.841730830126869,7
1482,2.6,2.841730830126869,8
1483,3.1,2.841730830126869,9
1484,2.9,2.841730830126869,10
1485,86.8,89.16040093571176,6
1486,87.2,89.16040093571176,7
1487,85.9,89.16040093571176,8
1488,109.8,89.16040093571176,9
1489,76.1,89.16040093571176,10
1490,159.1,165.56080816716974,6
1491,161.4,165.56080816716974,7
1492,158.2,165.56080816716974,8
1493,204.8,165.56080816716974,9
1494,144.3,165.56080816716974,10
1495,67.8,68.29980674097003,6
1496,67.6,68.29980674097003,7
1497,55.6,68.29980674097003,8
1498,82.5,68.29980674097003,9
1499,68.0,68.29980674097003,10
1500,0.5,0.5005850929190138,6
1501,0.5,0.5005850929190138,7
1502,0.4,0.5005850929190138,8
1503,0.6,0.5005850929190138,9
1504,0.5,0.5005850929190138,10
1505,4.6,5.521756995430761,6
1506,5.3,5.521756995430761,7
1507,7.3,5.521756995430761,8
1508,6.7,5.521756995430761,9
1509,3.7,5.521756995430761,10
1510,118.0,123.67945179745216,6
1511,120.8,123.67945179745216,7
1512,122.1,123.67945179745216,8
1513,162.0,123.67945179745216,9
1514,95.5,123.67945179745216,10
1515,174.2,178.6387562642551,6
1516,174.0,178.6387562642551,7
1517,170.4,178.6387562642551,8
1518,222.6,178.6387562642551,9
1519,152.0,178.6387562642551,10
1520,72.2,72.65769180379839,6
1521,74.5,72.65769180379839,7
1522,55.4,72.65769180379839,8
1523,89.4,72.65769180379839,9
1524,71.8,72.65769180379839,10
1525,0.5,0.48102723214365445,6
1526,0.5,0.48102723214365445,7
1527,0.4,0.48102723214365445,8
1528,0.6,0.48102723214365445,9
1529,0.4,0.48102723214365445,10
1530,0.5,0.5230722717793985,6
1531,0.5,0.5230722717793985,7
1532,0.5,0.5230722717793985,8
1533,0.5,0.5230722717793985,9
1534,0.6,0.5230722717793985,10
1535,28.2,28.77790504723554,6
1536,27.7,28.77790504723554,7
1537,27.4,28.77790504723554,8
1538,31.6,28.77790504723554,9
1539,29.0,28.77790504723554,10
1540,57.0,58.742951017460214,6
1541,58.4,58.742951017460214,7
1542,57.3,58.742951017460214,8
1543,63.3,58.742951017460214,9
1544,57.7,58.742951017460214,10
1545,17.4,17.780097226276546,6
1546,17.2,17.780097226276546,7
1547,16.9,17.780097226276546,8
1548,19.9,17.780097226276546,9
1549,17.5,17.780097226276546,10
1550,0.1,0.07976488702811026,6
1551,0.0,0.07976488702811026,7
1552,0.1,0.07976488702811026,8
1553,0.1,0.07976488702811026,9
1554,0.1,0.07976488702811026,10
1555,0.8,0.8195146175923257,6
1556,0.9,0.8195146175923257,7
1557,0.7,0.8195146175923257,8
1558,0.9,0.8195146175923257,9
1559,0.8,0.8195146175923257,10
1560,9.0,9.321608818252313,6
1561,8.9,9.321608818252313,7
1562,8.8,9.321608818252313,8
1563,10.5,9.321608818252313,9
1564,9.4,9.321608818252313,10
1565,28.6,29.579852261393192,6
1566,28.8,29.579852261393192,7
1567,28.3,29.579852261393192,8
1568,34.3,29.579852261393192,9
1569,27.9,29.579852261393192,10
1570,29.5,31.139778403284616,6
1571,29.7,31.139778403284616,7
1572,28.7,31.139778403284616,8
1573,37.2,31.139778403284616,9
1574,30.6,31.139778403284616,10
1575,0.3,0.30033587164826725,6
1576,0.3,0.30033587164826725,7
1577,0.3,0.30033587164826725,8
1578,0.4,0.30033587164826725,9
1579,0.2,0.30033587164826725,10
1580,4.0,5.256488765529556,6
1581,5.3,5.256488765529556,7
1582,6.7,5.256488765529556,8
1583,7.3,5.256488765529556,9
1584,3.0,5.256488765529556,10
1585,106.6,116.3392104733314,6
1586,107.9,116.3392104733314,7
1587,110.2,116.3392104733314,8
1588,172.3,116.3392104733314,9
1589,84.7,116.3392104733314,10
1590,160.3,172.3194070057921,6
1591,164.7,172.3194070057921,7
1592,159.8,172.3194070057921,8
1593,227.1,172.3194070057921,9
1594,149.7,172.3194070057921,10
1595,36.9,38.18263698110513,6
1596,36.9,38.18263698110513,7
1597,34.3,38.18263698110513,8
1598,47.7,38.18263698110513,9
1599,35.1,38.18263698110513,10
1600,0.1,0.0804580607609566,6
1601,0.1,0.0804580607609566,7
1602,0.1,0.0804580607609566,8
1603,0.0,0.0804580607609566,9
1604,0.1,0.0804580607609566,10
1605,0.4,0.4397668223209877,6
1606,0.5,0.4397668223209877,7
1607,0.4,0.4397668223209877,8
1608,0.5,0.4397668223209877,9
1609,0.4,0.4397668223209877,10
1610,18.4,19.47993295010892,6
1611,18.8,19.47993295010892,7
1612,18.3,19.47993295010892,8
1613,22.7,19.47993295010892,9
1614,19.2,19.47993295010892,10
1615,21.7,22.720165855083117,6
1616,21.5,22.720165855083117,7
1617,21.5,22.720165855083117,8
1618,26.9,22.720165855083117,9
1619,22.0,22.720165855083117,10
1620,10.0,10.379877393158809,6
1621,10.0,10.379877393158809,7
1622,9.6,10.379877393158809,8
1623,11.8,10.379877393158809,9
1624,10.5,10.379877393158809,10
1625,0.0,0.020124883246451543,6
1626,0.1,0.020124883246451543,7
1627,0.0,0.020124883246451543,8
1628,0.0,0.020124883246451543,9
1629,0.0,0.020124883246451543,10
1630,0.0,0.0,6
1631,0.0,0.0,7
1632,0.0,0.0,8
1633,0.0,0.0,9
1634,0.0,0.0,10
1635,1.9,2.1401240387405287,6
1636,2.0,2.1401240387405287,7
1637,2.1,2.1401240387405287,8
1638,3.8,2.1401240387405287,9
1639,0.9,2.1401240387405287,10
1640,6.8,7.1399627635489615,6
1641,8.4,7.1399627635489615,7
1642,7.6,7.1399627635489615,8
1643,9.4,7.1399627635489615,9
1644,3.5,7.1399627635489615,10
1645,7.1,8.220172846566166,6
1646,13.2,8.220172846566166,7
1647,6.9,8.220172846566166,8
1648,11.5,8.220172846566166,9
1649,2.4,8.220172846566166,10
1650,0.1,0.039872096990719155,6
1651,0.0,0.039872096990719155,7
1652,0.0,0.039872096990719155,8
1653,0.1,0.039872096990719155,9
1654,0.0,0.039872096990719155,10
1655,0.0,0.13993807271147654,6
1656,0.0,0.13993807271147654,7
1657,0.1,0.13993807271147654,8
1658,0.6,0.13993807271147654,9
1659,0.0,0.13993807271147654,10
1660,28.7,44.85990580269243,6
1661,36.5,44.85990580269243,7
1662,38.0,44.85990580269243,8
1663,116.0,44.85990580269243,9
1664,5.1,44.85990580269243,10
1665,154.9,149.51939055254826,6
1666,163.0,149.51939055254826,7
1667,160.8,149.51939055254826,8
1668,243.9,149.51939055254826,9
1669,25.0,149.51939055254826,10
1670,88.9,85.87977405268636,6
1671,87.2,85.87977405268636,7
1672,78.2,85.87977405268636,8
1673,111.0,85.87977405268636,9
1674,64.1,85.87977405268636,10
1675,0.5,0.4393373009410433,6
1676,0.4,0.4393373009410433,7
1677,0.3,0.4393373009410433,8
1678,0.6,0.4393373009410433,9
1679,0.4,0.4393373009410433,10
1680,3.5,3.7999910521578424,6
1681,3.8,3.7999910521578424,7
1682,3.4,3.7999910521578424,8
1683,4.9,3.7999910521578424,9
1684,3.4,3.7999910521578424,10
1685,121.6,129.54076767214323,6
1686,123.5,129.54076767214323,7
1687,121.1,129.54076767214323,8
1688,177.0,129.54076767214323,9
1689,104.5,129.54076767214323,10
1690,127.4,136.30065190775062,6
1691,129.6,136.30065190775062,7
1692,127.7,136.30065190775062,8
1693,172.5,136.30065190775062,9
1694,124.3,136.30065190775062,10
1695,53.8,55.900640514130586,6
1696,52.6,55.900640514130586,7
1697,51.4,55.900640514130586,8
1698,67.8,55.900640514130586,9
1699,53.9,55.900640514130586,10
1700,0.5,0.5002834314186996,6
1701,0.5,0.5002834314186996,7
1702,0.4,0.5002834314186996,8
1703,0.6,0.5002834314186996,9
1704,0.5,0.5002834314186996,10
1705,3.8,3.959995191885334,6
1706,3.8,3.959995191885334,7
1707,3.7,3.959995191885334,8
1708,4.8,3.959995191885334,9
1709,3.7,3.959995191885334,10
1710,71.9,78.23937662493574,6
1711,73.0,78.23937662493574,7
1712,74.0,78.23937662493574,8
1713,104.1,78.23937662493574,9
1714,68.2,78.23937662493574,10
1715,80.5,83.92001398015869,6
1716,81.3,83.92001398015869,7
1717,77.2,83.92001398015869,8
1718,104.3,83.92001398015869,9
1719,76.3,83.92001398015869,10
1720,32.1,33.599833006337406,6
1721,32.1,33.599833006337406,7
1722,31.8,33.599833006337406,8
1723,39.0,33.599833006337406,9
1724,33.0,33.599833006337406,10
1725,0.5,0.5388344830734777,6
1726,0.5,0.5388344830734777,7
1727,0.5,0.5388344830734777,8
1728,0.7,0.5388344830734777,9
1729,0.5,0.5388344830734777,10
1730,2.0,1.9801479964681055,6
1731,1.8,1.9801479964681055,7
1732,2.0,1.9801479964681055,8
1733,2.2,1.9801479964681055,9
1734,1.9,1.9801479964681055,10
1735,57.9,61.03969142795533,6
1736,58.5,61.03969142795533,7
1737,58.5,61.03969142795533,8
1738,72.0,61.03969142795533,9
1739,58.3,61.03969142795533,10
1740,120.7,125.06021451302594,6
1741,120.9,125.06021451302594,7
1742,116.2,125.06021451302594,8
1743,149.5,125.06021451302594,9
1744,118.0,125.06021451302594,10
1745,50.7,53.80033224596633,6
1746,51.2,53.80033224596633,7
1747,49.6,53.80033224596633,8
1748,65.9,53.80033224596633,9
1749,51.6,53.80033224596633,10
1750,0.7,0.7401076022659092,6
1751,0.8,0.7401076022659092,7
1752,0.6,0.7401076022659092,8
1753,0.9,0.7401076022659092,9
1754,0.7,0.7401076022659092,10
1755,4.1,4.599989677218592,6
1756,4.1,4.599989677218592,7
1757,4.7,4.599989677218592,8
1758,6.2,4.599989677218592,9
1759,3.9,4.599989677218592,10
1760,111.1,118.89997311005241,6
1761,112.2,118.89997311005241,7
1762,112.5,118.89997311005241,8
1763,164.8,118.89997311005241,9
1764,93.9,118.89997311005241,10
1765,178.2,187.37984128731077,6
1766,178.9,187.37984128731077,7
1767,172.6,187.37984128731077,8
1768,243.6,187.37984128731077,9
1769,163.6,187.37984128731077,10
1770,85.4,87.65997202906595,6
1771,86.3,87.65997202906595,7
1772,73.5,87.65997202906595,8
1773,106.9,87.65997202906595,9
1774,86.2,87.65997202906595,10
1775,1.2,1.3216522789003198,6
1776,1.3,1.3216522789003198,7
1777,1.0,1.3216522789003198,8
1778,1.6,1.3216522789003198,9
1779,1.5,1.3216522789003198,10
1780,1.2,1.319389280769339,6
1781,1.2,1.319389280769339,7
1782,1.3,1.319389280769339,8
1783,1.6,1.319389280769339,9
1784,1.3,1.319389280769339,10
1785,19.8,20.860625762715095,6
1786,20.6,20.860625762715095,7
1787,19.6,20.860625762715095,8
1788,24.2,20.860625762715095,9
1789,20.1,20.860625762715095,10
1790,21.0,21.900242530470493,6
1791,20.6,21.900242530470493,7
1792,20.8,21.900242530470493,8
1793,25.7,21.900242530470493,9
1794,21.4,21.900242530470493,10
1795,15.8,16.14012532515979,6
1796,15.7,16.14012532515979,7
1797,15.0,16.14012532515979,8
1798,18.4,16.14012532515979,9
1799,15.8,16.14012532515979,10
1800,0.2,0.18033753205036393,6
1801,0.1,0.18033753205036393,7
1802,0.1,0.18033753205036393,8
1803,0.3,0.18033753205036393,9
1804,0.2,0.18033753205036393,10
1805,2.0,1.960097306874739,6
1806,1.9,1.960097306874739,7
1807,1.9,1.960097306874739,8
1808,2.2,1.960097306874739,9
1809,1.8,1.960097306874739,10
1810,77.2,79.94046042362531,6
1811,80.2,79.94046042362531,7
1812,79.2,79.94046042362531,8
1813,93.6,79.94046042362531,9
1814,69.5,79.94046042362531,10
1815,156.7,158.6800265667309,6
1816,155.3,158.6800265667309,7
1817,152.2,158.6800265667309,8
1818,186.3,158.6800265667309,9
1819,142.9,158.6800265667309,10
1820,75.6,77.49944397958078,6
1821,77.5,77.49944397958078,7
1822,69.7,77.49944397958078,8
1823,93.2,77.49944397958078,9
1824,71.5,77.49944397958078,10
1825,1.3,1.2399158914039519,6
1826,1.2,1.2399158914039519,7
1827,1.2,1.2399158914039519,8
1828,1.3,1.2399158914039519,9
1829,1.2,1.2399158914039519,10
1830,2.9,2.9200662376865805,6
1831,2.8,2.9200662376865805,7
1832,2.9,2.9200662376865805,8
1833,3.1,2.9200662376865805,9
1834,2.9,2.9200662376865805,10
1835,51.9,52.14066671466171,6
1836,51.9,52.14066671466171,7
1837,50.2,52.14066671466171,8
1838,57.9,52.14066671466171,9
1839,48.8,52.14066671466171,10
1840,179.2,185.97897191074395,6
1841,180.5,185.97897191074395,7
1842,182.4,185.97897191074395,8
1843,225.2,185.97897191074395,9
1844,162.6,185.97897191074395,10
1845,84.6,85.52043146829713,6
1846,86.9,85.52043146829713,7
1847,77.1,85.52043146829713,8
1848,100.4,85.52043146829713,9
1849,78.6,85.52043146829713,10
1850,0.2,0.2587324768366112,6
1851,0.3,0.2587324768366112,7
1852,0.3,0.2587324768366112,8
1853,0.3,0.2587324768366112,9
1854,0.2,0.2587324768366112,10
1855,3.1,3.1789844596948815,6
1856,3.1,3.1789844596948815,7
1857,3.1,3.1789844596948815,8
1858,3.5,3.1789844596948815,9
1859,3.1,3.1789844596948815,10
1860,72.9,74.8000816327005,6
1861,73.1,74.8000816327005,7
1862,73.5,74.8000816327005,8
1863,84.0,74.8000816327005,9
1864,70.5,74.8000816327005,10
1865,128.9,132.46012775989988,6
1866,131.5,132.46012775989988,7
1867,127.4,132.46012775989988,8
1868,155.2,132.46012775989988,9
1869,119.3,132.46012775989988,10
1870,18.2,18.20138418846713,6
1871,17.2,18.20138418846713,7
1872,17.5,18.20138418846713,8
1873,20.6,18.20138418846713,9
1874,17.5,18.20138418846713,10
1875,0.0,0.08050150196938928,6
1876,0.1,0.08050150196938928,7
1877,0.1,0.08050150196938928,8
1878,0.1,0.08050150196938928,9
1879,0.1,0.08050150196938928,10
1880,1.8,1.799573805578177,6
1881,1.8,1.799573805578177,7
1882,1.7,1.799573805578177,8
1883,1.9,1.799573805578177,9
1884,1.8,1.799573805578177,10
1885,19.0,19.680169301460385,6
1886,20.0,19.680169301460385,7
1887,19.5,19.680169301460385,8
1888,21.0,19.680169301460385,9
1889,18.9,19.680169301460385,10
1890,46.5,46.99999604483177,6
1891,46.5,46.99999604483177,7
1892,46.0,46.99999604483177,8
1893,49.6,46.99999604483177,9
1894,46.4,46.99999604483177,10
1895,14.8,14.780670915258797,6
1896,14.5,14.780670915258797,7
1897,14.3,14.780670915258797,8
1898,15.4,14.780670915258797,9
1899,14.9,14.780670915258797,10
1900,0.6,0.6399776767662837,6
1901,0.7,0.6399776767662837,7
1902,0.6,0.6399776767662837,8
1903,0.7,0.6399776767662837,9
1904,0.6,0.6399776767662837,10
1905,3.1,3.201242937751578,6
1906,3.2,3.201242937751578,7
1907,3.2,3.201242937751578,8
1908,3.4,3.201242937751578,9
1909,3.1,3.201242937751578,10
1910,60.2,61.29936922464069,6
1911,60.9,61.29936922464069,7
1912,60.1,61.29936922464069,8
1913,66.2,61.29936922464069,9
1914,59.1,61.29936922464069,10
1915,95.7,97.27937535794437,6
1916,96.7,97.27937535794437,7
1917,94.9,97.27937535794437,8
1918,106.0,97.27937535794437,9
1919,93.1,97.27937535794437,10
1920,50.5,51.01687230841411,6
1921,50.7,51.01687230841411,7
1922,49.7,51.01687230841411,8
1923,55.4,51.01687230841411,9
1924,48.8,51.01687230841411,10
1925,0.6,0.6410298031206324,6
1926,0.6,0.6410298031206324,7
1927,0.6,0.6410298031206324,8
1928,0.7,0.6410298031206324,9
1929,0.7,0.6410298031206324,10
1930,1.6,1.580174350006597,6
1931,1.6,1.580174350006597,7
1932,1.4,1.580174350006597,8
1933,1.9,1.580174350006597,9
1934,1.4,1.580174350006597,10
1935,45.4,46.18013337076789,6
1936,46.0,46.18013337076789,7
1937,45.1,46.18013337076789,8
1938,49.4,46.18013337076789,9
1939,45.0,46.18013337076789,10
1940,47.1,48.17949143217532,6
1941,47.6,48.17949143217532,7
1942,46.9,48.17949143217532,8
1943,52.7,48.17949143217532,9
1944,46.6,48.17949143217532,10
1945,14.2,14.501039608275862,6
1946,14.4,14.501039608275862,7
1947,14.0,14.501039608275862,8
1948,15.3,14.501039608275862,9
1949,14.6,14.501039608275862,10
1950,0.3,0.2593798641101536,6
1951,0.2,0.2593798641101536,7
1952,0.3,0.2593798641101536,8
1953,0.3,0.2593798641101536,9
1954,0.2,0.2593798641101536,10
1955,7.3,8.899995494806948,6
1956,8.1,8.899995494806948,7
1957,11.2,8.899995494806948,8
1958,12.6,8.899995494806948,9
1959,5.3,8.899995494806948,10
1960,168.9,173.2013201836906,6
1961,172.6,173.2013201836906,7
1962,170.5,173.2013201836906,8
1963,220.4,173.2013201836906,9
1964,133.6,173.2013201836906,10
1965,169.7,172.00048937383795,6
1966,170.1,172.00048937383795,7
1967,170.2,172.00048937383795,8
1968,195.4,172.00048937383795,9
1969,154.6,172.00048937383795,10
1970,49.3,49.260483753086106,6
1971,49.0,49.260483753086106,7
1972,48.7,49.260483753086106,8
1973,51.8,49.260483753086106,9
1974,47.5,49.260483753086106,10
1975,0.5,0.5776845500933195,6
1976,0.6,0.5776845500933195,7
1977,0.6,0.5776845500933195,8
1978,0.6,0.5776845500933195,9
1979,0.6,0.5776845500933195,10
1980,0.4,0.46006197665563764,6
1981,0.5,0.46006197665563764,7
1982,0.4,0.46006197665563764,8
1983,0.5,0.46006197665563764,9
1984,0.5,0.46006197665563764,10
1985,21.6,21.920111976171466,6
1986,21.8,21.920111976171466,7
1987,21.6,21.920111976171466,8
1988,23.1,21.920111976171466,9
1989,21.5,21.920111976171466,10
1990,26.3,26.640250735664264,6
1991,26.5,26.640250735664264,7
1992,26.0,26.640250735664264,8
1993,28.0,26.640250735664264,9
1994,26.4,26.640250735664264,10
1995,14.0,14.220718669467248,6
1996,14.1,14.220718669467248,7
1997,14.0,14.220718669467248,8
1998,15.1,14.220718669467248,9
1999,13.9,14.220718669467248,10
2000,0.2,0.17959954408192846,6
2001,0.2,0.17959954408192846,7
2002,0.2,0.17959954408192846,8
2003,0.2,0.17959954408192846,9
2004,0.1,0.17959954408192846,10
2005,2.0,1.879792683604208,6
2006,2.0,1.879792683604208,7
2007,1.7,1.879792683604208,8
2008,1.8,1.879792683604208,9
2009,1.9,1.879792683604208,10
2010,28.4,28.519947211670164,6
2011,28.2,28.519947211670164,7
2012,27.9,28.519947211670164,8
2013,29.8,28.519947211670164,9
2014,28.3,28.519947211670164,10
2015,29.6,30.359991505233406,6
2016,30.2,30.359991505233406,7
2017,30.0,30.359991505233406,8
2018,31.7,30.359991505233406,9
2019,30.3,30.359991505233406,10
2020,18.8,19.039747890515326,6
2021,18.9,19.039747890515326,7
2022,18.7,19.039747890515326,8
2023,19.6,19.039747890515326,9
2024,19.2,19.039747890515326,10
2025,0.1,0.16010551011170004,6
2026,0.2,0.16010551011170004,7
2027,0.2,0.16010551011170004,8
2028,0.1,0.16010551011170004,9
2029,0.2,0.16010551011170004,10
2030,1.5,1.4998378977000648,6
2031,1.6,1.4998378977000648,7
2032,1.5,1.4998378977000648,8
2033,1.5,1.4998378977000648,9
2034,1.4,1.4998378977000648,10
2035,32.4,33.07992254657145,6
2036,32.5,33.07992254657145,7
2037,32.6,33.07992254657145,8
2038,34.0,33.07992254657145,9
2039,33.9,33.07992254657145,10
2040,83.1,84.34010281864438,6
2041,83.4,84.34010281864438,7
2042,83.0,84.34010281864438,8
2043,88.3,84.34010281864438,9
2044,83.9,84.34010281864438,10
2045,44.3,44.97963227058842,6
2046,44.9,44.97963227058842,7
2047,44.1,44.97963227058842,8
2048,47.9,44.97963227058842,9
2049,43.7,44.97963227058842,10
2050,0.9,1.0206904515499444,6
2051,1.0,1.0206904515499444,7
2052,1.0,1.0206904515499444,8
2053,1.1,1.0206904515499444,9
2054,1.1,1.0206904515499444,10
2055,3.2,3.3808195508273347,6
2056,3.4,3.3808195508273347,7
2057,3.5,3.3808195508273347,8
2058,3.4,3.3808195508273347,9
2059,3.4,3.3808195508273347,10
2060,127.1,130.61976608611076,6
2061,130.2,130.61976608611076,7
2062,129.9,130.61976608611076,8
2063,155.2,130.61976608611076,9
2064,110.7,130.61976608611076,10
2065,227.5,230.24007864644642,6
2066,227.8,230.24007864644642,7
2067,225.5,230.24007864644642,8
2068,265.2,230.24007864644642,9
2069,205.2,230.24007864644642,10
2070,110.5,109.01904532718007,6
2071,111.3,109.01904532718007,7
2072,97.4,109.01904532718007,8
2073,119.3,109.01904532718007,9
2074,106.6,109.01904532718007,10
2075,2.2,2.2995249043231443,6
2076,2.5,2.2995249043231443,7
2077,2.0,2.2995249043231443,8
2078,2.2,2.2995249043231443,9
2079,2.6,2.2995249043231443,10
2080,9.0,10.020049785914388,6
2081,9.6,10.020049785914388,7
2082,11.1,10.020049785914388,8
2083,12.9,10.020049785914388,9
2084,7.5,10.020049785914388,10
2085,165.1,166.39955822106228,6
2086,163.2,166.39955822106228,7
2087,164.1,166.39955822106228,8
2088,207.0,166.39955822106228,9
2089,132.6,166.39955822106228,10
2090,237.1,243.3794887462249,6
2091,243.6,243.3794887462249,7
2092,243.2,243.3794887462249,8
2093,275.8,243.3794887462249,9
2094,217.2,243.3794887462249,10
2095,121.8,119.64095258398135,6
2096,122.9,119.64095258398135,7
2097,101.4,119.64095258398135,8
2098,133.2,119.64095258398135,9
2099,118.9,119.64095258398135,10
2100,4.1,3.9803129654979785,6
2101,3.8,3.9803129654979785,7
2102,3.4,3.9803129654979785,8
2103,4.2,3.9803129654979785,9
2104,4.4,3.9803129654979785,10
2105,8.8,10.400627731272287,6
2106,9.7,10.400627731272287,7
2107,12.3,10.400627731272287,8
2108,14.4,10.400627731272287,9
2109,6.8,10.400627731272287,10
2110,167.4,171.7795114298752,6
2111,171.2,171.7795114298752,7
2112,172.2,171.7795114298752,8
2113,211.8,171.7795114298752,9
2114,136.3,171.7795114298752,10
2115,240.8,243.4202421004695,6
2116,239.1,243.4202421004695,7
2117,238.8,243.4202421004695,8
2118,281.3,243.4202421004695,9
2119,217.1,243.4202421004695,10
2120,120.9,119.36003553092544,6
2121,124.2,119.36003553092544,7
2122,100.5,119.36003553092544,8
2123,132.2,119.36003553092544,9
2124,119.0,119.36003553092544,10
2125,2.4,2.5198098114396985,6
2126,2.4,2.5198098114396985,7
2127,1.9,2.5198098114396985,8
2128,2.5,2.5198098114396985,9
2129,3.4,2.5198098114396985,10
2130,10.1,10.598827645922169,6
2131,10.2,10.598827645922169,7
2132,12.2,10.598827645922169,8
2133,13.2,10.598827645922169,9
2134,7.3,10.598827645922169,10
2135,162.7,167.700314396412,6
2136,167.1,167.700314396412,7
2137,167.3,167.700314396412,8
2138,207.6,167.700314396412,9
2139,133.8,167.700314396412,10
2140,236.0,241.40023057987327,6
2141,237.8,241.40023057987327,7
2142,236.7,241.40023057987327,8
2143,280.8,241.40023057987327,9
2144,215.7,241.40023057987327,10
2145,124.9,121.71952494675362,6
2146,125.4,121.71952494675362,7
2147,102.8,121.71952494675362,8
2148,134.3,121.71952494675362,9
2149,121.2,121.71952494675362,10
2150,2.6,2.5396492817071254,6
2151,2.4,2.5396492817071254,7
2152,2.0,2.5396492817071254,8
2153,2.8,2.5396492817071254,9
2154,2.9,2.5396492817071254,10
2155,10.1,10.859881235480964,6
2156,10.6,10.859881235480964,7
2157,11.9,10.859881235480964,8
2158,13.0,10.859881235480964,9
2159,8.7,10.859881235480964,10
2160,152.4,156.5398173472844,6
2161,154.8,156.5398173472844,7
2162,156.0,156.5398173472844,8
2163,191.1,156.5398173472844,9
2164,128.4,156.5398173472844,10
2165,200.2,204.9607628078592,6
2166,202.1,204.9607628078592,7
2167,201.1,204.9607628078592,8
2168,235.7,204.9607628078592,9
2169,185.7,204.9607628078592,10
2170,118.3,115.87893853606592,6
2171,120.0,115.87893853606592,7
2172,96.3,115.87893853606592,8
2173,128.3,115.87893853606592,9
2174,116.5,115.87893853606592,10
2175,2.5,2.3420596151520936,6
2176,2.0,2.3420596151520936,7
2177,1.7,2.3420596151520936,8
2178,2.4,2.3420596151520936,9
2179,3.1,2.3420596151520936,10
2180,8.9,9.93704720833665,6
2181,9.5,9.93704720833665,7
2182,10.7,9.93704720833665,8
2183,13.2,9.93704720833665,9
2184,7.4,9.93704720833665,10
2185,156.7,162.75886399100756,6
2186,161.9,162.75886399100756,7
2187,162.2,162.75886399100756,8
2188,202.4,162.75886399100756,9
2189,130.6,162.75886399100756,10
2190,229.1,230.20009795789653,6
2191,227.9,230.20009795789653,7
2192,226.8,230.20009795789653,8
2193,264.3,230.20009795789653,9
2194,202.9,230.20009795789653,10
2195,115.5,115.38081492508307,6
2196,118.0,115.38081492508307,7
2197,98.2,115.38081492508307,8
2198,130.2,115.38081492508307,9
2199,115.0,115.38081492508307,10
2200,2.5,2.379156969538366,6
2201,2.3,2.379156969538366,7
2202,1.9,2.379156969538366,8
2203,2.5,2.379156969538366,9
2204,2.7,2.379156969538366,10
2205,11.5,11.859285063726851,6
2206,12.3,11.859285063726851,7
2207,11.9,11.859285063726851,8
2208,14.0,11.859285063726851,9
2209,9.6,11.859285063726851,10
2210,137.3,139.7404791887745,6
2211,136.3,139.7404791887745,7
2212,137.9,139.7404791887745,8
2213,168.4,139.7404791887745,9
2214,118.8,139.7404791887745,10
2215,201.3,207.7402284221802,6
2216,207.3,207.7402284221802,7
2217,205.7,207.7402284221802,8
2218,237.9,207.7402284221802,9
2219,186.5,207.7402284221802,10
2220,26.2,26.779701941501337,6
2221,26.2,26.779701941501337,7
2222,25.8,26.779701941501337,8
2223,28.8,26.779701941501337,9
2224,26.9,26.779701941501337,10
2225,0.1,0.1399443544752371,6
2226,0.1,0.1399443544752371,7
2227,0.2,0.1399443544752371,8
2228,0.2,0.1399443544752371,9
2229,0.1,0.1399443544752371,10
2230,3.2,3.199339244823761,6
2231,3.1,3.199339244823761,7
2232,3.1,3.199339244823761,8
2233,3.5,3.199339244823761,9
2234,3.1,3.199339244823761,10
2235,52.8,53.44068199649408,6
2236,53.5,53.44068199649408,7
2237,51.9,53.44068199649408,8
2238,56.7,53.44068199649408,9
2239,52.3,53.44068199649408,10
2240,98.7,101.73976273296596,6
2241,99.2,101.73976273296596,7
2242,99.8,101.73976273296596,8
2243,111.5,101.73976273296596,9
2244,99.5,101.73976273296596,10
2245,63.0,63.76051470760896,6
2246,63.4,63.76051470760896,7
2247,61.3,63.76051470760896,8
2248,68.9,63.76051470760896,9
2249,62.2,63.76051470760896,10
2250,1.7,1.8791712535941258,6
2251,1.7,1.8791712535941258,7
2252,1.9,1.8791712535941258,8
2253,2.1,1.8791712535941258,9
2254,2.0,1.8791712535941258,10
2255,5.9,5.919405714320629,6
2256,5.9,5.919405714320629,7
2257,5.7,5.919405714320629,8
2258,6.5,5.919405714320629,9
2259,5.6,5.919405714320629,10
2260,56.6,58.52001688434693,6
2261,58.1,58.52001688434693,7
2262,57.3,58.52001688434693,8
2263,62.7,58.52001688434693,9
2264,57.9,58.52001688434693,10
2265,126.7,130.17922574697135,6
2266,128.7,130.17922574697135,7
2267,126.7,130.17922574697135,8
2268,145.1,130.17922574697135,9
2269,123.7,130.17922574697135,10
2270,48.3,49.042637948134676,6
2271,47.3,49.042637948134676,7
2272,47.8,49.042637948134676,8
2273,53.3,49.042637948134676,9
2274,48.5,49.042637948134676,10
2275,0.9,0.9597680233572028,6
2276,0.9,0.9597680233572028,7
2277,0.9,0.9597680233572028,8
2278,1.1,0.9597680233572028,9
2279,1.0,0.9597680233572028,10
2280,9.7,10.140430172386726,6
2281,9.9,10.140430172386726,7
2282,10.1,10.140430172386726,8
2283,11.5,10.140430172386726,9
2284,9.5,10.140430172386726,10
2285,127.5,130.56040828465487,6
2286,128.5,130.56040828465487,7
2287,129.7,130.56040828465487,8
2288,148.4,130.56040828465487,9
2289,118.7,130.56040828465487,10
2290,200.4,206.420416979638,6
2291,202.5,206.420416979638,7
2292,201.4,206.420416979638,8
2293,237.3,206.420416979638,9
2294,190.5,206.420416979638,10
2295,98.6,98.8575978363475,6
2296,99.1,98.8575978363475,7
2297,92.5,98.8575978363475,8
2298,107.8,98.8575978363475,9
2299,96.3,98.8575978363475,10
2300,2.6,2.7208114736783,6
2301,2.6,2.7208114736783,7
2302,2.6,2.7208114736783,8
2303,3.0,2.7208114736783,9
2304,2.8,2.7208114736783,10
2305,8.6,9.31953987018923,6
2306,9.1,9.31953987018923,7
2307,10.4,9.31953987018923,8
2308,11.6,9.31953987018923,9
2309,6.9,9.31953987018923,10
2310,153.5,155.53933330194806,6
2311,150.8,155.53933330194806,7
2312,151.8,155.53933330194806,8
2313,194.2,155.53933330194806,9
2314,127.4,155.53933330194806,10
2315,194.4,201.67988456690705,6
2316,201.5,201.67988456690705,7
2317,200.3,201.67988456690705,8
2318,232.0,201.67988456690705,9
2319,180.2,201.67988456690705,10
2320,81.3,83.56057269285074,6
2321,81.7,83.56057269285074,7
2322,79.7,83.56057269285074,8
2323,92.9,83.56057269285074,9
2324,82.2,83.56057269285074,10
2325,2.3,2.400018047860879,6
2326,2.4,2.400018047860879,7
2327,2.2,2.400018047860879,8
2328,2.7,2.400018047860879,9
2329,2.4,2.400018047860879,10
2330,2.0,1.979749020886971,6
2331,1.8,1.979749020886971,7
2332,1.9,1.979749020886971,8
2333,2.0,1.979749020886971,9
2334,2.2,1.979749020886971,10
2335,24.7,25.140026464280023,6
2336,25.0,25.140026464280023,7
2337,24.6,25.140026464280023,8
2338,26.4,25.140026464280023,9
2339,25.0,25.140026464280023,10
2340,64.0,65.48002265757877,6
2341,64.6,65.48002265757877,7
2342,64.3,65.48002265757877,8
2343,69.0,65.48002265757877,9
2344,65.5,65.48002265757877,10
2345,34.9,35.43893454341288,6
2346,34.9,35.43893454341288,7
2347,34.7,35.43893454341288,8
2348,38.2,35.43893454341288,9
2349,34.5,35.43893454341288,10
2350,0.6,0.5799423689171782,6
2351,0.6,0.5799423689171782,7
2352,0.5,0.5799423689171782,8
2353,0.6,0.5799423689171782,9
2354,0.6,0.5799423689171782,10
2355,3.8,3.959956164216454,6
2356,3.9,3.959956164216454,7
2357,3.8,3.959956164216454,8
2358,4.3,3.959956164216454,9
2359,4.0,3.959956164216454,10
2360,52.9,54.140393181121,6
2361,53.3,54.140393181121,7
2362,53.3,54.140393181121,8
2363,57.3,54.140393181121,9
2364,53.9,54.140393181121,10
2365,62.8,64.90007353804921,6
2366,63.9,64.90007353804921,7
2367,63.4,64.90007353804921,8
2368,70.8,64.90007353804921,9
2369,63.6,64.90007353804921,10
2370,21.3,21.599914680203238,6
2371,21.1,21.599914680203238,7
2372,20.9,21.599914680203238,8
2373,23.1,21.599914680203238,9
2374,21.6,21.599914680203238,10
2375,0.5,0.480051496521975,6
2376,0.4,0.480051496521975,7
2377,0.4,0.480051496521975,8
2378,0.6,0.480051496521975,9
2379,0.5,0.480051496521975,10
2380,0.6,0.6002318253837009,6
2381,0.6,0.6002318253837009,7
2382,0.5,0.6002318253837009,8
2383,0.7,0.6002318253837009,9
2384,0.6,0.6002318253837009,10
2385,25.0,25.259946644645403,6
2386,25.1,25.259946644645403,7
2387,24.6,25.259946644645403,8
2388,26.2,25.259946644645403,9
2389,25.4,25.259946644645403,10
2390,29.8,30.00008172363868,6
2391,29.5,30.00008172363868,7
2392,29.4,30.00008172363868,8
2393,31.1,30.00008172363868,9
2394,30.2,30.00008172363868,10
