,date_time,POA
0,2023-09-14 08:00:00,441.366227270996
1,2023-09-14 11:00:00,942.2534001647168
2,2023-09-14 14:00:00,801.4503840677947
3,2023-09-14 17:00:00,136.0347580751182
4,2023-09-14 20:00:00,0.0
5,2023-09-14 23:00:00,0.0
6,2023-09-15 02:00:00,0.0
7,2023-09-15 05:00:00,0.0
8,2023-09-15 08:00:00,442.11895723296425
9,2023-09-15 11:00:00,943.0031093660923
10,2023-09-15 14:00:00,800.61131162937
11,2023-09-15 17:00:00,133.10781175167176
12,2023-09-15 20:00:00,0.0
13,2023-09-15 23:00:00,0.0
14,2023-09-16 02:00:00,0.0
15,2023-09-16 05:00:00,0.0
16,2023-09-16 08:00:00,443.1071197828361
17,2023-09-16 11:00:00,944.0196982619292
18,2023-09-16 14:00:00,800.02608189918
19,2023-09-16 17:00:00,130.30290609665005
20,2023-09-16 20:00:00,0.0
21,2023-09-16 23:00:00,0.0
22,2023-09-17 02:00:00,0.0
23,2023-09-17 05:00:00,0.0
24,2023-09-17 08:00:00,444.07879699701704
25,2023-09-17 11:00:00,944.9937787846317
26,2023-09-17 14:00:00,799.3976025171437
27,2023-09-17 17:00:00,127.46865437834347
28,2023-09-17 20:00:00,0.0
29,2023-09-17 23:00:00,0.0
30,2023-09-18 02:00:00,0.0
31,2023-09-18 05:00:00,0.0
32,2023-09-18 08:00:00,445.03283657903717
33,2023-09-18 11:00:00,945.9247283992481
34,2023-09-18 14:00:00,798.7265858966164
35,2023-09-18 17:00:00,124.60663219982278
36,2023-09-18 20:00:00,0.0
37,2023-09-18 23:00:00,0.0
38,2023-09-19 02:00:00,0.0
39,2023-09-19 05:00:00,0.0
40,2023-09-19 08:00:00,445.9681025529249
41,2023-09-19 11:00:00,946.8119823212817
42,2023-09-19 14:00:00,798.0138131834665
43,2023-09-19 17:00:00,121.71847867523329
44,2023-09-19 20:00:00,0.0
45,2023-09-19 23:00:00,0.0
46,2023-09-20 02:00:00,0.0
47,2023-09-20 05:00:00,0.0
48,2023-09-20 08:00:00,446.8834692058498
49,2023-09-20 11:00:00,947.6550326034292
50,2023-09-20 14:00:00,797.2601399527896
51,2023-09-20 17:00:00,118.80590685131745
52,2023-09-20 20:00:00,0.0
53,2023-09-20 23:00:00,0.0
54,2023-09-21 02:00:00,0.0
55,2023-09-21 05:00:00,0.0
56,2023-09-21 08:00:00,447.77781053962167
57,2023-09-21 11:00:00,948.4534256244754
58,2023-09-21 14:00:00,796.4665035441033
59,2023-09-21 17:00:00,115.87071642757991
60,2023-09-21 20:00:00,0.0
61,2023-09-21 23:00:00,0.0
62,2023-09-22 02:00:00,0.0
63,2023-09-22 05:00:00,0.0
64,2023-09-22 08:00:00,448.64998639943224
65,2023-09-22 11:00:00,949.206758420557
66,2023-09-22 14:00:00,795.63393122521
67,2023-09-22 17:00:00,112.91480786710048
68,2023-09-22 20:00:00,0.0
69,2023-09-22 23:00:00,0.0
70,2023-09-23 02:00:00,0.0
71,2023-09-23 05:00:00,0.0
72,2023-09-23 08:00:00,449.49882753788563
73,2023-09-23 11:00:00,949.9146745891429
74,2023-09-23 14:00:00,794.7635483128192
75,2023-09-23 17:00:00,109.9401964311453
76,2023-09-23 20:00:00,0.0
77,2023-09-23 23:00:00,0.0
78,2023-09-24 02:00:00,0.0
79,2023-09-24 05:00:00,0.0
80,2023-09-24 08:00:00,450.3231217170244
81,2023-09-24 11:00:00,950.576860281705
82,2023-09-24 14:00:00,793.8565844871467
83,2023-09-24 17:00:00,106.94902351863279
84,2023-09-24 20:00:00,0.0
85,2023-09-24 23:00:00,0.0
86,2023-09-25 02:00:00,0.0
87,2023-09-25 05:00:00,0.0
88,2023-09-25 08:00:00,451.1216024407998
89,2023-09-25 11:00:00,951.1930402219401
90,2023-09-25 14:00:00,792.9143763029821
91,2023-09-25 17:00:00,103.94356266743685
92,2023-09-25 20:00:00,0.0
93,2023-09-25 23:00:00,0.0
94,2023-09-26 02:00:00,0.0
95,2023-09-26 05:00:00,0.0
96,2023-09-26 08:00:00,451.89294172823014
97,2023-09-26 11:00:00,951.7629737767057
98,2023-09-26 14:00:00,791.9383642086943
99,2023-09-26 17:00:00,100.92621821296974
100,2023-09-26 20:00:00,0.0
101,2023-09-26 23:00:00,0.0
102,2023-09-27 02:00:00,0.0
103,2023-09-27 05:00:00,0.0
104,2023-09-27 08:00:00,452.6357489947977
105,2023-09-27 11:00:00,952.2864519349198
106,2023-09-27 14:00:00,790.9300841614231
107,2023-09-27 17:00:00,97.89951729018574
108,2023-09-27 20:00:00,0.0
109,2023-09-27 23:00:00,0.0
110,2023-09-28 02:00:00,0.0
111,2023-09-28 05:00:00,0.0
112,2023-09-28 08:00:00,453.3485791289024
113,2023-09-28 11:00:00,952.7632973859379
114,2023-09-28 14:00:00,789.8911557262037
115,2023-09-28 17:00:00,94.86609834178978
116,2023-09-28 20:00:00,0.0
117,2023-09-28 23:00:00,0.0
118,2023-09-29 02:00:00,0.0
119,2023-09-29 05:00:00,0.0
120,2023-09-29 08:00:00,454.02995198686307
121,2023-09-29 11:00:00,953.1933699861594
122,2023-09-29 14:00:00,788.8232698849192
123,2023-09-29 17:00:00,91.82869990424305
124,2023-09-29 20:00:00,0.0
125,2023-09-29 23:00:00,0.0
126,2023-09-30 02:00:00,0.0
127,2023-09-30 05:00:00,0.0
128,2023-09-30 08:00:00,454.67838287601717
129,2023-09-30 11:00:00,953.5765782468704
130,2023-09-30 14:00:00,787.7281788218511
131,2023-09-30 17:00:00,88.79015223255416
132,2023-09-30 20:00:00,0.0
133,2023-09-30 23:00:00,0.0
134,2023-10-01 02:00:00,0.0
135,2023-10-01 05:00:00,0.0
136,2023-10-01 08:00:00,455.292419108855
137,2023-10-01 11:00:00,953.912894801714
138,2023-10-01 14:00:00,786.6076882641806
139,2023-10-01 17:00:00,85.75337191356809
140,2023-10-01 20:00:00,0.0
141,2023-10-01 23:00:00,0.0
142,2023-10-02 02:00:00,0.0
143,2023-10-02 05:00:00,0.0
144,2023-10-02 08:00:00,455.8706755369273
145,2023-10-02 11:00:00,954.202371786959
146,2023-10-02 14:00:00,785.4636513690277
147,2023-10-02 17:00:00,82.72135784469859
148,2023-10-02 20:00:00,0.0
149,2023-10-02 23:00:00,0.0
150,2023-10-03 02:00:00,0.0
151,2023-10-03 05:00:00,0.0
152,2023-10-03 08:00:00,456.4118623419856
153,2023-10-03 11:00:00,954.4451522636559
154,2023-10-03 14:00:00,784.2979628358534
155,2023-10-03 17:00:00,79.69718767871737
156,2023-10-03 20:00:00,0.0
157,2023-10-03 23:00:00,0.0
158,2023-10-04 02:00:00,0.0
159,2023-10-04 05:00:00,0.0
160,2023-10-04 08:00:00,456.91480180463134
161,2023-10-04 11:00:00,954.6414760175926
162,2023-10-04 14:00:00,783.1125531467703
163,2023-10-04 17:00:00,76.68401496650466
164,2023-10-04 20:00:00,0.0
165,2023-10-04 23:00:00,0.0
166,2023-10-05 02:00:00,0.0
167,2023-10-05 05:00:00,0.0
168,2023-10-05 08:00:00,457.3784348714557
169,2023-10-05 11:00:00,954.7916804473425
170,2023-10-05 14:00:00,781.9093840402868
171,2023-10-05 17:00:00,73.68506867016546
172,2023-10-05 20:00:00,0.0
173,2023-10-05 23:00:00,0.0
174,2023-10-06 02:00:00,0.0
175,2023-10-06 05:00:00,0.0
176,2023-10-06 08:00:00,457.8018203438487
177,2023-10-06 11:00:00,954.8961986223696
178,2023-10-06 14:00:00,780.6904463648792
179,2023-10-06 17:00:00,70.70365623557258
180,2023-10-06 20:00:00,0.0
181,2023-10-06 23:00:00,0.0
182,2023-10-07 02:00:00,0.0
183,2023-10-07 05:00:00,0.0
184,2023-10-07 08:00:00,458.1841295859739
185,2023-10-07 11:00:00,954.9555562391745
186,2023-10-07 14:00:00,779.4577608774109
187,2023-10-07 17:00:00,67.7431700996857
188,2023-10-07 20:00:00,0.0
189,2023-10-07 23:00:00,0.0
190,2023-10-08 02:00:00,0.0
191,2023-10-08 05:00:00,0.0
192,2023-10-08 08:00:00,458.52463906659636
193,2023-10-08 11:00:00,954.9703683414151
194,2023-10-08 14:00:00,778.2133810441717
195,2023-10-08 17:00:00,64.80709586383686
196,2023-10-08 20:00:00,0.0
197,2023-10-08 23:00:00,0.0
198,2023-10-09 02:00:00,0.0
199,2023-10-09 05:00:00,0.0
200,2023-10-09 08:00:00,458.8227221079288
201,2023-10-09 11:00:00,954.941336032682
202,2023-10-09 14:00:00,776.9593964147807
203,2023-10-09 17:00:00,61.89901965605324
204,2023-10-09 20:00:00,0.0
205,2023-10-09 23:00:00,0.0
206,2023-10-10 02:00:00,0.0
207,2023-10-10 05:00:00,0.0
208,2023-10-10 08:00:00,459.07784171580556
209,2023-10-10 11:00:00,954.8692434963102
210,2023-10-10 14:00:00,775.6979350434774
211,2023-10-10 17:00:00,59.02263254930402
212,2023-10-10 20:00:00,0.0
213,2023-10-10 23:00:00,0.0
214,2023-10-11 02:00:00,0.0
215,2023-10-11 05:00:00,0.0
216,2023-10-11 08:00:00,459.289545979591
217,2023-10-11 11:00:00,954.7549556604215
218,2023-10-11 14:00:00,774.4311640854953
219,2023-10-11 17:00:00,56.181730602628235
220,2023-10-11 20:00:00,0.0
221,2023-10-11 23:00:00,0.0
222,2023-10-12 02:00:00,0.0
223,2023-10-12 05:00:00,0.0
224,2023-10-12 08:00:00,459.4574670469053
225,2023-10-12 11:00:00,954.599416812656
226,2023-10-12 14:00:00,773.1612882702956
227,2023-10-12 17:00:00,53.380209914285764
228,2023-10-12 20:00:00,0.0
229,2023-10-12 23:00:00,0.0
230,2023-10-13 02:00:00,0.0
231,2023-10-13 05:00:00,0.0
232,2023-10-13 08:00:00,459.58132338702444
233,2023-10-13 11:00:00,954.4036500574571
234,2023-10-13 14:00:00,771.8905465707762
235,2023-10-13 17:00:00,50.62205714245458
236,2023-10-13 20:00:00,0.0
237,2023-10-13 23:00:00,0.0
238,2023-10-14 02:00:00,0.0
239,2023-10-14 05:00:00,0.0
240,2023-10-14 08:00:00,459.660924248425
241,2023-10-14 11:00:00,954.1687573555669
242,2023-10-14 14:00:00,770.6212080294886
243,2023-10-14 17:00:00,47.911336124326056
244,2023-10-14 20:00:00,0.0
245,2023-10-14 23:00:00,0.0
246,2023-10-15 02:00:00,0.0
247,2023-10-15 05:00:00,0.0
248,2023-10-15 08:00:00,459.6961747525076
249,2023-10-15 11:00:00,953.8959198371177
250,2023-10-15 14:00:00,769.3555680486829
251,2023-10-15 17:00:00,45.252172033678775
252,2023-10-15 20:00:00,0.0
253,2023-10-15 23:00:00,0.0
254,2023-10-16 02:00:00,0.0
255,2023-10-16 05:00:00,0.0
256,2023-10-16 08:00:00,459.55348143526237
257,2023-10-16 11:00:00,953.4415239333551
258,2023-10-16 14:00:00,767.9535051212888
259,2023-10-16 17:00:00,42.59295214904746
260,2023-10-16 20:00:00,0.0
261,2023-10-16 23:00:00,0.0
262,2023-10-17 02:00:00,0.0
263,2023-10-17 05:00:00,0.0
264,2023-10-17 08:00:00,459.2286637201378
265,2023-10-17 11:00:00,952.8038788925953
266,2023-10-17 14:00:00,766.413992813671
267,2023-10-17 17:00:00,39.94077507695632
268,2023-10-17 20:00:00,0.0
269,2023-10-17 23:00:00,0.0
270,2023-10-18 02:00:00,0.0
271,2023-10-18 05:00:00,0.0
272,2023-10-18 08:00:00,458.8540224680944
273,2023-10-18 11:00:00,952.1282328839463
274,2023-10-18 14:00:00,764.8806691123738
275,2023-10-18 17:00:00,37.35700785492597
276,2023-10-18 20:00:00,0.0
277,2023-10-18 23:00:00,0.0
278,2023-10-19 02:00:00,0.0
279,2023-10-19 05:00:00,0.0
280,2023-10-19 08:00:00,458.4297576162501
281,2023-10-19 11:00:00,951.4160365700236
282,2023-10-19 14:00:00,763.3558802422684
283,2023-10-19 17:00:00,34.846335290343475
284,2023-10-19 20:00:00,0.0
285,2023-10-19 23:00:00,0.0
286,2023-10-20 02:00:00,0.0
287,2023-10-20 05:00:00,0.0
288,2023-10-20 08:00:00,457.9561336134266
289,2023-10-20 11:00:00,950.6688067560435
290,2023-10-20 14:00:00,761.8420174685255
291,2023-10-20 17:00:00,32.41339207346919
292,2023-10-20 20:00:00,0.0
293,2023-10-20 23:00:00,0.0
294,2023-10-21 02:00:00,0.0
295,2023-10-21 05:00:00,0.0
296,2023-10-21 08:00:00,457.4334571029523
297,2023-10-21 11:00:00,949.8881175658867
298,2023-10-21 14:00:00,760.341525831424
299,2023-10-21 17:00:00,30.06271935264283
300,2023-10-21 20:00:00,0.0
301,2023-10-21 23:00:00,0.0
302,2023-10-22 02:00:00,0.0
303,2023-10-22 05:00:00,0.0
304,2023-10-22 08:00:00,456.862053006192
305,2023-10-22 11:00:00,949.0755903389722
306,2023-10-22 14:00:00,758.856911327343
307,2023-10-22 17:00:00,27.79871106221352
308,2023-10-22 20:00:00,0.0
309,2023-10-22 23:00:00,0.0
310,2023-10-23 02:00:00,0.0
311,2023-10-23 05:00:00,0.0
312,2023-10-23 08:00:00,456.2422419416662
313,2023-10-23 11:00:00,948.2328827201553
314,2023-10-23 14:00:00,757.3907441097031
315,2023-10-23 17:00:00,25.625548394006174
316,2023-10-23 20:00:00,0.0
317,2023-10-23 23:00:00,0.0
318,2023-10-24 02:00:00,0.0
319,2023-10-24 05:00:00,0.0
320,2023-10-24 08:00:00,455.57432203816853
321,2023-10-24 11:00:00,947.361677586192
322,2023-10-24 14:00:00,755.9456558122971
323,2023-10-24 17:00:00,23.54712212735997
324,2023-10-24 20:00:00,0.0
325,2023-10-24 23:00:00,0.0
326,2023-10-25 02:00:00,0.0
327,2023-10-25 05:00:00,0.0
328,2023-10-25 08:00:00,454.858558611325
329,2023-10-25 11:00:00,946.4636734633991
330,2023-10-25 14:00:00,754.5243305973312
331,2023-10-25 17:00:00,21.566945163796113
332,2023-10-25 20:00:00,0.0
333,2023-10-25 23:00:00,0.0
334,2023-10-26 02:00:00,0.0
335,2023-10-26 05:00:00,0.0
336,2023-10-26 08:00:00,454.09518581794146
337,2023-10-26 11:00:00,945.5405792161619
338,2023-10-26 14:00:00,753.1294915469623
339,2023-10-26 17:00:00,19.688060074872674
340,2023-10-26 20:00:00,0.0
341,2023-10-26 23:00:00,0.0
342,2023-10-27 02:00:00,0.0
343,2023-10-27 05:00:00,0.0
344,2023-10-27 08:00:00,453.28442266215916
345,2023-10-27 11:00:00,944.5941159298219
346,2023-10-27 14:00:00,751.7638860427742
347,2023-10-27 17:00:00,17.91294821968882
348,2023-10-27 20:00:00,0.0
349,2023-10-27 23:00:00,0.0
350,2023-10-28 02:00:00,0.0
351,2023-10-28 05:00:00,0.0
352,2023-10-28 08:00:00,452.42650269539797
353,2023-10-28 11:00:00,943.6260270270068
354,2023-10-28 14:00:00,750.430273514648
355,2023-10-28 17:00:00,16.243446773566276
356,2023-10-28 20:00:00,0.0
357,2023-10-28 23:00:00,0.0
358,2023-10-29 02:00:00,0.0
359,2023-10-29 05:00:00,0.0
360,2023-10-29 08:00:00,451.52171212058465
361,2023-10-29 11:00:00,942.638094494227
362,2023-10-29 14:00:00,749.1314172955751
363,2023-10-29 17:00:00,14.680678373366572
364,2023-10-29 20:00:00,0.0
365,2023-10-29 23:00:00,0.0
366,2023-10-30 02:00:00,0.0
367,2023-10-30 05:00:00,0.0
368,2023-10-30 08:00:00,450.5704282412328
369,2023-10-30 11:00:00,941.6321564878585
370,2023-10-30 14:00:00,747.8700795454075
371,2023-10-30 17:00:00,13.224996224074923
372,2023-10-30 20:00:00,0.0
373,2023-10-30 23:00:00,0.0
374,2023-10-31 02:00:00,0.0
375,2023-10-31 05:00:00,0.0
376,2023-10-31 08:00:00,449.57315094644025
377,2023-10-31 11:00:00,940.610121050023
378,2023-10-31 14:00:00,746.6490164965918
379,2023-10-31 17:00:00,11.875946500254127
380,2023-10-31 20:00:00,0.0
381,2023-10-31 23:00:00,0.0
382,2023-11-01 02:00:00,0.0
383,2023-11-01 05:00:00,0.0
384,2023-11-01 08:00:00,448.53052310436743
385,2023-11-01 11:00:00,939.5739728189243
386,2023-11-01 14:00:00,745.4709719316938
387,2023-11-01 17:00:00,10.63225018601526
388,2023-11-01 20:00:00,0.0
389,2023-11-01 23:00:00,0.0
390,2023-11-02 02:00:00,0.0
391,2023-11-02 05:00:00,0.0
392,2023-11-02 08:00:00,447.4433400929051
393,2023-11-02 11:00:00,938.5257727362082
394,2023-11-02 14:00:00,744.3386684960599
395,2023-11-02 17:00:00,9.49180724580674
396,2023-11-02 20:00:00,0.0
397,2023-11-02 23:00:00,0.0
398,2023-11-03 02:00:00,0.0
399,2023-11-03 05:00:00,0.0
400,2023-11-03 08:00:00,446.31255114964165
401,2023-11-03 11:00:00,937.4676531623666
402,2023-11-03 14:00:00,743.2547988688866
403,2023-11-03 17:00:00,8.451725594270147
404,2023-11-03 20:00:00,0.0
405,2023-11-03 23:00:00,0.0
406,2023-11-04 02:00:00,0.0
407,2023-11-04 05:00:00,0.0
408,2023-11-04 08:00:00,445.13925572462404
409,2023-11-04 11:00:00,936.4018112659546
410,2023-11-04 14:00:00,742.2220190037315
411,2023-11-04 17:00:00,7.50837580380527
412,2023-11-04 20:00:00,0.0
413,2023-11-04 23:00:00,0.0
414,2023-11-05 02:00:00,0.0
415,2023-11-05 05:00:00,0.0
416,2023-11-05 08:00:00,443.92469714050196
417,2023-11-05 11:00:00,935.33050244712
418,2023-11-05 14:00:00,741.2429443149546
419,2023-11-05 17:00:00,6.657469694332373
420,2023-11-05 20:00:00,0.0
421,2023-11-05 23:00:00,0.0
422,2023-11-06 02:00:00,0.0
423,2023-11-06 05:00:00,0.0
424,2023-11-06 08:00:00,442.6702549847664
425,2023-11-06 11:00:00,934.2560342212973
426,2023-11-06 14:00:00,740.3201478382902
427,2023-11-06 17:00:00,5.894158812731553
428,2023-11-06 20:00:00,0.0
429,2023-11-06 23:00:00,0.0
430,2023-11-07 02:00:00,0.0
431,2023-11-07 05:00:00,0.0
432,2023-11-07 08:00:00,441.3774376738438
433,2023-11-07 11:00:00,933.1807603738911
434,2023-11-07 14:00:00,739.4561582059267
435,2023-11-07 17:00:00,5.213147600640925
436,2023-11-07 20:00:00,0.0
437,2023-11-07 23:00:00,0.0
438,2023-11-08 02:00:00,0.0
439,2023-11-08 05:00:00,0.0
440,2023-11-08 08:00:00,440.04787677117974
441,2023-11-08 11:00:00,932.1070753534613
442,2023-11-08 14:00:00,738.6534558696972
443,2023-11-08 17:00:00,4.608815727388528
444,2023-11-08 20:00:00,0.0
445,2023-11-08 23:00:00,0.0
446,2023-11-09 02:00:00,0.0
447,2023-11-09 05:00:00,0.0
448,2023-11-09 08:00:00,438.68332418118575
449,2023-11-09 11:00:00,931.0374092644256
450,2023-11-09 14:00:00,737.9144671814843
451,2023-11-09 17:00:00,4.075344274539273
452,2023-11-09 20:00:00,0.0
453,2023-11-09 23:00:00,0.0
454,2023-11-10 02:00:00,0.0
455,2023-11-10 05:00:00,0.0
456,2023-11-10 08:00:00,437.2856528011161
457,2023-11-10 11:00:00,929.9742237456813
458,2023-11-10 14:00:00,737.2415566415207
459,2023-11-10 17:00:00,3.6068404995165064
460,2023-11-10 20:00:00,0.0
461,2023-11-10 23:00:00,0.0
462,2023-11-11 02:00:00,0.0
463,2023-11-11 05:00:00,0.0
464,2023-11-11 08:00:00,435.8568597494045
465,2023-11-11 11:00:00,928.9200087265672
466,2023-11-11 14:00:00,736.6370182560797
467,2023-11-11 17:00:00,3.197456110488076
468,2023-11-11 20:00:00,0.0
469,2023-11-11 23:00:00,0.0
470,2023-11-12 02:00:00,0.0
471,2023-11-12 05:00:00,0.0
472,2023-11-12 08:00:00,434.39907098532206
473,2023-11-12 11:00:00,927.877279734148
474,2023-11-12 14:00:00,736.103066914455
475,2023-11-12 17:00:00,2.8414946743808276
476,2023-11-12 20:00:00,0.0
477,2023-11-12 23:00:00,0.0
478,2023-11-13 02:00:00,0.0
479,2023-11-13 05:00:00,0.0
480,2023-11-13 08:00:00,432.9145453933418
481,2023-11-13 11:00:00,926.848575529053
482,2023-11-13 14:00:00,735.6418315451418
483,2023-11-13 17:00:00,2.5335046782949067
484,2023-11-13 20:00:00,0.0
485,2023-11-13 23:00:00,0.0
486,2023-11-14 02:00:00,0.0
487,2023-11-14 05:00:00,0.0
488,2023-11-14 08:00:00,431.40567600179844
489,2023-11-14 11:00:00,925.8364558937236
490,2023-11-14 14:00:00,735.2553522332852
491,2023-11-14 17:00:00,2.268356115051961
492,2023-11-14 20:00:00,0.0
493,2023-11-14 23:00:00,0.0
494,2023-11-15 02:00:00,0.0
495,2023-11-15 05:00:00,0.0
496,2023-11-15 08:00:00,429.8749858315048
497,2023-11-15 11:00:00,924.8434990763253
498,2023-11-15 14:00:00,734.9455830184587
499,2023-11-15 17:00:00,2.0412994886154925
500,2023-11-15 20:00:00,0.0
501,2023-11-15 23:00:00,0.0
502,2023-11-16 02:00:00,0.0
503,2023-11-16 05:00:00,0.0
504,2023-11-16 08:00:00,427.23428653535075
505,2023-11-16 11:00:00,922.8101832519764
506,2023-11-16 14:00:00,733.6373150100364
507,2023-11-16 17:00:00,1.7830911098801532
508,2023-11-16 20:00:00,0.0
509,2023-11-16 23:00:00,0.0
510,2023-11-17 02:00:00,0.0
511,2023-11-17 05:00:00,0.0
512,2023-11-17 08:00:00,424.55936067734496
513,2023-11-17 11:00:00,920.7900235482989
514,2023-11-17 14:00:00,732.3963710723908
515,2023-11-17 17:00:00,1.5636190236738525
516,2023-11-17 20:00:00,0.0
517,2023-11-17 23:00:00,0.0
518,2023-11-18 02:00:00,0.0
519,2023-11-18 05:00:00,0.0
520,2023-11-18 08:00:00,421.8530025682207
521,2023-11-18 11:00:00,918.7857317088286
522,2023-11-18 14:00:00,731.2246531457563
523,2023-11-18 17:00:00,1.3777225731834677
524,2023-11-18 20:00:00,0.0
525,2023-11-18 23:00:00,0.0
526,2023-11-19 02:00:00,0.0
527,2023-11-19 05:00:00,0.0
528,2023-11-19 08:00:00,419.1180466944185
529,2023-11-19 11:00:00,916.8000111545086
530,2023-11-19 14:00:00,730.1240366081872
531,2023-11-19 17:00:00,1.220833116282101
532,2023-11-19 20:00:00,0.0
533,2023-11-19 23:00:00,0.0
534,2023-11-20 02:00:00,0.0
535,2023-11-20 05:00:00,0.0
536,2023-11-20 08:00:00,416.357331020798
537,2023-11-20 11:00:00,914.8355382655519
538,2023-11-20 14:00:00,729.0963735052898
539,2023-11-20 17:00:00,1.0889538024671437
540,2023-11-20 20:00:00,0.0
541,2023-11-20 23:00:00,0.0
542,2023-11-21 02:00:00,0.0
543,2023-11-21 05:00:00,0.0
544,2023-11-21 08:00:00,413.57366537084107
545,2023-11-21 11:00:00,912.894944164921
546,2023-11-21 14:00:00,728.1434903750272
547,2023-11-21 17:00:00,0.9786271048553091
548,2023-11-21 20:00:00,0.0
549,2023-11-21 23:00:00,0.0
550,2023-11-22 02:00:00,0.0
551,2023-11-22 05:00:00,0.0
552,2023-11-22 08:00:00,410.7698101046333
553,2023-11-22 11:00:00,910.980800146417
554,2023-11-22 14:00:00,727.2671812672442
555,2023-11-22 17:00:00,0.8868948417562763
556,2023-11-22 20:00:00,0.0
557,2023-11-22 23:00:00,0.0
558,2023-11-23 02:00:00,0.0
559,2023-11-23 05:00:00,0.0
560,2023-11-23 08:00:00,407.94846894902645
561,2023-11-23 11:00:00,909.0956092899382
562,2023-11-23 14:00:00,726.4691973689115
563,2023-11-23 17:00:00,0.8112547058811215
564,2023-11-23 20:00:00,0.0
565,2023-11-23 23:00:00,0.0
566,2023-11-24 02:00:00,0.0
567,2023-11-24 05:00:00,0.0
568,2023-11-24 08:00:00,405.1122973729101
569,2023-11-24 11:00:00,907.2418059473828
570,2023-11-24 14:00:00,725.7512352718529
571,2023-11-24 17:00:00,0.7496165519143179
572,2023-11-24 20:00:00,0.0
573,2023-11-24 23:00:00,0.0
574,2023-11-25 02:00:00,0.0
575,2023-11-25 05:00:00,0.0
576,2023-11-25 08:00:00,402.2639254043039
577,2023-11-25 11:00:00,905.4217633806545
578,2023-11-25 14:00:00,725.1149263785733
579,2023-11-25 17:00:00,0.7002609030261114
580,2023-11-25 20:00:00,0.0
581,2023-11-25 23:00:00,0.0
582,2023-11-26 02:00:00,0.0
583,2023-11-26 05:00:00,0.0
584,2023-11-26 08:00:00,399.4059904701142
585,2023-11-26 11:00:00,903.6378080068051
586,2023-11-26 14:00:00,724.5618293117823
587,2023-11-26 17:00:00,0.6618013793374536
588,2023-11-26 20:00:00,0.0
589,2023-11-26 23:00:00,0.0
590,2023-11-27 02:00:00,0.0
591,2023-11-27 05:00:00,0.0
592,2023-11-27 08:00:00,396.5411735942089
593,2023-11-27 11:00:00,901.8922364414911
594,2023-11-27 14:00:00,724.0934251172171
595,2023-11-27 17:00:00,0.633152086023765
596,2023-11-27 20:00:00,0.0
597,2023-11-27 23:00:00,0.0
598,2023-11-28 02:00:00,0.0
599,2023-11-28 05:00:00,0.0
600,2023-11-28 08:00:00,393.67223166102514
601,2023-11-28 11:00:00,900.1873303012424
602,2023-11-28 14:00:00,723.7111129772647
603,2023-11-28 17:00:00,0.0
604,2023-11-28 20:00:00,0.0
605,2023-11-28 23:00:00,0.0
606,2023-11-29 02:00:00,0.0
607,2023-11-29 05:00:00,0.0
608,2023-11-29 08:00:00,390.80202016777355
609,2023-11-29 11:00:00,898.5253645714929
610,2023-11-29 14:00:00,723.4162038479717
611,2023-11-29 17:00:00,0.0
612,2023-11-29 20:00:00,0.0
613,2023-11-29 23:00:00,0.0
614,2023-11-30 02:00:00,0.0
615,2023-11-30 05:00:00,0.0
616,2023-11-30 08:00:00,387.9335045703816
617,2023-11-30 11:00:00,896.9086081586125
618,2023-11-30 14:00:00,723.209911105743
619,2023-11-30 17:00:00,0.0
620,2023-11-30 20:00:00,0.0
621,2023-11-30 23:00:00,0.0
622,2023-12-01 02:00:00,0.0
623,2023-12-01 05:00:00,0.0
624,2023-12-01 08:00:00,385.06976185107334
625,2023-12-01 11:00:00,895.3393184825975
626,2023-12-01 14:00:00,723.0933399685996
627,2023-12-01 17:00:00,0.0
628,2023-12-01 20:00:00,0.0
629,2023-12-01 23:00:00,0.0
630,2023-12-02 02:00:00,0.0
631,2023-12-02 05:00:00,0.0
632,2023-12-02 08:00:00,382.21397555167755
633,2023-12-02 11:00:00,893.8197334089544
634,2023-12-02 14:00:00,723.0674783814053
635,2023-12-02 17:00:00,0.0
636,2023-12-02 20:00:00,0.0
637,2023-12-02 23:00:00,0.0
638,2023-12-03 02:00:00,0.0
639,2023-12-03 05:00:00,0.0
640,2023-12-03 08:00:00,379.369427347408
641,2023-12-03 11:00:00,892.3520630898498
642,2023-12-03 14:00:00,723.1331910815137
643,2023-12-03 17:00:00,0.0
644,2023-12-03 20:00:00,0.0
645,2023-12-03 23:00:00,0.0
646,2023-12-04 02:00:00,0.0
647,2023-12-04 05:00:00,0.0
648,2023-12-04 08:00:00,376.5394867737092
649,2023-12-04 11:00:00,890.9384824268587
650,2023-12-04 14:00:00,723.2912162225425
651,2023-12-04 17:00:00,0.0
652,2023-12-04 20:00:00,0.0
653,2023-12-04 23:00:00,0.0
654,2023-12-05 02:00:00,0.0
655,2023-12-05 05:00:00,0.0
656,2023-12-05 08:00:00,373.72760038102115
657,2023-12-05 11:00:00,889.5811238244969
658,2023-12-05 14:00:00,723.5421626079792
659,2023-12-05 17:00:00,0.0
660,2023-12-05 20:00:00,0.0
661,2023-12-05 23:00:00,0.0
662,2023-12-06 02:00:00,0.0
663,2023-12-06 05:00:00,0.0
664,2023-12-06 08:00:00,370.93728159174685
665,2023-12-06 11:00:00,888.282070189156
666,2023-12-06 14:00:00,723.8865060452829
667,2023-12-06 17:00:00,0.0
668,2023-12-06 20:00:00,0.0
669,2023-12-06 23:00:00,0.0
670,2023-12-07 02:00:00,0.0
671,2023-12-07 05:00:00,0.0
672,2023-12-07 08:00:00,368.17210301904333
673,2023-12-07 11:00:00,887.0433487870964
674,2023-12-07 14:00:00,724.3245842287923
675,2023-12-07 17:00:00,0.8257752753846919
676,2023-12-07 20:00:00,0.0
677,2023-12-07 23:00:00,0.0
678,2023-12-08 02:00:00,0.0
679,2023-12-08 05:00:00,0.0
680,2023-12-08 08:00:00,365.43569233887064
681,2023-12-08 11:00:00,885.8669264910337
682,2023-12-08 14:00:00,724.8565904134762
683,2023-12-08 17:00:00,0.9041911481087237
684,2023-12-08 20:00:00,0.0
685,2023-12-08 23:00:00,0.0
686,2023-12-09 02:00:00,0.0
687,2023-12-09 05:00:00,0.0
688,2023-12-09 08:00:00,362.7317311199122
689,2023-12-09 11:00:00,884.7547060917934
690,2023-12-09 14:00:00,725.4825657750062
691,2023-12-09 17:00:00,0.9990152596089792
692,2023-12-09 20:00:00,0.0
693,2023-12-09 23:00:00,0.0
694,2023-12-10 02:00:00,0.0
695,2023-12-10 05:00:00,0.0
696,2023-12-10 08:00:00,360.0639552277646
697,2023-12-10 11:00:00,883.7085228875817
698,2023-12-10 14:00:00,726.202390935623
699,2023-12-10 17:00:00,1.112813923366557
700,2023-12-10 20:00:00,0.0
701,2023-12-10 23:00:00,0.0
702,2023-12-11 02:00:00,0.0
703,2023-12-11 05:00:00,0.0
704,2023-12-11 08:00:00,357.4361548705395
705,2023-12-11 11:00:00,882.7301416182883
706,2023-12-11 14:00:00,727.0157787146488
707,2023-12-11 17:00:00,1.2486196789876371
708,2023-12-11 20:00:00,0.0
709,2023-12-11 23:00:00,0.0
710,2023-12-12 02:00:00,0.0
711,2023-12-12 05:00:00,0.0
712,2023-12-12 08:00:00,354.8521732286871
713,2023-12-12 11:00:00,881.8212548845736
714,2023-12-12 14:00:00,727.9222718076769
715,2023-12-12 17:00:00,1.409978218450952
716,2023-12-12 20:00:00,0.0
717,2023-12-12 23:00:00,0.0
718,2023-12-13 02:00:00,0.0
719,2023-12-13 05:00:00,0.0
720,2023-12-13 08:00:00,352.3159018130698
721,2023-12-13 11:00:00,880.9834839955051
722,2023-12-13 14:00:00,728.9212492012293
723,2023-12-13 17:00:00,1.6009949428193782
724,2023-12-13 20:00:00,0.0
725,2023-12-13 23:00:00,0.0
726,2023-12-14 02:00:00,0.0
727,2023-12-14 05:00:00,0.0
728,2023-12-14 08:00:00,349.83126906615485
729,2023-12-14 11:00:00,880.2183809532354
730,2023-12-14 14:00:00,730.0119421400482
731,2023-12-14 17:00:00,1.826379069079631
732,2023-12-14 20:00:00,0.0
733,2023-12-14 23:00:00,0.0
734,2023-12-15 02:00:00,0.0
735,2023-12-15 05:00:00,0.0
736,2023-12-15 08:00:00,347.4022178446268
737,2023-12-15 11:00:00,879.5274276240199
738,2023-12-15 14:00:00,731.1934561960418
739,2023-12-15 17:00:00,2.0914823848277275
740,2023-12-15 20:00:00,0.0
741,2023-12-15 23:00:00,0.0
742,2023-12-16 02:00:00,0.0
743,2023-12-16 05:00:00,0.0
744,2023-12-16 08:00:00,345.16666569092706
745,2023-12-16 11:00:00,879.0366869545173
746,2023-12-16 14:00:00,732.5921931811747
747,2023-12-16 17:00:00,2.4125363321451974
748,2023-12-16 20:00:00,0.0
749,2023-12-16 23:00:00,0.0
750,2023-12-17 02:00:00,0.0
751,2023-12-17 05:00:00,0.0
752,2023-12-17 08:00:00,343.1296525001146
753,2023-12-17 11:00:00,878.7480843986905
754,2023-12-17 14:00:00,734.2076712926159
755,2023-12-17 17:00:00,2.7999405241903657
756,2023-12-17 20:00:00,0.0
757,2023-12-17 23:00:00,0.0
758,2023-12-18 02:00:00,0.0
759,2023-12-18 05:00:00,0.0
760,2023-12-18 08:00:00,341.1612027203674
761,2023-12-18 11:00:00,878.5382790863196
762,2023-12-18 14:00:00,735.9114343246185
763,2023-12-18 17:00:00,3.252876443410965
764,2023-12-18 20:00:00,0.0
765,2023-12-18 23:00:00,0.0
766,2023-12-19 02:00:00,0.0
767,2023-12-19 05:00:00,0.0
768,2023-12-19 08:00:00,339.2647448828619
769,2023-12-19 11:00:00,878.4082279237991
770,2023-12-19 14:00:00,737.7021305828852
771,2023-12-19 17:00:00,3.780389616666638
772,2023-12-19 20:00:00,0.0
773,2023-12-19 23:00:00,0.0
774,2023-12-20 02:00:00,0.0
775,2023-12-20 05:00:00,0.0
776,2023-12-20 08:00:00,337.4434965663953
777,2023-12-20 11:00:00,878.3587325037015
778,2023-12-20 14:00:00,739.5783340299985
779,2023-12-20 17:00:00,4.392206319695113
780,2023-12-20 20:00:00,0.0
781,2023-12-20 23:00:00,0.0
782,2023-12-21 02:00:00,0.0
783,2023-12-21 05:00:00,0.0
784,2023-12-21 08:00:00,335.7004475029545
785,2023-12-21 11:00:00,878.3904336246488
786,2023-12-21 14:00:00,741.5385453003637
787,2023-12-21 17:00:00,5.098634774932297
788,2023-12-21 20:00:00,0.0
789,2023-12-21 23:00:00,0.0
790,2023-12-22 02:00:00,0.0
791,2023-12-22 05:00:00,0.0
792,2023-12-22 08:00:00,334.0383597564274
793,2023-12-22 11:00:00,878.5038151015274
794,2023-12-22 14:00:00,743.5811931138621
795,2023-12-22 17:00:00,5.910429849142225
796,2023-12-22 20:00:00,0.0
797,2023-12-22 23:00:00,0.0
798,2023-12-23 02:00:00,0.0
799,2023-12-23 05:00:00,0.0
800,2023-12-23 08:00:00,332.45978178368455
801,2023-12-23 11:00:00,878.6992148235468
802,2023-12-23 14:00:00,745.7046358243463
803,2023-12-23 17:00:00,6.83862172221899
804,2023-12-23 20:00:00,0.0
805,2023-12-23 23:00:00,0.0
806,2023-12-24 02:00:00,0.0
807,2023-12-24 05:00:00,0.0
808,2023-12-24 08:00:00,330.9670720442815
809,2023-12-24 11:00:00,878.976840360732
810,2023-12-24 14:00:00,747.907162358468
811,2023-12-24 17:00:00,7.89431143144026
812,2023-12-24 20:00:00,0.0
813,2023-12-24 23:00:00,0.0
814,2023-12-25 02:00:00,0.0
815,2023-12-25 05:00:00,0.0
816,2023-12-25 08:00:00,329.5624272485271
817,2023-12-25 11:00:00,879.3367860450038
818,2023-12-25 14:00:00,750.1869919297366
819,2023-12-25 17:00:00,9.088438697976432
820,2023-12-25 20:00:00,0.0
821,2023-12-25 23:00:00,0.0
822,2023-12-26 02:00:00,0.0
823,2023-12-26 05:00:00,0.0
824,2023-12-26 08:00:00,328.24790968730065
825,2023-12-26 11:00:00,879.7790482899289
826,2023-12-26 14:00:00,752.5422721134371
827,2023-12-26 17:00:00,10.431530016125976
828,2023-12-26 20:00:00,0.0
829,2023-12-26 23:00:00,0.0
830,2023-12-27 02:00:00,0.0
831,2023-12-27 05:00:00,0.0
832,2023-12-27 08:00:00,327.0254683564255
833,2023-12-27 11:00:00,880.3035363068577
834,2023-12-27 14:00:00,754.9710750024399
835,2023-12-27 17:00:00,11.9334369820921
836,2023-12-27 20:00:00,0.0
837,2023-12-27 23:00:00,0.0
838,2023-12-28 02:00:00,0.0
839,2023-12-28 05:00:00,0.0
840,2023-12-28 08:00:00,325.8969509774255
841,2023-12-28 11:00:00,880.9100770523204
842,2023-12-28 14:00:00,757.4713920616695
843,2023-12-28 17:00:00,13.603076671037954
844,2023-12-28 20:00:00,0.0
845,2023-12-28 23:00:00,0.0
846,2023-12-29 02:00:00,0.0
847,2023-12-29 05:00:00,0.0
848,2023-12-29 08:00:00,324.8641069212997
849,2023-12-29 11:00:00,881.598415344122
850,2023-12-29 14:00:00,760.0411290084245
851,2023-12-29 17:00:00,15.448186574368279
852,2023-12-29 20:00:00,0.0
853,2023-12-29 23:00:00,0.0
854,2023-12-30 02:00:00,0.0
855,2023-12-30 05:00:00,0.0
856,2023-12-30 08:00:00,323.928583601629
857,2023-12-30 11:00:00,882.368211274926
858,2023-12-30 14:00:00,762.6781022472561
859,2023-12-30 17:00:00,17.475106587587213
860,2023-12-30 20:00:00,0.0
861,2023-12-30 23:00:00,0.0
862,2023-12-31 02:00:00,0.0
863,2023-12-31 05:00:00,0.0
864,2023-12-31 08:00:00,323.091918889752
865,2023-12-31 11:00:00,883.2190367986299
866,2023-12-31 14:00:00,765.3800377442212
867,2023-12-31 17:00:00,19.688598836987754
868,2023-12-31 20:00:00,0.0
869,2023-12-31 23:00:00,0.0
870,2024-01-01 02:00:00,0.0
871,2024-01-01 05:00:00,0.0
872,2024-01-01 08:00:00,322.3555314498806
873,2024-01-01 11:00:00,884.1503723099995
874,2024-01-01 14:00:00,768.1445718858434
875,2024-01-01 17:00:00,22.091713157095846
876,2024-01-01 20:00:00,0.0
877,2024-01-01 23:00:00,0.0
878,2024-01-02 02:00:00,0.0
879,2024-01-02 05:00:00,0.0
880,2024-01-02 08:00:00,321.7207105019146
881,2024-01-02 11:00:00,885.1616034322795
882,2024-01-02 14:00:00,770.9692532679336
883,2024-01-02 17:00:00,24.68570243637781
884,2024-01-02 20:00:00,0.0
885,2024-01-02 23:00:00,0.0
886,2024-01-03 02:00:00,0.0
887,2024-01-03 05:00:00,0.0
888,2024-01-03 08:00:00,321.1886068541709
889,2024-01-03 11:00:00,886.2520185504272
890,2024-01-03 14:00:00,773.8515442747669
891,2024-01-03 17:00:00,27.469988204695586
892,2024-01-03 20:00:00,0.0
893,2024-01-03 23:00:00,0.0
894,2024-01-04 02:00:00,0.0
895,2024-01-04 05:00:00,0.0
896,2024-01-04 08:00:00,320.76022766495356
897,2024-01-04 11:00:00,887.4208078485815
898,2024-01-04 14:00:00,776.7888217226109
899,2024-01-04 17:00:00,30.442173957174028
900,2024-01-04 20:00:00,0.0
901,2024-01-04 23:00:00,0.0
902,2024-01-05 02:00:00,0.0
903,2024-01-05 05:00:00,0.0
904,2024-01-05 08:00:00,320.43643599686584
905,2024-01-05 11:00:00,888.6670641346836
906,2024-01-05 14:00:00,779.7783759897044
907,2024-01-05 17:00:00,33.59810119844836
908,2024-01-05 20:00:00,0.0
909,2024-01-05 23:00:00,0.0
910,2024-01-06 02:00:00,0.0
911,2024-01-06 05:00:00,0.0
912,2024-01-06 08:00:00,320.2179544006709
913,2024-01-06 11:00:00,889.989784591807
914,2024-01-06 14:00:00,782.8174081675002
915,2024-01-06 17:00:00,36.93194163965042
916,2024-01-06 20:00:00,0.0
917,2024-01-06 23:00:00,0.0
918,2024-01-07 02:00:00,0.0
919,2024-01-07 05:00:00,0.0
920,2024-01-07 08:00:00,320.1053705899006
921,2024-01-07 11:00:00,891.3878724034947
922,2024-01-07 14:00:00,785.9030253750582
923,2024-01-07 17:00:00,40.43631895906281
924,2024-01-07 20:00:00,0.0
925,2024-01-07 23:00:00,0.0
926,2024-01-08 02:00:00,0.0
927,2024-01-08 05:00:00,0.0
928,2024-01-08 08:00:00,320.099143768024
929,2024-01-08 11:00:00,892.8601384657982
930,2024-01-08 14:00:00,789.0322360970079
931,2024-01-08 17:00:00,44.10245491743787
932,2024-01-08 20:00:00,0.0
933,2024-01-08 23:00:00,0.0
934,2024-01-09 02:00:00,0.0
935,2024-01-09 05:00:00,0.0
936,2024-01-09 08:00:00,320.19961180407404
937,2024-01-09 11:00:00,894.4053050217533
938,2024-01-09 14:00:00,792.2019494802317
939,2024-01-09 17:00:00,47.92033773481635
940,2024-01-09 20:00:00,0.0
941,2024-01-09 23:00:00,0.0
942,2024-01-10 02:00:00,0.0
943,2024-01-10 05:00:00,0.0
944,2024-01-10 08:00:00,320.4069987367019
945,2024-01-10 11:00:00,896.0220131462022
946,2024-01-10 14:00:00,795.4089829561291
947,2024-01-10 17:00:00,51.87891251772131
948,2024-01-10 20:00:00,0.0
949,2024-01-10 23:00:00,0.0
950,2024-01-11 02:00:00,0.0
951,2024-01-11 05:00:00,0.0
952,2024-01-11 08:00:00,320.7214195206268
953,2024-01-11 11:00:00,897.7088333336794
954,2024-01-11 14:00:00,798.6500804444538
955,2024-01-11 17:00:00,55.966292432167265
956,2024-01-11 20:00:00,0.0
957,2024-01-11 23:00:00,0.0
958,2024-01-12 02:00:00,0.0
959,2024-01-12 05:00:00,0.0
960,2024-01-12 08:00:00,321.1428757633463
961,2024-01-12 11:00:00,899.4642749134782
962,2024-01-12 14:00:00,801.921938882193
963,2024-01-12 17:00:00,60.16998477834227
964,2024-01-12 20:00:00,0.0
965,2024-01-12 23:00:00,0.0
966,2024-01-13 02:00:00,0.0
967,2024-01-13 05:00:00,0.0
968,2024-01-13 08:00:00,321.6712368001408
969,2024-01-13 11:00:00,901.286788516507
970,2024-01-13 14:00:00,805.2212370618088
971,2024-01-13 17:00:00,64.47711992097837
972,2024-01-13 20:00:00,0.0
973,2024-01-13 23:00:00,0.0
974,2024-01-14 02:00:00,0.0
975,2024-01-14 05:00:00,0.0
976,2024-01-14 08:00:00,322.30620567031303
977,2024-01-14 11:00:00,903.1747582379176
978,2024-01-14 14:00:00,808.5446599030953
979,2024-01-14 17:00:00,68.87466825217646
980,2024-01-14 20:00:00,0.0
981,2024-01-14 23:00:00,0.0
982,2024-01-15 02:00:00,0.0
983,2024-01-15 05:00:00,0.0
984,2024-01-15 08:00:00,323.0472768058862
985,2024-01-15 11:00:00,905.1264855388471
986,2024-01-15 14:00:00,811.8889143433112
987,2024-01-15 17:00:00,73.34963288054563
988,2024-01-15 20:00:00,0.0
989,2024-01-15 23:00:00,0.0
990,2024-01-16 02:00:00,0.0
991,2024-01-16 05:00:00,0.0
992,2024-01-16 08:00:00,323.24978829344315
993,2024-01-16 11:00:00,906.5605389342448
994,2024-01-16 14:00:00,814.6630662216037
995,2024-01-16 17:00:00,77.39646923207506
996,2024-01-16 20:00:00,0.0
997,2024-01-16 23:00:00,0.0
998,2024-01-17 02:00:00,0.0
999,2024-01-17 05:00:00,0.0
1000,2024-01-17 08:00:00,322.9215406013085
1001,2024-01-17 11:00:00,907.48041453997
1002,2024-01-17 14:00:00,816.870164424757
1003,2024-01-17 17:00:00,80.97977482446825
1004,2024-01-17 20:00:00,0.0
1005,2024-01-17 23:00:00,0.0
1006,2024-01-18 02:00:00,0.0
1007,2024-01-18 05:00:00,0.0
1008,2024-01-18 08:00:00,322.70864539136346
1009,2024-01-18 11:00:00,908.4658302907183
1010,2024-01-18 14:00:00,819.0970726221576
1011,2024-01-18 17:00:00,84.5764302049431
1012,2024-01-18 20:00:00,0.0
1013,2024-01-18 23:00:00,0.0
1014,2024-01-19 02:00:00,0.0
1015,2024-01-19 05:00:00,0.0
1016,2024-01-19 08:00:00,322.6101929236011
1017,2024-01-19 11:00:00,909.5150136005865
1018,2024-01-19 14:00:00,821.3409852631746
1019,2024-01-19 17:00:00,88.1793924594421
1020,2024-01-19 20:00:00,0.0
1021,2024-01-19 23:00:00,0.0
1022,2024-01-20 02:00:00,0.0
1023,2024-01-20 05:00:00,0.0
1024,2024-01-20 08:00:00,322.6250112421561
1025,2024-01-20 11:00:00,910.626088231749
1026,2024-01-20 14:00:00,823.5991409934211
1027,2024-01-20 17:00:00,91.78204326866515
1028,2024-01-20 20:00:00,0.0
1029,2024-01-20 23:00:00,0.0
1030,2024-01-21 02:00:00,0.0
1031,2024-01-21 05:00:00,0.0
1032,2024-01-21 08:00:00,322.7516968254384
1033,2024-01-21 11:00:00,911.7970912958143
1034,2024-01-21 14:00:00,825.8688277931219
1035,2024-01-21 17:00:00,95.378196077996
1036,2024-01-21 20:00:00,0.0
1037,2024-01-21 23:00:00,0.0
1038,2024-01-22 02:00:00,0.0
1039,2024-01-22 05:00:00,0.0
1040,2024-01-22 08:00:00,322.98864781923834
1041,2024-01-22 11:00:00,913.0259887995148
1042,2024-01-22 14:00:00,828.1473826151359
1043,2024-01-22 17:00:00,98.96208811035021
1044,2024-01-22 20:00:00,0.0
1045,2024-01-22 23:00:00,0.0
1046,2024-01-23 02:00:00,0.0
1047,2024-01-23 05:00:00,0.0
1048,2024-01-23 08:00:00,323.3340966005956
1049,2024-01-23 11:00:00,914.3106883895153
1050,2024-01-23 14:00:00,830.432186399443
1051,2024-01-23 17:00:00,102.52836074327651
1052,2024-01-23 20:00:00,0.0
1053,2024-01-23 23:00:00,0.0
1054,2024-01-24 02:00:00,0.0
1055,2024-01-24 05:00:00,0.0
1056,2024-01-24 08:00:00,323.7861394535665
1057,2024-01-24 11:00:00,915.6490492829397
1058,2024-01-24 14:00:00,832.7206569070042
1059,2024-01-24 17:00:00,106.0720341025568
1060,2024-01-24 20:00:00,0.0
1061,2024-01-24 23:00:00,0.0
1062,2024-01-25 02:00:00,0.0
1063,2024-01-25 05:00:00,0.0
1064,2024-01-25 08:00:00,324.342761358342
1065,2024-01-25 11:00:00,917.0388895366387
1066,2024-01-25 14:00:00,835.0102417203736
1067,2024-01-25 17:00:00,109.5884808360288
1068,2024-01-25 20:00:00,0.0
1069,2024-01-25 23:00:00,0.0
1070,2024-01-26 02:00:00,0.0
1071,2024-01-26 05:00:00,0.0
1072,2024-01-26 08:00:00,325.0018548960094
1073,2024-01-26 11:00:00,918.4779909107833
1074,2024-01-26 14:00:00,837.29841277319
1075,2024-01-26 17:00:00,113.0734019119953
1076,2024-01-26 20:00:00,0.0
1077,2024-01-26 23:00:00,0.0
1078,2024-01-27 02:00:00,0.0
1079,2024-01-27 05:00:00,0.0
1080,2024-01-27 08:00:00,325.7612332680378
1081,2024-01-27 11:00:00,919.9641015140019
1082,2024-01-27 14:00:00,839.582662675202
1083,2024-01-27 17:00:00,116.52280565381739
1084,2024-01-27 20:00:00,0.0
1085,2024-01-27 23:00:00,0.0
1086,2024-01-28 02:00:00,0.0
1087,2024-01-28 05:00:00,0.0
1088,2024-01-28 08:00:00,326.61863809948625
1089,2024-01-28 11:00:00,921.4949367108026
1090,2024-01-28 14:00:00,841.8605028711934
1091,2024-01-28 17:00:00,119.93298993130372
1092,2024-01-28 20:00:00,0.0
1093,2024-01-28 23:00:00,0.0
1094,2024-01-29 02:00:00,0.0
1095,2024-01-29 05:00:00,0.0
1096,2024-01-29 08:00:00,327.57174364854205
1097,2024-01-29 11:00:00,923.068179026096
1098,2024-01-29 14:00:00,844.1294633836214
1099,2024-01-29 17:00:00,123.30052709433826
1100,2024-01-29 20:00:00,0.0
1101,2024-01-29 23:00:00,0.0
1102,2024-01-30 02:00:00,0.0
1103,2024-01-30 05:00:00,0.0
1104,2024-01-30 08:00:00,328.6181592876083
1105,2024-01-30 11:00:00,924.6814778693387
1106,2024-01-30 14:00:00,846.3870934876002
1107,2024-01-30 17:00:00,126.622250114242
1108,2024-01-30 20:00:00,0.0
1109,2024-01-30 23:00:00,0.0
1110,2024-01-31 02:00:00,0.0
1111,2024-01-31 05:00:00,0.0
1112,2024-01-31 08:00:00,329.75543269388777
1113,2024-01-31 11:00:00,926.3324499846713
1114,2024-01-31 14:00:00,848.6309623344631
1115,2024-01-31 17:00:00,129.8952376512925
1116,2024-01-31 20:00:00,0.0
1117,2024-01-31 23:00:00,0.0
1118,2024-02-01 02:00:00,0.0
1119,2024-02-01 05:00:00,0.0
1120,2024-02-01 08:00:00,330.98105582764606
1121,2024-02-01 11:00:00,928.0186811750644
1122,2024-02-01 14:00:00,850.858658305453
1123,2024-02-01 17:00:00,133.11679614325647
1124,2024-02-01 20:00:00,0.0
1125,2024-02-01 23:00:00,0.0
1126,2024-02-02 02:00:00,0.0
1127,2024-02-02 05:00:00,0.0
1128,2024-02-02 08:00:00,332.2924746728664
1129,2024-02-02 11:00:00,929.7377293709745
1130,2024-02-02 14:00:00,853.0677864088577
1131,2024-02-02 17:00:00,136.2844377641961
1132,2024-02-02 20:00:00,0.0
1133,2024-02-02 23:00:00,0.0
1134,2024-02-03 02:00:00,0.0
1135,2024-02-03 05:00:00,0.0
1136,2024-02-03 08:00:00,333.6871019650656
1137,2024-02-03 11:00:00,931.4871285185601
1138,2024-02-03 14:00:00,855.2559634845612
1139,2024-02-03 17:00:00,139.3958547419971
1140,2024-02-03 20:00:00,0.0
1141,2024-02-03 23:00:00,0.0
1142,2024-02-04 02:00:00,0.0
1143,2024-02-04 05:00:00,0.0
1144,2024-02-04 08:00:00,335.1623315726351
1145,2024-02-04 11:00:00,933.2643925474807
1146,2024-02-04 14:00:00,857.4208115399146
1147,2024-02-04 17:00:00,142.44889129483718
1148,2024-02-04 20:00:00,0.0
1149,2024-02-04 23:00:00,0.0
1150,2024-02-05 02:00:00,0.0
1151,2024-02-05 05:00:00,0.0
1152,2024-02-05 08:00:00,336.71555323201727
1153,2024-02-05 11:00:00,935.0670194256033
1154,2024-02-05 14:00:00,859.5599505146258
1155,2024-02-05 17:00:00,145.44151556627915
1156,2024-02-05 20:00:00,0.0
1157,2024-02-05 23:00:00,0.0
1158,2024-02-06 02:00:00,0.0
1159,2024-02-06 05:00:00,0.0
1160,2024-02-06 08:00:00,338.3441673962561
1161,2024-02-06 11:00:00,936.8924962818508
1162,2024-02-06 14:00:00,861.6709929825797
1163,2024-02-06 17:00:00,148.37179585470028
1164,2024-02-06 20:00:00,0.0
1165,2024-02-06 23:00:00,0.0
1166,2024-02-07 02:00:00,0.0
1167,2024-02-07 05:00:00,0.0
1168,2024-02-07 08:00:00,340.04559990598403
1169,2024-02-07 11:00:00,938.7383070428693
1170,2024-02-07 14:00:00,863.7515445813659
1171,2024-02-07 17:00:00,151.23788673821193
1172,2024-02-07 20:00:00,0.0
1173,2024-02-07 23:00:00,0.0
1174,2024-02-08 02:00:00,0.0
1175,2024-02-08 05:00:00,0.0
1176,2024-02-08 08:00:00,341.8173142849028
1177,2024-02-08 11:00:00,940.6019427938495
1178,2024-02-08 14:00:00,865.799213337362
1179,2024-02-08 17:00:00,154.03803047720893
1180,2024-02-08 20:00:00,0.0
1181,2024-02-08 23:00:00,0.0
1182,2024-02-09 02:00:00,0.0
1183,2024-02-09 05:00:00,0.0
1184,2024-02-09 08:00:00,343.6568174248829
1185,2024-02-09 11:00:00,942.4809124402518
1186,2024-02-09 14:00:00,867.8116281113436
1187,2024-02-09 17:00:00,156.7705748361179
1188,2024-02-09 20:00:00,0.0
1189,2024-02-09 23:00:00,0.0
1190,2024-02-10 02:00:00,0.0
1191,2024-02-10 05:00:00,0.0
1192,2024-02-10 08:00:00,345.5616534862234
1193,2024-02-10 11:00:00,944.3727492662036
1194,2024-02-10 14:00:00,869.7864623781231
1195,2024-02-10 17:00:00,159.43400229269983
1196,2024-02-10 20:00:00,0.0
1197,2024-02-10 23:00:00,0.0
1198,2024-02-11 02:00:00,0.0
1199,2024-02-11 05:00:00,0.0
1200,2024-02-11 08:00:00,347.5293837523919
1201,2024-02-11 11:00:00,946.275009381375
1202,2024-02-11 14:00:00,871.7214569239228
1203,2024-02-11 17:00:00,162.02696143976948
1204,2024-02-11 20:00:00,0.0
1205,2024-02-11 23:00:00,0.0
1206,2024-02-12 02:00:00,0.0
1207,2024-02-12 05:00:00,0.0
1208,2024-02-12 08:00:00,349.55755557597485
1209,2024-02-12 11:00:00,948.1852616750144
1210,2024-02-12 14:00:00,873.6144364711563
1211,2024-02-12 17:00:00,164.54829170542615
1212,2024-02-12 20:00:00,0.0
1213,2024-02-12 23:00:00,0.0
1214,2024-02-13 02:00:00,0.0
1215,2024-02-13 05:00:00,0.0
1216,2024-02-13 08:00:00,351.6436684313165
1217,2024-02-13 11:00:00,950.1010735637019
1218,2024-02-13 14:00:00,875.4633194605301
1219,2024-02-13 17:00:00,166.99703813471834
1220,2024-02-13 20:00:00,0.0
1221,2024-02-13 23:00:00,0.0
1222,2024-02-14 02:00:00,0.0
1223,2024-02-14 05:00:00,0.0
1224,2024-02-14 08:00:00,353.78514690797044
1225,2024-02-14 11:00:00,952.01999935527
1226,2024-02-14 14:00:00,877.266124370817
1227,2024-02-14 17:00:00,169.37245859373138
1228,2024-02-14 20:00:00,0.0
1229,2024-02-14 23:00:00,0.0
1230,2024-02-15 02:00:00,0.0
1231,2024-02-15 05:00:00,0.0
1232,2024-02-15 08:00:00,355.4213363582137
1233,2024-02-15 11:00:00,953.3773718792133
1234,2024-02-15 14:00:00,878.4581288316529
1235,2024-02-15 17:00:00,171.1706438684962
1236,2024-02-15 20:00:00,0.0
1237,2024-02-15 23:00:00,0.0
1238,2024-02-16 02:00:00,0.0
1239,2024-02-16 05:00:00,0.0
1240,2024-02-16 08:00:00,356.5695317014259
1241,2024-02-16 11:00:00,954.1820524521314
1242,2024-02-16 14:00:00,879.0496151336366
1243,2024-02-16 17:00:00,172.41218174126917
1244,2024-02-16 20:00:00,0.0
1245,2024-02-16 23:00:00,0.0
1246,2024-02-17 02:00:00,0.0
1247,2024-02-17 05:00:00,0.0
1248,2024-02-17 08:00:00,357.79113367416596
1249,2024-02-17 11:00:00,954.9974923543602
1250,2024-02-17 14:00:00,879.6057390011761
1251,2024-02-17 17:00:00,173.6071170583089
1252,2024-02-17 20:00:00,0.0
1253,2024-02-17 23:00:00,0.0
1254,2024-02-18 02:00:00,0.0
1255,2024-02-18 05:00:00,0.0
1256,2024-02-18 08:00:00,359.0827176728054
1257,2024-02-18 11:00:00,955.8211528359147
1258,2024-02-18 14:00:00,880.1249052574427
1259,2024-02-18 17:00:00,174.7552998380355
1260,2024-02-18 20:00:00,0.0
1261,2024-02-18 23:00:00,0.0
1262,2024-02-19 02:00:00,0.0
1263,2024-02-19 05:00:00,0.0
1264,2024-02-19 08:00:00,360.4408146622423
1265,2024-02-19 11:00:00,956.6505097586005
1266,2024-02-19 14:00:00,880.6056419775736
1267,2024-02-19 17:00:00,175.85675953256137
1268,2024-02-19 20:00:00,0.0
1269,2024-02-19 23:00:00,0.0
1270,2024-02-20 02:00:00,0.0
1271,2024-02-20 05:00:00,0.0
1272,2024-02-20 08:00:00,361.86193053804504
1273,2024-02-20 11:00:00,957.4830618161475
1274,2024-02-20 14:00:00,881.0465935817426
1275,2024-02-20 17:00:00,176.91168260025776
1276,2024-02-20 20:00:00,0.0
1277,2024-02-20 23:00:00,0.0
1278,2024-02-21 02:00:00,0.0
1279,2024-02-21 05:00:00,0.0
1280,2024-02-21 08:00:00,363.34256465495446
1281,2024-02-21 11:00:00,958.3163370131649
1282,2024-02-21 14:00:00,881.4465109851808
1283,2024-02-21 17:00:00,177.9203875958137
1284,2024-02-21 20:00:00,0.0
1285,2024-02-21 23:00:00,0.0
1286,2024-02-22 02:00:00,0.0
1287,2024-02-22 05:00:00,0.0
1288,2024-02-22 08:00:00,364.8792269109326
1289,2024-02-22 11:00:00,959.1478983444382
1290,2024-02-22 14:00:00,881.8042417861789
