id;"device_id";"gather_time";"active_power";"direct_power";"charge_capacity"
104943;6;"2024-02-23 00:10:01";0.0;0.0;0.0
104944;7;"2024-02-23 00:10:01";0.0;0.0;0.0
104945;8;"2024-02-23 00:10:01";0.0;0.0;0.0
104946;9;"2024-02-23 00:10:01";0.0;0.0;0.0
104947;10;"2024-02-23 00:10:01";0.0;0.0;0.0
104948;6;"2024-02-23 01:10:00";0.0;0.0;0.0
104949;7;"2024-02-23 01:10:00";0.0;0.0;0.0
104950;8;"2024-02-23 01:10:00";0.0;0.0;0.0
104951;9;"2024-02-23 01:10:00";0.0;0.0;0.0
104952;10;"2024-02-23 01:10:01";0.0;0.0;0.0
104953;6;"2024-02-23 02:10:00";0.0;0.0;0.0
104954;7;"2024-02-23 02:10:00";0.0;0.0;0.0
104955;8;"2024-02-23 02:10:00";0.0;0.0;0.0
104956;9;"2024-02-23 02:10:00";0.0;0.0;0.0
104957;10;"2024-02-23 02:10:00";0.0;0.0;0.0
104958;6;"2024-02-23 03:10:00";0.0;0.0;0.0
104959;7;"2024-02-23 03:10:00";0.0;0.0;0.0
104960;8;"2024-02-23 03:10:00";0.0;0.0;0.0
104961;9;"2024-02-23 03:10:00";0.0;0.0;0.0
104962;10;"2024-02-23 03:10:00";0.0;0.0;0.0
104963;6;"2024-02-23 04:10:00";0.0;0.0;0.0
104964;7;"2024-02-23 04:10:00";0.0;0.0;0.0
104965;8;"2024-02-23 04:10:00";0.0;0.0;0.0
104966;9;"2024-02-23 04:10:00";0.0;0.0;0.0
104967;10;"2024-02-23 04:10:00";0.0;0.0;0.0
104968;6;"2024-02-23 05:10:00";0.0;0.0;0.0
104969;7;"2024-02-23 05:10:00";0.0;0.0;0.0
104970;8;"2024-02-23 05:10:00";0.0;0.0;0.0
104971;9;"2024-02-23 05:10:00";0.0;0.0;0.0
104972;10;"2024-02-23 05:10:00";0.0;0.0;0.0
104973;6;"2024-02-23 06:10:00";0.0;0.0;0.0
104974;7;"2024-02-23 06:10:00";0.0;0.0;0.0
104975;8;"2024-02-23 06:10:00";0.0;0.0;0.0
104976;9;"2024-02-23 06:10:00";0.0;0.0;0.0
104977;10;"2024-02-23 06:10:00";0.0;0.0;0.0
104978;6;"2024-02-23 07:10:00";0.03;0.4;0.0
104979;7;"2024-02-23 07:10:00";0.17;0.52;0.0
104980;8;"2024-02-23 07:10:00";0.15;0.57;0.0
104981;9;"2024-02-23 07:10:00";0.3;0.64;0.0
104982;10;"2024-02-23 07:10:00";0.0;0.34;0.0
104983;6;"2024-02-23 08:10:01";2.31;2.69;1.8
104984;7;"2024-02-23 08:10:01";2.38;2.79;1.9
104985;8;"2024-02-23 08:10:01";2.37;2.83;1.9
104986;9;"2024-02-23 08:10:01";2.44;2.84;2.2
104987;10;"2024-02-23 08:10:01";2.32;2.68;1.8
104988;6;"2024-02-23 09:10:00";7.02;7.31;6.8
104989;7;"2024-02-23 09:10:00";7.29;7.54;6.6
104990;8;"2024-02-23 09:10:00";7.12;7.4;6.6
104991;9;"2024-02-23 09:10:00";7.57;7.96;7.5
104992;10;"2024-02-23 09:10:00";7.34;7.58;6.7
104993;6;"2024-02-23 10:10:00";9.99;10.3;14.3
104994;7;"2024-02-23 10:10:00";8.01;8.36;13.9
104995;8;"2024-02-23 10:10:00";7.76;8.04;13.9
104996;9;"2024-02-23 10:10:00";10.34;10.73;15.3
104997;10;"2024-02-23 10:10:00";8.73;8.97;14.1
104998;6;"2024-02-23 11:10:01";52.09;52.76;50.8
104999;7;"2024-02-23 11:10:01";43.62;44.24;48.9
105000;8;"2024-02-23 11:10:01";52.07;52.79;50.8
105001;9;"2024-02-23 11:10:01";58.45;59.27;54.3
105002;10;"2024-02-23 11:10:01";43.72;44.29;49.1
105003;6;"2024-02-23 12:10:00";29.13;29.54;82.2
105004;7;"2024-02-23 12:10:00";30.65;31.1;83.1
105005;8;"2024-02-23 12:10:00";30.15;30.6;82.4
105006;9;"2024-02-23 12:10:00";31.75;32.2;90.0
105007;10;"2024-02-23 12:10:00";31.0;31.42;83.2
105008;6;"2024-02-23 13:10:01";38.64;39.19;114.1
105009;7;"2024-02-23 13:10:01";31.81;32.28;113.4
105010;8;"2024-02-23 13:10:01";39.77;40.38;114.6
105011;9;"2024-02-23 13:10:01";47.29;47.99;125.5
105012;10;"2024-02-23 13:10:01";33.93;34.39;114.1
105013;6;"2024-02-23 14:10:00";7.48;7.93;127.7
105014;7;"2024-02-23 14:10:00";5.82;6.04;128.9
105015;8;"2024-02-23 14:10:00";7.09;7.38;128.2
105016;9;"2024-02-23 14:10:00";7.92;8.29;141.1
105017;10;"2024-02-23 14:10:01";5.84;6.23;129.6
105018;6;"2024-02-23 15:10:01";3.72;4.22;132.0
105019;7;"2024-02-23 15:10:01";3.36;3.73;133.1
105020;8;"2024-02-23 15:10:01";3.56;3.98;132.5
105021;9;"2024-02-23 15:10:01";3.94;4.38;145.8
105022;10;"2024-02-23 15:10:01";3.34;3.68;133.8
105023;6;"2024-02-23 16:10:00";1.6;2.06;134.6
105024;7;"2024-02-23 16:10:00";1.81;1.98;135.6
105025;8;"2024-02-23 16:10:00";1.68;2.08;135.0
105026;9;"2024-02-23 16:10:00";1.74;2.1;148.5
105027;10;"2024-02-23 16:10:00";1.87;2.22;136.4
105028;6;"2024-02-23 17:10:01";0.39;0.66;135.7
105029;7;"2024-02-23 17:10:01";0.38;0.58;136.8
105030;8;"2024-02-23 17:10:01";0.37;0.66;136.1
105031;9;"2024-02-23 17:10:01";0.45;0.8;149.8
105032;10;"2024-02-23 17:10:01";0.29;0.75;137.5
105033;6;"2024-02-23 18:10:01";0.0;0.0;135.8
105034;7;"2024-02-23 18:10:01";0.0;0.0;136.8
105035;8;"2024-02-23 18:10:01";0.0;0.0;136.2
105036;9;"2024-02-23 18:10:01";0.0;0.0;149.9
105037;10;"2024-02-23 18:10:01";0.0;0.0;137.6
105038;6;"2024-02-23 19:10:00";0.0;0.0;135.8
105039;7;"2024-02-23 19:10:00";0.0;0.0;136.8
105040;8;"2024-02-23 19:10:00";0.0;0.0;136.2
105041;9;"2024-02-23 19:10:00";0.0;0.0;149.9
105042;10;"2024-02-23 19:10:00";0.0;0.0;137.6
105043;6;"2024-02-23 20:10:01";0.0;0.0;135.8
105044;7;"2024-02-23 20:10:01";0.0;0.0;136.8
105045;8;"2024-02-23 20:10:01";0.0;0.0;136.2
105046;9;"2024-02-23 20:10:01";0.0;0.0;149.9
105047;10;"2024-02-23 20:10:01";0.0;0.0;137.6
105048;6;"2024-02-23 21:10:00";0.0;0.0;135.8
105049;7;"2024-02-23 21:10:00";0.0;0.0;136.8
105050;8;"2024-02-23 21:10:00";0.0;0.0;136.2
105051;9;"2024-02-23 21:10:00";0.0;0.0;149.9
105052;10;"2024-02-23 21:10:00";0.0;0.0;137.6
105053;6;"2024-02-23 22:10:00";0.0;0.0;135.8
105054;7;"2024-02-23 22:10:00";0.0;0.0;136.8
105055;8;"2024-02-23 22:10:00";0.0;0.0;136.2
105056;9;"2024-02-23 22:10:00";0.0;0.0;149.9
105057;10;"2024-02-23 22:10:00";0.0;0.0;137.6
105058;6;"2024-02-23 23:10:00";0.0;0.0;135.8
105059;7;"2024-02-23 23:10:00";0.0;0.0;136.8
105060;8;"2024-02-23 23:10:00";0.0;0.0;136.2
105061;9;"2024-02-23 23:10:01";0.0;0.0;149.9
105062;10;"2024-02-23 23:10:01";0.0;0.0;137.6
105063;6;"2024-02-24 00:10:01";0.0;0.0;0.0
105064;7;"2024-02-24 00:10:01";0.0;0.0;0.0
105065;8;"2024-02-24 00:10:01";0.0;0.0;0.0
105066;9;"2024-02-24 00:10:01";0.0;0.0;0.0
105067;10;"2024-02-24 00:10:01";0.0;0.0;0.0
105068;6;"2024-02-24 01:10:00";0.0;0.0;0.0
105069;7;"2024-02-24 01:10:00";0.0;0.0;0.0
105070;8;"2024-02-24 01:10:00";0.0;0.0;0.0
105071;9;"2024-02-24 01:10:00";0.0;0.0;0.0
105072;10;"2024-02-24 01:10:00";0.0;0.0;0.0
105073;6;"2024-02-24 02:10:00";0.0;0.0;0.0
105074;7;"2024-02-24 02:10:00";0.0;0.0;0.0
105075;8;"2024-02-24 02:10:00";0.0;0.0;0.0
105076;9;"2024-02-24 02:10:00";0.0;0.0;0.0
105077;10;"2024-02-24 02:10:00";0.0;0.0;0.0
105078;6;"2024-02-24 03:10:00";0.0;0.0;0.0
105079;7;"2024-02-24 03:10:00";0.0;0.0;0.0
105080;8;"2024-02-24 03:10:00";0.0;0.0;0.0
105081;9;"2024-02-24 03:10:00";0.0;0.0;0.0
105082;10;"2024-02-24 03:10:00";0.0;0.0;0.0
105083;6;"2024-02-24 04:10:00";0.0;0.0;0.0
105084;7;"2024-02-24 04:10:00";0.0;0.0;0.0
105085;8;"2024-02-24 04:10:00";0.0;0.0;0.0
105086;9;"2024-02-24 04:10:00";0.0;0.0;0.0
105087;10;"2024-02-24 04:10:00";0.0;0.0;0.0
105088;6;"2024-02-24 05:10:01";0.0;0.0;0.0
105089;7;"2024-02-24 05:10:01";0.0;0.0;0.0
105090;8;"2024-02-24 05:10:01";0.0;0.0;0.0
105091;9;"2024-02-24 05:10:01";0.0;0.0;0.0
105092;10;"2024-02-24 05:10:01";0.0;0.0;0.0
105093;6;"2024-02-24 06:10:00";0.0;0.0;0.0
105094;7;"2024-02-24 06:10:00";0.0;0.0;0.0
105095;8;"2024-02-24 06:10:00";0.0;0.0;0.0
105096;9;"2024-02-24 06:10:00";0.0;0.0;0.0
105097;10;"2024-02-24 06:10:00";0.0;0.0;0.0
105098;6;"2024-02-24 07:10:00";2.82;2.94;0.4
105099;7;"2024-02-24 07:10:00";2.41;2.8;0.3
105100;8;"2024-02-24 07:10:00";2.74;3.18;0.4
105101;9;"2024-02-24 07:10:00";2.5;2.77;0.3
105102;10;"2024-02-24 07:10:00";2.62;2.81;0.4
105103;6;"2024-02-24 08:10:00";3.46;3.69;3.8
105104;7;"2024-02-24 08:10:00";3.5;3.79;3.9
105105;8;"2024-02-24 08:10:00";3.51;3.84;3.8
105106;9;"2024-02-24 08:10:00";3.65;4.24;4.1
105107;10;"2024-02-24 08:10:00";3.37;3.66;3.9
105108;6;"2024-02-24 09:10:00";6.28;6.63;9.0
105109;7;"2024-02-24 09:10:00";6.02;6.23;9.2
105110;8;"2024-02-24 09:10:00";6.0;6.3;9.0
105111;9;"2024-02-24 09:10:00";6.52;6.84;9.7
105112;10;"2024-02-24 09:10:00";7.69;7.92;9.4
105113;6;"2024-02-24 10:10:01";8.14;8.45;17.6
105114;7;"2024-02-24 10:10:01";7.79;8.08;17.9
105115;8;"2024-02-24 10:10:01";7.41;7.76;17.7
105116;9;"2024-02-24 10:10:01";8.24;8.58;18.9
105117;10;"2024-02-24 10:10:01";5.76;5.99;18.2
105118;6;"2024-02-24 11:10:00";28.55;28.98;33.9
105119;7;"2024-02-24 11:10:00";28.03;28.43;34.5
105120;8;"2024-02-24 11:10:00";27.99;28.49;34.3
105121;9;"2024-02-24 11:10:00";30.61;31.03;36.4
105122;10;"2024-02-24 11:10:00";30.46;30.92;34.2
105123;6;"2024-02-24 12:10:01";23.65;24.03;55.0
105124;7;"2024-02-24 12:10:01";21.43;21.76;55.8
105125;8;"2024-02-24 12:10:01";23.38;23.76;54.0
105126;9;"2024-02-24 12:10:01";23.39;23.79;58.9
105127;10;"2024-02-24 12:10:01";25.26;25.64;55.5
105128;6;"2024-02-24 13:10:00";15.09;15.37;72.8
105129;7;"2024-02-24 13:10:00";15.99;16.28;73.7
105130;8;"2024-02-24 13:10:00";14.29;14.57;72.3
105131;9;"2024-02-24 13:10:00";17.02;17.48;78.1
105132;10;"2024-02-24 13:10:00";14.74;15.02;73.6
105133;6;"2024-02-24 14:10:00";17.05;17.35;90.5
105134;7;"2024-02-24 14:10:00";18.72;19.03;91.5
105135;8;"2024-02-24 14:10:00";18.99;19.32;91.0
105136;9;"2024-02-24 14:10:00";19.81;20.18;97.3
105137;10;"2024-02-24 14:10:00";16.36;16.66;91.6
105138;6;"2024-02-24 15:10:00";12.37;12.72;107.4
105139;7;"2024-02-24 15:10:00";14.42;14.7;107.6
105140;8;"2024-02-24 15:10:00";13.48;13.79;107.1
105141;9;"2024-02-24 15:10:00";15.47;15.82;114.8
105142;10;"2024-02-24 15:10:00";13.76;14.03;108.9
105143;6;"2024-02-24 16:10:01";11.67;11.92;119.4
105144;7;"2024-02-24 16:10:01";12.53;12.8;119.7
105145;8;"2024-02-24 16:10:01";11.84;12.12;119.1
105146;9;"2024-02-24 16:10:01";13.45;13.8;127.9
105147;10;"2024-02-24 16:10:01";12.17;12.42;121.1
105148;6;"2024-02-24 17:10:00";3.51;3.94;125.6
105149;7;"2024-02-24 17:10:00";3.48;3.8;126.5
105150;8;"2024-02-24 17:10:00";3.54;3.95;125.6
105151;9;"2024-02-24 17:10:00";3.78;4.11;135.1
105152;10;"2024-02-24 17:10:00";3.69;4.04;127.9
105153;6;"2024-02-24 18:10:01";0.0;0.0;126.4
105154;7;"2024-02-24 18:10:01";0.0;0.0;127.2
105155;8;"2024-02-24 18:10:01";0.0;0.0;126.3
105156;9;"2024-02-24 18:10:01";0.0;0.07;135.9
105157;10;"2024-02-24 18:10:01";0.0;0.0;128.6
105158;6;"2024-02-24 19:10:00";0.0;0.0;126.4
105159;7;"2024-02-24 19:10:00";0.0;0.0;127.2
105160;8;"2024-02-24 19:10:00";0.0;0.0;126.3
105161;9;"2024-02-24 19:10:00";0.0;0.0;135.9
105162;10;"2024-02-24 19:10:00";0.0;0.0;128.6
105163;6;"2024-02-24 20:10:00";0.0;0.0;126.4
105164;7;"2024-02-24 20:10:00";0.0;0.0;127.2
105165;8;"2024-02-24 20:10:00";0.0;0.0;126.3
105166;9;"2024-02-24 20:10:00";0.0;0.0;135.9
105167;10;"2024-02-24 20:10:00";0.0;0.0;128.6
105168;6;"2024-02-24 21:10:00";0.0;0.0;126.4
105169;7;"2024-02-24 21:10:00";0.0;0.0;127.2
105170;8;"2024-02-24 21:10:00";0.0;0.0;126.3
105171;9;"2024-02-24 21:10:00";0.0;0.0;135.9
105172;10;"2024-02-24 21:10:00";0.0;0.0;128.6
105173;6;"2024-02-24 22:10:01";0.0;0.0;126.4
105174;7;"2024-02-24 22:10:01";0.0;0.0;127.2
105175;8;"2024-02-24 22:10:01";0.0;0.0;126.3
105176;9;"2024-02-24 22:10:01";0.0;0.0;135.9
105177;10;"2024-02-24 22:10:01";0.0;0.0;128.6
105178;6;"2024-02-24 23:10:00";0.0;0.0;126.4
105179;7;"2024-02-24 23:10:00";0.0;0.0;127.2
105180;8;"2024-02-24 23:10:00";0.0;0.0;126.3
105181;9;"2024-02-24 23:10:00";0.0;0.0;135.9
105182;10;"2024-02-24 23:10:00";0.0;0.0;128.6
105183;6;"2024-02-25 00:10:01";0.0;0.0;0.0
105184;7;"2024-02-25 00:10:01";0.0;0.0;0.0
105185;8;"2024-02-25 00:10:01";0.0;0.0;0.0
105186;9;"2024-02-25 00:10:01";0.0;0.0;0.0
105187;10;"2024-02-25 00:10:01";0.0;0.0;0.0
105188;6;"2024-02-25 01:10:00";0.0;0.0;0.0
105189;7;"2024-02-25 01:10:00";0.0;0.0;0.0
105190;8;"2024-02-25 01:10:00";0.0;0.0;0.0
105191;9;"2024-02-25 01:10:00";0.0;0.0;0.0
105192;10;"2024-02-25 01:10:00";0.0;0.0;0.0
105193;6;"2024-02-25 02:10:00";0.0;0.0;0.0
105194;7;"2024-02-25 02:10:00";0.0;0.0;0.0
105195;8;"2024-02-25 02:10:00";0.0;0.0;0.0
105196;9;"2024-02-25 02:10:00";0.0;0.0;0.0
105197;10;"2024-02-25 02:10:00";0.0;0.0;0.0
105198;6;"2024-02-25 03:10:00";0.0;0.0;0.0
105199;7;"2024-02-25 03:10:00";0.0;0.0;0.0
105200;8;"2024-02-25 03:10:00";0.0;0.0;0.0
105201;9;"2024-02-25 03:10:00";0.0;0.0;0.0
105202;10;"2024-02-25 03:10:00";0.0;0.0;0.0
105203;6;"2024-02-25 04:10:00";0.0;0.0;0.0
105204;7;"2024-02-25 04:10:00";0.0;0.0;0.0
105205;8;"2024-02-25 04:10:00";0.0;0.0;0.0
105206;9;"2024-02-25 04:10:00";0.0;0.0;0.0
105207;10;"2024-02-25 04:10:00";0.0;0.0;0.0
105208;6;"2024-02-25 05:10:00";0.0;0.0;0.0
105209;7;"2024-02-25 05:10:00";0.0;0.0;0.0
105210;8;"2024-02-25 05:10:00";0.0;0.0;0.0
105211;9;"2024-02-25 05:10:00";0.0;0.0;0.0
105212;10;"2024-02-25 05:10:00";0.0;0.0;0.0
105213;6;"2024-02-25 06:10:00";0.0;0.0;0.0
105214;7;"2024-02-25 06:10:00";0.0;0.0;0.0
105215;8;"2024-02-25 06:10:00";0.0;0.0;0.0
105216;9;"2024-02-25 06:10:00";0.0;0.0;0.0
105217;10;"2024-02-25 06:10:00";0.0;0.0;0.0
105218;6;"2024-02-25 07:10:01";1.86;2.05;0.2
105219;7;"2024-02-25 07:10:01";1.85;2.38;0.2
105220;8;"2024-02-25 07:10:01";2.1;2.32;0.3
105221;9;"2024-02-25 07:10:01";2.54;2.86;0.4
105222;10;"2024-02-25 07:10:01";1.65;2.0;0.1
105223;6;"2024-02-25 08:10:00";15.61;15.92;10.1
105224;7;"2024-02-25 08:10:00";15.49;15.88;10.3
105225;8;"2024-02-25 08:10:00";15.19;15.48;10.7
105226;9;"2024-02-25 08:10:00";17.96;18.26;12.0
105227;10;"2024-02-25 08:10:00";14.0;14.35;9.8
105228;6;"2024-02-25 09:10:00";32.25;32.78;29.9
105229;7;"2024-02-25 09:10:00";40.05;41.09;29.8
105230;8;"2024-02-25 09:10:00";28.79;29.19;31.2
105231;9;"2024-02-25 09:10:00";35.03;35.51;36.9
105232;10;"2024-02-25 09:10:00";29.68;30.14;28.9
105233;6;"2024-02-25 10:10:00";39.1;39.64;81.5
105234;7;"2024-02-25 10:10:00";39.24;39.78;82.1
105235;8;"2024-02-25 10:10:00";42.79;43.32;84.2
105236;9;"2024-02-25 10:10:00";44.81;45.39;95.5
105237;10;"2024-02-25 10:10:00";32.72;33.18;73.3
105238;6;"2024-02-25 11:10:01";51.37;53.06;143.6
105239;7;"2024-02-25 11:10:01";42.03;42.6;144.1
105240;8;"2024-02-25 11:10:01";42.9;43.44;143.5
105241;9;"2024-02-25 11:10:01";48.09;48.7;166.2
105242;10;"2024-02-25 11:10:01";41.52;42.09;130.4
105243;6;"2024-02-25 12:10:00";49.99;50.66;201.9
105244;7;"2024-02-25 12:10:00";47.94;48.59;203.0
105245;8;"2024-02-25 12:10:00";44.22;44.78;202.4
105246;9;"2024-02-25 12:10:00";52.47;53.13;236.7
105247;10;"2024-02-25 12:10:00";44.43;45.03;185.8
105248;6;"2024-02-25 13:10:01";42.14;42.74;260.8
105249;7;"2024-02-25 13:10:01";43.19;43.78;262.6
105250;8;"2024-02-25 13:10:01";40.5;41.01;264.7
105251;9;"2024-02-25 13:10:01";47.11;47.7;302.9
105252;10;"2024-02-25 13:10:01";40.82;41.4;245.7
105253;6;"2024-02-25 14:10:00";84.75;85.95;307.9
105254;7;"2024-02-25 14:10:00";66.61;67.56;312.2
105255;8;"2024-02-25 14:10:00";39.78;40.31;310.7
105256;9;"2024-02-25 14:10:00";53.46;54.19;354.7
105257;10;"2024-02-25 14:10:00";44.3;49.61;292.4
105258;6;"2024-02-25 15:10:01";30.83;31.29;364.4
105259;7;"2024-02-25 15:10:01";37.11;37.65;366.7
105260;8;"2024-02-25 15:10:01";49.64;50.3;364.5
105261;9;"2024-02-25 15:10:01";38.64;39.15;414.2
105262;10;"2024-02-25 15:10:01";34.79;35.32;345.5
105263;6;"2024-02-25 16:10:00";40.48;41.06;393.7
105264;7;"2024-02-25 16:10:00";39.29;39.89;398.1
105265;8;"2024-02-25 16:10:00";30.76;31.29;393.4
105266;9;"2024-02-25 16:10:00";40.37;40.91;447.0
105267;10;"2024-02-25 16:10:00";42.4;43.0;377.1
105268;6;"2024-02-25 17:10:00";4.45;4.86;404.6
105269;7;"2024-02-25 17:10:00";4.35;4.66;408.2
105270;8;"2024-02-25 17:10:00";4.36;4.92;403.4
105271;9;"2024-02-25 17:10:00";4.61;5.04;457.9
105272;10;"2024-02-25 17:10:00";4.61;5.01;388.3
105273;6;"2024-02-25 18:10:00";0.0;0.07;406.1
105274;7;"2024-02-25 18:10:00";0.0;0.0;409.6
105275;8;"2024-02-25 18:10:00";0.0;0.0;404.7
105276;9;"2024-02-25 18:10:00";0.0;0.13;459.4
105277;10;"2024-02-25 18:10:00";0.0;0.07;389.8
105278;6;"2024-02-25 19:10:00";0.0;0.0;406.1
105279;7;"2024-02-25 19:10:00";0.0;0.0;409.6
105280;8;"2024-02-25 19:10:00";0.0;0.0;404.7
105281;9;"2024-02-25 19:10:00";0.0;0.0;459.4
105282;10;"2024-02-25 19:10:00";0.0;0.0;389.8
105283;6;"2024-02-25 20:10:01";0.0;0.0;406.1
105284;7;"2024-02-25 20:10:01";0.0;0.0;409.6
105285;8;"2024-02-25 20:10:01";0.0;0.0;404.7
105286;9;"2024-02-25 20:10:01";0.0;0.0;459.4
105287;10;"2024-02-25 20:10:01";0.0;0.0;389.8
105288;6;"2024-02-25 21:10:00";0.0;0.0;406.1
105289;7;"2024-02-25 21:10:00";0.0;0.0;409.6
105290;8;"2024-02-25 21:10:00";0.0;0.0;404.7
105291;9;"2024-02-25 21:10:00";0.0;0.0;459.4
105292;10;"2024-02-25 21:10:00";0.0;0.0;389.8
105293;6;"2024-02-25 22:10:00";0.0;0.0;406.1
105294;7;"2024-02-25 22:10:00";0.0;0.0;409.6
105295;8;"2024-02-25 22:10:00";0.0;0.0;404.7
105296;9;"2024-02-25 22:10:00";0.0;0.0;459.4
105297;10;"2024-02-25 22:10:00";0.0;0.0;389.8
105298;6;"2024-02-25 23:10:00";0.0;0.0;406.1
105299;7;"2024-02-25 23:10:00";0.0;0.0;409.6
105300;8;"2024-02-25 23:10:00";0.0;0.0;404.7
105301;9;"2024-02-25 23:10:00";0.0;0.0;459.4
105302;10;"2024-02-25 23:10:00";0.0;0.0;389.8
105303;6;"2024-02-26 00:10:01";0.0;0.0;0.0
105304;7;"2024-02-26 00:10:01";0.0;0.0;0.0
105305;8;"2024-02-26 00:10:01";0.0;0.0;0.0
105306;9;"2024-02-26 00:10:01";0.0;0.0;0.0
105307;10;"2024-02-26 00:10:01";0.0;0.0;0.0
105308;6;"2024-02-26 01:10:00";0.0;0.0;0.0
105309;7;"2024-02-26 01:10:00";0.0;0.0;0.0
105310;8;"2024-02-26 01:10:00";0.0;0.0;0.0
105311;9;"2024-02-26 01:10:00";0.0;0.0;0.0
105312;10;"2024-02-26 01:10:00";0.0;0.0;0.0
105313;6;"2024-02-26 02:10:00";0.0;0.0;0.0
105314;7;"2024-02-26 02:10:00";0.0;0.0;0.0
105315;8;"2024-02-26 02:10:00";0.0;0.0;0.0
105316;9;"2024-02-26 02:10:00";0.0;0.0;0.0
105317;10;"2024-02-26 02:10:00";0.0;0.0;0.0
105318;6;"2024-02-26 03:10:00";0.0;0.0;0.0
105319;7;"2024-02-26 03:10:00";0.0;0.0;0.0
105320;8;"2024-02-26 03:10:00";0.0;0.0;0.0
105321;9;"2024-02-26 03:10:00";0.0;0.0;0.0
105322;10;"2024-02-26 03:10:00";0.0;0.0;0.0
105323;6;"2024-02-26 04:10:00";0.0;0.0;0.0
105324;7;"2024-02-26 04:10:00";0.0;0.0;0.0
105325;8;"2024-02-26 04:10:00";0.0;0.0;0.0
105326;9;"2024-02-26 04:10:00";0.0;0.0;0.0
105327;10;"2024-02-26 04:10:00";0.0;0.0;0.0
105328;6;"2024-02-26 05:10:01";0.0;0.0;0.0
105329;7;"2024-02-26 05:10:01";0.0;0.0;0.0
105330;8;"2024-02-26 05:10:01";0.0;0.0;0.0
105331;9;"2024-02-26 05:10:01";0.0;0.0;0.0
105332;10;"2024-02-26 05:10:01";0.0;0.0;0.0
105333;6;"2024-02-26 06:10:00";0.0;0.0;0.0
105334;7;"2024-02-26 06:10:00";0.0;0.0;0.0
105335;8;"2024-02-26 06:10:00";0.0;0.0;0.0
105336;9;"2024-02-26 06:10:00";0.0;0.0;0.0
105337;10;"2024-02-26 06:10:00";0.0;0.0;0.0
105338;6;"2024-02-26 07:10:00";1.44;2.02;0.2
105339;7;"2024-02-26 07:10:00";1.58;2.02;0.1
105340;8;"2024-02-26 07:10:00";1.53;2.04;0.1
105341;9;"2024-02-26 07:10:00";1.66;2.08;0.1
105342;10;"2024-02-26 07:10:00";1.58;2.06;0.1
105343;6;"2024-02-26 08:10:00";10.08;10.41;5.7
105344;7;"2024-02-26 08:10:00";10.46;10.71;5.3
105345;8;"2024-02-26 08:10:00";9.9;10.16;5.3
105346;9;"2024-02-26 08:10:00";10.59;10.82;5.8
105347;10;"2024-02-26 08:10:00";10.04;10.28;5.4
105348;6;"2024-02-26 09:10:00";10.41;10.64;14.3
105349;7;"2024-02-26 09:10:00";11.11;11.35;14.6
105350;8;"2024-02-26 09:10:00";10.98;11.27;14.5
105351;9;"2024-02-26 09:10:00";11.74;11.99;15.5
105352;10;"2024-02-26 09:10:00";11.25;11.49;14.7
105353;6;"2024-02-26 10:10:01";14.34;14.64;32.6
105354;7;"2024-02-26 10:10:01";14.34;14.67;33.1
105355;8;"2024-02-26 10:10:01";14.26;14.55;32.9
105356;9;"2024-02-26 10:10:01";15.25;15.57;35.1
105357;10;"2024-02-26 10:10:01";14.66;15.01;33.4
105358;6;"2024-02-26 11:10:01";13.62;13.89;47.0
105359;7;"2024-02-26 11:10:01";14.58;14.86;46.8
105360;8;"2024-02-26 11:10:01";14.35;14.76;46.5
105361;9;"2024-02-26 11:10:01";15.14;15.42;50.7
105362;10;"2024-02-26 11:10:01";14.75;15.04;47.1
105363;6;"2024-02-26 12:10:01";8.14;8.43;59.7
105364;7;"2024-02-26 12:10:01";8.22;8.46;60.3
105365;8;"2024-02-26 12:10:01";8.62;8.88;59.4
105366;9;"2024-02-26 12:10:01";9.23;9.49;63.8
105367;10;"2024-02-26 12:10:01";8.24;8.62;60.8
105368;6;"2024-02-26 13:10:00";12.94;13.22;71.3
105369;7;"2024-02-26 13:10:00";16.07;16.37;71.2
105370;8;"2024-02-26 13:10:00";12.52;12.77;71.5
105371;9;"2024-02-26 13:10:00";15.82;16.13;76.2
105372;10;"2024-02-26 13:10:00";12.79;13.08;72.6
105373;6;"2024-02-26 14:10:00";5.87;6.26;80.5
105374;7;"2024-02-26 14:10:00";4.66;4.88;81.4
105375;8;"2024-02-26 14:10:00";5.75;6.13;80.6
105376;9;"2024-02-26 14:10:00";5.58;5.89;86.9
105377;10;"2024-02-26 14:10:00";4.74;5.06;82.1
105378;6;"2024-02-26 15:10:01";5.63;5.91;86.0
105379;7;"2024-02-26 15:10:01";5.57;5.81;86.6
105380;8;"2024-02-26 15:10:01";5.66;5.92;86.0
105381;9;"2024-02-26 15:10:01";6.32;6.53;92.6
105382;10;"2024-02-26 15:10:01";5.89;6.17;87.4
105383;6;"2024-02-26 16:10:00";2.33;2.73;89.8
105384;7;"2024-02-26 16:10:00";2.36;2.51;90.5
105385;8;"2024-02-26 16:10:00";2.36;2.71;89.8
105386;9;"2024-02-26 16:10:00";2.35;2.69;96.6
105387;10;"2024-02-26 16:10:00";2.3;2.7;91.3
105388;6;"2024-02-26 17:10:00";0.25;0.65;91.7
105389;7;"2024-02-26 17:10:00";0.25;0.52;92.4
105390;8;"2024-02-26 17:10:00";0.24;0.66;91.7
105391;9;"2024-02-26 17:10:00";0.32;0.57;98.7
105392;10;"2024-02-26 17:10:00";0.27;0.72;93.2
105393;6;"2024-02-26 18:10:00";0.0;0.0;91.9
105394;7;"2024-02-26 18:10:00";0.0;0.0;92.6
105395;8;"2024-02-26 18:10:01";0.0;0.0;91.9
105396;9;"2024-02-26 18:10:01";0.0;0.0;98.8
105397;10;"2024-02-26 18:10:01";0.0;0.07;93.4
105398;6;"2024-02-26 19:10:00";0.0;0.0;91.9
105399;7;"2024-02-26 19:10:00";0.0;0.0;92.6
105400;8;"2024-02-26 19:10:00";0.0;0.0;91.9
105401;9;"2024-02-26 19:10:00";0.0;0.0;98.8
105402;10;"2024-02-26 19:10:00";0.0;0.0;93.4
105403;6;"2024-02-26 20:10:00";0.0;0.0;91.9
105404;7;"2024-02-26 20:10:00";0.0;0.0;92.6
105405;8;"2024-02-26 20:10:00";0.0;0.0;91.9
105406;9;"2024-02-26 20:10:00";0.0;0.0;98.8
105407;10;"2024-02-26 20:10:00";0.0;0.0;93.4
105408;6;"2024-02-26 21:10:00";0.0;0.0;91.9
105409;7;"2024-02-26 21:10:00";0.0;0.0;92.6
105410;8;"2024-02-26 21:10:00";0.0;0.0;91.9
105411;9;"2024-02-26 21:10:00";0.0;0.0;98.8
105412;10;"2024-02-26 21:10:00";0.0;0.0;93.4
105413;6;"2024-02-26 22:10:00";0.0;0.0;91.9
105414;7;"2024-02-26 22:10:00";0.0;0.0;92.6
105415;8;"2024-02-26 22:10:00";0.0;0.0;91.9
105416;9;"2024-02-26 22:10:00";0.0;0.0;98.8
105417;10;"2024-02-26 22:10:00";0.0;0.0;93.4
105418;6;"2024-02-26 23:10:00";0.0;0.0;91.9
105419;7;"2024-02-26 23:10:00";0.0;0.0;92.6
105420;8;"2024-02-26 23:10:00";0.0;0.0;91.9
105421;9;"2024-02-26 23:10:00";0.0;0.0;98.8
105422;10;"2024-02-26 23:10:00";0.0;0.0;93.4
105423;6;"2024-02-27 00:10:01";0.0;0.0;0.0
105424;7;"2024-02-27 00:10:01";0.0;0.0;0.0
105425;8;"2024-02-27 00:10:01";0.0;0.0;0.0
105426;9;"2024-02-27 00:10:01";0.0;0.0;0.0
105427;10;"2024-02-27 00:10:01";0.0;0.0;0.0
105428;6;"2024-02-27 01:10:01";0.0;0.0;0.0
105429;7;"2024-02-27 01:10:01";0.0;0.0;0.0
105430;8;"2024-02-27 01:10:01";0.0;0.0;0.0
105431;9;"2024-02-27 01:10:01";0.0;0.0;0.0
105432;10;"2024-02-27 01:10:01";0.0;0.0;0.0
105433;6;"2024-02-27 02:10:00";0.0;0.0;0.0
105434;7;"2024-02-27 02:10:00";0.0;0.0;0.0
105435;8;"2024-02-27 02:10:00";0.0;0.0;0.0
105436;9;"2024-02-27 02:10:00";0.0;0.0;0.0
105437;10;"2024-02-27 02:10:00";0.0;0.0;0.0
105438;6;"2024-02-27 03:10:00";0.0;0.0;0.0
105439;7;"2024-02-27 03:10:00";0.0;0.0;0.0
105440;8;"2024-02-27 03:10:00";0.0;0.0;0.0
105441;9;"2024-02-27 03:10:00";0.0;0.0;0.0
105442;10;"2024-02-27 03:10:00";0.0;0.0;0.0
105443;6;"2024-02-27 04:10:00";0.0;0.0;0.0
105444;7;"2024-02-27 04:10:01";0.0;0.0;0.0
105445;8;"2024-02-27 04:10:01";0.0;0.0;0.0
105446;9;"2024-02-27 04:10:01";0.0;0.0;0.0
105447;10;"2024-02-27 04:10:01";0.0;0.0;0.0
105448;6;"2024-02-27 05:10:00";0.0;0.0;0.0
105449;7;"2024-02-27 05:10:00";0.0;0.0;0.0
105450;8;"2024-02-27 05:10:00";0.0;0.0;0.0
105451;9;"2024-02-27 05:10:00";0.0;0.0;0.0
105452;10;"2024-02-27 05:10:00";0.0;0.0;0.0
105453;6;"2024-02-27 06:10:00";0.0;0.0;0.0
105454;7;"2024-02-27 06:10:00";0.0;0.0;0.0
105455;8;"2024-02-27 06:10:00";0.0;0.0;0.0
105456;9;"2024-02-27 06:10:00";0.0;0.0;0.0
105457;10;"2024-02-27 06:10:00";0.0;0.0;0.0
105458;6;"2024-02-27 07:10:00";0.88;1.36;0.1
105459;7;"2024-02-27 07:10:00";0.84;1.35;0.1
105460;8;"2024-02-27 07:10:00";0.84;1.36;0.1
105461;9;"2024-02-27 07:10:00";1.01;1.32;0.1
105462;10;"2024-02-27 07:10:00";1.03;1.43;0.1
105463;6;"2024-02-27 08:10:00";7.34;7.64;3.4
105464;7;"2024-02-27 08:10:00";7.39;7.66;3.4
105465;8;"2024-02-27 08:10:00";7.33;7.73;3.4
105466;9;"2024-02-27 08:10:00";7.76;8.01;3.6
105467;10;"2024-02-27 08:10:00";7.51;7.8;3.5
105468;6;"2024-02-27 09:10:01";21.85;22.19;16.2
105469;7;"2024-02-27 09:10:01";21.88;22.21;16.2
105470;8;"2024-02-27 09:10:01";21.74;22.07;16.1
105471;9;"2024-02-27 09:10:01";24.4;24.76;18.5
105472;10;"2024-02-27 09:10:01";22.87;23.23;17.5
105473;6;"2024-02-27 10:10:00";41.35;41.9;46.8
105474;7;"2024-02-27 10:10:00";41.6;42.17;47.0
105475;8;"2024-02-27 10:10:00";41.62;42.17;46.6
105476;9;"2024-02-27 10:10:00";46.8;47.41;50.2
105477;10;"2024-02-27 10:10:00";41.01;41.58;46.4
105478;6;"2024-02-27 11:10:00";59.73;60.51;95.9
105479;7;"2024-02-27 11:10:00";60.22;61.01;96.4
105480;8;"2024-02-27 11:10:00";59.94;60.73;95.8
105481;9;"2024-02-27 11:10:00";69.7;70.62;105.3
105482;10;"2024-02-27 11:10:00";58.2;58.97;93.8
105483;6;"2024-02-27 12:10:00";61.75;62.55;166.5
105484;7;"2024-02-27 12:10:00";59.6;60.35;167.4
105485;8;"2024-02-27 12:10:00";61.1;61.87;166.8
105486;9;"2024-02-27 12:10:00";63.77;64.59;186.1
105487;10;"2024-02-27 12:10:00";55.28;55.97;161.0
105488;6;"2024-02-27 13:10:00";44.96;45.53;214.2
105489;7;"2024-02-27 13:10:00";44.83;45.39;217.8
105490;8;"2024-02-27 13:10:00";44.75;45.37;214.8
105491;9;"2024-02-27 13:10:00";49.22;49.85;242.4
105492;10;"2024-02-27 13:10:00";44.56;45.14;211.3
105493;6;"2024-02-27 14:10:00";38.12;38.61;264.0
105494;7;"2024-02-27 14:10:00";38.64;39.2;265.7
105495;8;"2024-02-27 14:10:00";37.87;38.4;264.6
105496;9;"2024-02-27 14:10:00";42.31;42.87;294.7
105497;10;"2024-02-27 14:10:00";39.03;39.53;258.7
105498;6;"2024-02-27 15:10:00";28.16;28.57;297.8
105499;7;"2024-02-27 15:10:00";28.59;28.98;299.8
105500;8;"2024-02-27 15:10:00";28.25;28.63;298.2
105501;9;"2024-02-27 15:10:00";29.66;30.06;333.6
105502;10;"2024-02-27 15:10:00";27.73;28.16;294.6
105503;6;"2024-02-27 16:10:00";17.53;17.87;318.1
105504;7;"2024-02-27 16:10:00";17.77;18.11;320.3
105505;8;"2024-02-27 16:10:00";17.42;17.72;318.4
105506;9;"2024-02-27 16:10:00";19.29;19.67;355.1
105507;10;"2024-02-27 16:10:00";17.91;18.21;314.9
105508;6;"2024-02-27 17:10:00";6.73;7.22;332.8
105509;7;"2024-02-27 17:10:00";6.28;6.64;335.5
105510;8;"2024-02-27 17:10:00";6.75;7.07;332.7
105511;9;"2024-02-27 17:10:00";7.46;7.88;369.8
105512;10;"2024-02-27 17:10:00";7.13;7.36;329.2
105513;6;"2024-02-27 18:10:00";0.0;0.2;335.3
105514;7;"2024-02-27 18:10:00";0.0;0.14;337.8
105515;8;"2024-02-27 18:10:00";0.0;0.0;335.2
105516;9;"2024-02-27 18:10:00";0.0;0.14;372.6
105517;10;"2024-02-27 18:10:00";0.0;0.07;332.0
105518;6;"2024-02-27 19:10:00";0.0;0.0;335.3
105519;7;"2024-02-27 19:10:00";0.0;0.0;337.8
105520;8;"2024-02-27 19:10:00";0.0;0.0;335.2
105521;9;"2024-02-27 19:10:00";0.0;0.0;372.6
105522;10;"2024-02-27 19:10:00";0.0;0.0;332.0
105523;6;"2024-02-27 20:10:00";0.0;0.0;335.3
105524;7;"2024-02-27 20:10:00";0.0;0.0;337.8
105525;8;"2024-02-27 20:10:00";0.0;0.0;335.2
105526;9;"2024-02-27 20:10:00";0.0;0.0;372.6
105527;10;"2024-02-27 20:10:00";0.0;0.0;332.0
105528;6;"2024-02-27 21:10:00";0.0;0.0;335.3
105529;7;"2024-02-27 21:10:00";0.0;0.0;337.8
105530;8;"2024-02-27 21:10:00";0.0;0.0;335.2
105531;9;"2024-02-27 21:10:00";0.0;0.0;372.6
105532;10;"2024-02-27 21:10:00";0.0;0.0;332.0
105533;6;"2024-02-27 22:10:00";0.0;0.0;335.3
105534;7;"2024-02-27 22:10:00";0.0;0.0;337.8
105535;8;"2024-02-27 22:10:00";0.0;0.0;335.2
105536;9;"2024-02-27 22:10:00";0.0;0.0;372.6
105537;10;"2024-02-27 22:10:00";0.0;0.0;332.0
105538;6;"2024-02-27 23:10:00";0.0;0.0;335.3
105539;7;"2024-02-27 23:10:00";0.0;0.0;337.8
105540;8;"2024-02-27 23:10:00";0.0;0.0;335.2
105541;9;"2024-02-27 23:10:00";0.0;0.0;372.6
105542;10;"2024-02-27 23:10:00";0.0;0.0;332.0
105543;6;"2024-02-28 00:10:01";0.0;0.0;0.0
105544;7;"2024-02-28 00:10:01";0.0;0.0;0.0
105545;8;"2024-02-28 00:10:01";0.0;0.0;0.0
105546;9;"2024-02-28 00:10:01";0.0;0.0;0.0
105547;10;"2024-02-28 00:10:01";0.0;0.0;0.0
105548;6;"2024-02-28 01:10:00";0.0;0.0;0.0
105549;7;"2024-02-28 01:10:00";0.0;0.0;0.0
105550;8;"2024-02-28 01:10:00";0.0;0.0;0.0
105551;9;"2024-02-28 01:10:00";0.0;0.0;0.0
105552;10;"2024-02-28 01:10:00";0.0;0.0;0.0
105553;6;"2024-02-28 02:10:00";0.0;0.0;0.0
105554;7;"2024-02-28 02:10:00";0.0;0.0;0.0
105555;8;"2024-02-28 02:10:00";0.0;0.0;0.0
105556;9;"2024-02-28 02:10:00";0.0;0.0;0.0
105557;10;"2024-02-28 02:10:00";0.0;0.0;0.0
105558;6;"2024-02-28 03:10:00";0.0;0.0;0.0
105559;7;"2024-02-28 03:10:00";0.0;0.0;0.0
105560;8;"2024-02-28 03:10:00";0.0;0.0;0.0
105561;9;"2024-02-28 03:10:00";0.0;0.0;0.0
105562;10;"2024-02-28 03:10:00";0.0;0.0;0.0
105563;6;"2024-02-28 04:10:00";0.0;0.0;0.0
105564;7;"2024-02-28 04:10:00";0.0;0.0;0.0
105565;8;"2024-02-28 04:10:00";0.0;0.0;0.0
105566;9;"2024-02-28 04:10:00";0.0;0.0;0.0
105567;10;"2024-02-28 04:10:00";0.0;0.0;0.0
105568;6;"2024-02-28 05:10:00";0.0;0.0;0.0
105569;7;"2024-02-28 05:10:00";0.0;0.0;0.0
105570;8;"2024-02-28 05:10:00";0.0;0.0;0.0
105571;9;"2024-02-28 05:10:00";0.0;0.0;0.0
105572;10;"2024-02-28 05:10:00";0.0;0.0;0.0
105573;6;"2024-02-28 06:10:00";0.0;0.0;0.0
105574;7;"2024-02-28 06:10:00";0.0;0.0;0.0
105575;8;"2024-02-28 06:10:00";0.0;0.0;0.0
105576;9;"2024-02-28 06:10:00";0.0;0.0;0.0
105577;10;"2024-02-28 06:10:00";0.0;0.0;0.0
105578;6;"2024-02-28 07:10:00";0.11;0.38;0.0
105579;7;"2024-02-28 07:10:00";0.21;0.41;0.0
105580;8;"2024-02-28 07:10:00";0.07;0.36;0.0
105581;9;"2024-02-28 07:10:00";0.13;0.43;0.0
105582;10;"2024-02-28 07:10:00";0.0;0.3;0.0
105583;6;"2024-02-28 08:10:01";1.45;2.0;1.1
105584;7;"2024-02-28 08:10:01";1.9;2.08;1.2
105585;8;"2024-02-28 08:10:01";1.31;1.75;1.1
105586;9;"2024-02-28 08:10:01";1.93;2.27;1.2
105587;10;"2024-02-28 08:10:01";1.8;2.14;1.1
105588;6;"2024-02-28 09:10:00";4.61;5.02;4.3
105589;7;"2024-02-28 09:10:00";4.4;4.86;4.2
105590;8;"2024-02-28 09:10:00";3.88;4.21;4.1
105591;9;"2024-02-28 09:10:00";4.51;4.82;4.4
105592;10;"2024-02-28 09:10:00";4.57;4.98;4.2
105593;6;"2024-02-28 10:10:00";7.06;7.44;9.0
105594;7;"2024-02-28 10:10:00";8.09;8.34;8.8
105595;8;"2024-02-28 10:10:00";8.83;9.09;8.5
105596;9;"2024-02-28 10:10:00";9.01;9.28;9.2
105597;10;"2024-02-28 10:10:00";7.56;7.8;8.9
105598;6;"2024-02-28 11:10:00";4.88;5.32;15.1
105599;7;"2024-02-28 11:10:00";4.83;5.18;15.3
105600;8;"2024-02-28 11:10:00";4.92;5.32;15.0
105601;9;"2024-02-28 11:10:00";5.3;5.63;15.8
105602;10;"2024-02-28 11:10:00";4.98;5.18;15.4
105603;6;"2024-02-28 12:10:01";5.31;5.61;20.4
105604;7;"2024-02-28 12:10:01";4.81;5.2;20.7
105605;8;"2024-02-28 12:10:01";5.08;5.49;20.3
105606;9;"2024-02-28 12:10:01";5.44;5.72;21.2
105607;10;"2024-02-28 12:10:01";4.82;5.01;20.8
105608;6;"2024-02-28 13:10:00";3.04;3.46;23.8
105609;7;"2024-02-28 13:10:00";3.0;3.3;24.0
105610;8;"2024-02-28 13:10:00";3.05;3.51;23.6
105611;9;"2024-02-28 13:10:00";3.46;3.93;24.7
105612;10;"2024-02-28 13:10:00";3.1;3.4;24.1
105613;6;"2024-02-28 14:10:00";2.86;3.36;27.4
105614;7;"2024-02-28 14:10:00";2.91;3.22;27.5
105615;8;"2024-02-28 14:10:00";2.94;3.3;27.1
105616;9;"2024-02-28 14:10:00";3.23;3.66;28.6
105617;10;"2024-02-28 14:10:00";2.87;3.06;27.7
105618;6;"2024-02-28 15:10:01";3.94;4.24;31.2
105619;7;"2024-02-28 15:10:01";4.03;4.39;31.3
105620;8;"2024-02-28 15:10:01";4.05;4.28;30.9
105621;9;"2024-02-28 15:10:01";4.28;4.54;32.7
105622;10;"2024-02-28 15:10:01";3.9;4.31;31.6
105623;6;"2024-02-28 16:10:00";1.11;1.52;33.1
105624;7;"2024-02-28 16:10:00";1.14;1.49;33.3
105625;8;"2024-02-28 16:10:00";1.18;1.34;32.8
105626;9;"2024-02-28 16:10:00";1.27;1.71;34.7
105627;10;"2024-02-28 16:10:00";1.18;1.49;33.5
105628;6;"2024-02-28 17:10:01";1.02;1.35;34.8
105629;7;"2024-02-28 17:10:01";1.08;1.41;35.0
105630;8;"2024-02-28 17:10:01";1.0;1.34;34.5
105631;9;"2024-02-28 17:10:01";1.15;1.66;36.5
105632;10;"2024-02-28 17:10:01";1.04;1.42;35.2
105633;6;"2024-02-28 18:10:01";0.0;0.0;35.0
105634;7;"2024-02-28 18:10:01";0.0;0.0;35.1
105635;8;"2024-02-28 18:10:01";0.0;0.0;34.6
105636;9;"2024-02-28 18:10:01";0.0;0.0;36.6
105637;10;"2024-02-28 18:10:01";0.0;0.0;35.4
105638;6;"2024-02-28 19:10:00";0.0;0.0;35.0
105639;7;"2024-02-28 19:10:00";0.0;0.0;35.1
105640;8;"2024-02-28 19:10:00";0.0;0.0;34.6
105641;9;"2024-02-28 19:10:00";0.0;0.0;36.6
105642;10;"2024-02-28 19:10:00";0.0;0.0;35.4
105643;6;"2024-02-28 20:10:00";0.0;0.0;35.0
105644;7;"2024-02-28 20:10:00";0.0;0.0;35.1
105645;8;"2024-02-28 20:10:00";0.0;0.0;34.6
105646;9;"2024-02-28 20:10:00";0.0;0.0;36.6
105647;10;"2024-02-28 20:10:00";0.0;0.0;35.4
105648;6;"2024-02-28 21:10:00";0.0;0.0;35.0
105649;7;"2024-02-28 21:10:00";0.0;0.0;35.1
105650;8;"2024-02-28 21:10:00";0.0;0.0;34.6
105651;9;"2024-02-28 21:10:00";0.0;0.0;36.6
105652;10;"2024-02-28 21:10:00";0.0;0.0;35.4
105653;6;"2024-02-28 22:10:00";0.0;0.0;35.0
105654;7;"2024-02-28 22:10:00";0.0;0.0;35.1
105655;8;"2024-02-28 22:10:00";0.0;0.0;34.6
105656;9;"2024-02-28 22:10:00";0.0;0.0;36.6
105657;10;"2024-02-28 22:10:00";0.0;0.0;35.4
105658;6;"2024-02-28 23:10:00";0.0;0.0;35.0
105659;7;"2024-02-28 23:10:00";0.0;0.0;35.1
105660;8;"2024-02-28 23:10:00";0.0;0.0;34.6
105661;9;"2024-02-28 23:10:00";0.0;0.0;36.6
105662;10;"2024-02-28 23:10:00";0.0;0.0;35.4
105663;6;"2024-02-29 00:10:01";0.0;0.0;0.0
105664;7;"2024-02-29 00:10:01";0.0;0.0;0.0
105665;8;"2024-02-29 00:10:01";0.0;0.0;0.0
105666;9;"2024-02-29 00:10:01";0.0;0.0;0.0
105667;10;"2024-02-29 00:10:01";0.0;0.0;0.0
105668;6;"2024-02-29 01:10:00";0.0;0.0;0.0
105669;7;"2024-02-29 01:10:00";0.0;0.0;0.0
105670;8;"2024-02-29 01:10:00";0.0;0.0;0.0
105671;9;"2024-02-29 01:10:00";0.0;0.0;0.0
105672;10;"2024-02-29 01:10:00";0.0;0.0;0.0
105673;6;"2024-02-29 02:10:00";0.0;0.0;0.0
105674;7;"2024-02-29 02:10:00";0.0;0.0;0.0
105675;8;"2024-02-29 02:10:00";0.0;0.0;0.0
105676;9;"2024-02-29 02:10:00";0.0;0.0;0.0
105677;10;"2024-02-29 02:10:00";0.0;0.0;0.0
105678;6;"2024-02-29 03:10:00";0.0;0.0;0.0
105679;7;"2024-02-29 03:10:00";0.0;0.0;0.0
105680;8;"2024-02-29 03:10:00";0.0;0.0;0.0
105681;9;"2024-02-29 03:10:00";0.0;0.0;0.0
105682;10;"2024-02-29 03:10:00";0.0;0.0;0.0
105683;6;"2024-02-29 04:10:00";0.0;0.0;0.0
105684;7;"2024-02-29 04:10:00";0.0;0.0;0.0
105685;8;"2024-02-29 04:10:00";0.0;0.0;0.0
105686;9;"2024-02-29 04:10:00";0.0;0.0;0.0
105687;10;"2024-02-29 04:10:00";0.0;0.0;0.0
105688;6;"2024-02-29 05:10:01";0.0;0.0;0.0
105689;7;"2024-02-29 05:10:01";0.0;0.0;0.0
105690;8;"2024-02-29 05:10:01";0.0;0.0;0.0
105691;9;"2024-02-29 05:10:01";0.0;0.0;0.0
105692;10;"2024-02-29 05:10:01";0.0;0.0;0.0
105693;6;"2024-02-29 06:10:00";0.0;0.0;0.0
105694;7;"2024-02-29 06:10:00";0.0;0.0;0.0
105695;8;"2024-02-29 06:10:00";0.0;0.0;0.0
105696;9;"2024-02-29 06:10:00";0.0;0.0;0.0
105697;10;"2024-02-29 06:10:00";0.0;0.0;0.0
105698;6;"2024-02-29 07:10:01";2.79;3.01;1.0
105699;7;"2024-02-29 07:10:01";2.82;3.19;1.0
105700;8;"2024-02-29 07:10:01";2.79;3.05;1.0
105701;9;"2024-02-29 07:10:01";3.41;3.67;1.0
105702;10;"2024-02-29 07:10:01";2.9;3.15;1.0
105703;6;"2024-02-29 08:10:01";8.48;8.71;5.1
105704;7;"2024-02-29 08:10:01";8.67;8.91;5.1
105705;8;"2024-02-29 08:10:01";8.65;8.88;5.0
105706;9;"2024-02-29 08:10:01";9.41;9.82;5.4
105707;10;"2024-02-29 08:10:01";8.61;8.86;5.2
105708;6;"2024-02-29 09:10:00";4.15;4.42;9.9
105709;7;"2024-02-29 09:10:00";4.09;4.36;10.0
105710;8;"2024-02-29 09:10:00";3.45;3.72;10.1
105711;9;"2024-02-29 09:10:00";4.35;4.72;10.8
105712;10;"2024-02-29 09:10:00";3.47;3.72;10.2
105713;6;"2024-02-29 10:10:00";2.75;3.39;13.1
105714;7;"2024-02-29 10:10:00";2.88;3.14;13.4
105715;8;"2024-02-29 10:10:00";2.8;3.33;13.2
105716;9;"2024-02-29 10:10:00";3.12;3.51;14.3
105717;10;"2024-02-29 10:10:00";2.91;3.23;13.3
105718;6;"2024-02-29 11:10:01";4.8;5.14;18.1
105719;7;"2024-02-29 11:10:01";5.11;5.38;18.0
105720;8;"2024-02-29 11:10:01";5.41;5.65;17.8
105721;9;"2024-02-29 11:10:01";5.3;5.65;19.5
105722;10;"2024-02-29 11:10:01";5.21;5.45;18.0
105723;6;"2024-02-29 12:10:00";18.03;18.33;25.8
105724;7;"2024-02-29 12:10:00";18.3;18.72;25.9
105725;8;"2024-02-29 12:10:00";18.51;18.82;25.6
105726;9;"2024-02-29 12:10:00";19.76;20.06;28.4
105727;10;"2024-02-29 12:10:00";18.75;19.08;26.1
105728;6;"2024-02-29 13:10:00";4.89;5.12;33.7
105729;7;"2024-02-29 13:10:00";4.75;5.08;34.0
105730;8;"2024-02-29 13:10:00";4.63;4.86;33.6
105731;9;"2024-02-29 13:10:00";5.73;6.16;36.6
105732;10;"2024-02-29 13:10:00";4.82;5.16;34.1
105733;6;"2024-02-29 14:10:00";7.63;7.92;40.7
105734;7;"2024-02-29 14:10:00";7.66;7.96;40.9
105735;8;"2024-02-29 14:10:00";7.64;7.87;40.5
105736;9;"2024-02-29 14:10:00";8.03;8.36;44.0
105737;10;"2024-02-29 14:10:00";7.72;8.02;41.2
105738;6;"2024-02-29 15:10:00";17.56;17.86;51.9
105739;7;"2024-02-29 15:10:00";17.49;17.79;52.1
105740;8;"2024-02-29 15:10:00";17.34;17.64;51.6
105741;9;"2024-02-29 15:10:00";18.7;19.02;55.7
105742;10;"2024-02-29 15:10:00";17.57;17.87;52.5
105743;6;"2024-02-29 16:10:01";5.23;5.66;60.8
105744;7;"2024-02-29 16:10:01";3.7;4.05;61.5
105745;8;"2024-02-29 16:10:01";3.77;4.1;60.9
105746;9;"2024-02-29 16:10:01";5.16;5.56;65.2
105747;10;"2024-02-29 16:10:01";4.16;4.37;62.0
105748;6;"2024-02-29 17:10:00";1.27;1.58;63.3
105749;7;"2024-02-29 17:10:00";1.47;1.73;63.8
105750;8;"2024-02-29 17:10:00";1.38;1.69;63.2
105751;9;"2024-02-29 17:10:00";1.26;1.73;67.9
105752;10;"2024-02-29 17:10:00";1.73;2.12;64.4
105753;6;"2024-02-29 18:10:01";0.0;0.0;63.6
105754;7;"2024-02-29 18:10:01";0.0;0.0;64.2
105755;8;"2024-02-29 18:10:01";0.0;0.0;63.5
105756;9;"2024-02-29 18:10:01";0.0;0.0;68.2
105757;10;"2024-02-29 18:10:01";0.0;0.0;64.7
105758;6;"2024-02-29 19:10:01";0.0;0.0;63.6
105759;7;"2024-02-29 19:10:01";0.0;0.0;64.2
105760;8;"2024-02-29 19:10:01";0.0;0.0;63.5
105761;9;"2024-02-29 19:10:01";0.0;0.0;68.2
105762;10;"2024-02-29 19:10:01";0.0;0.0;64.7
105763;6;"2024-02-29 20:10:00";0.0;0.0;63.6
105764;7;"2024-02-29 20:10:00";0.0;0.0;64.2
105765;8;"2024-02-29 20:10:00";0.0;0.0;63.5
105766;9;"2024-02-29 20:10:00";0.0;0.0;68.2
105767;10;"2024-02-29 20:10:00";0.0;0.0;64.7
105768;6;"2024-02-29 21:10:00";0.0;0.0;63.6
105769;7;"2024-02-29 21:10:00";0.0;0.0;64.2
105770;8;"2024-02-29 21:10:00";0.0;0.0;63.5
105771;9;"2024-02-29 21:10:00";0.0;0.0;68.2
105772;10;"2024-02-29 21:10:00";0.0;0.0;64.7
105773;6;"2024-02-29 22:10:00";0.0;0.0;63.6
105774;7;"2024-02-29 22:10:00";0.0;0.0;64.2
105775;8;"2024-02-29 22:10:00";0.0;0.0;63.5
105776;9;"2024-02-29 22:10:00";0.0;0.0;68.2
105777;10;"2024-02-29 22:10:00";0.0;0.0;64.7
105778;6;"2024-02-29 23:10:00";0.0;0.0;63.6
105779;7;"2024-02-29 23:10:00";0.0;0.0;64.2
105780;8;"2024-02-29 23:10:00";0.0;0.0;63.5
105781;9;"2024-02-29 23:10:00";0.0;0.0;68.2
105782;10;"2024-02-29 23:10:00";0.0;0.0;64.7
105783;6;"2024-03-01 00:10:01";0.0;0.0;0.0
105784;7;"2024-03-01 00:10:01";0.0;0.0;0.0
105785;8;"2024-03-01 00:10:01";0.0;0.0;0.0
105786;9;"2024-03-01 00:10:01";0.0;0.0;0.0
105787;10;"2024-03-01 00:10:01";0.0;0.0;0.0
105788;6;"2024-03-01 01:10:00";0.0;0.0;0.0
105789;7;"2024-03-01 01:10:00";0.0;0.0;0.0
105790;8;"2024-03-01 01:10:00";0.0;0.0;0.0
105791;9;"2024-03-01 01:10:00";0.0;0.0;0.0
105792;10;"2024-03-01 01:10:00";0.0;0.0;0.0
105793;6;"2024-03-01 02:10:00";0.0;0.0;0.0
105794;7;"2024-03-01 02:10:00";0.0;0.0;0.0
105795;8;"2024-03-01 02:10:00";0.0;0.0;0.0
105796;9;"2024-03-01 02:10:00";0.0;0.0;0.0
105797;10;"2024-03-01 02:10:00";0.0;0.0;0.0
105798;6;"2024-03-01 03:10:01";0.0;0.0;0.0
105799;7;"2024-03-01 03:10:01";0.0;0.0;0.0
105800;8;"2024-03-01 03:10:01";0.0;0.0;0.0
105801;9;"2024-03-01 03:10:01";0.0;0.0;0.0
105802;10;"2024-03-01 03:10:01";0.0;0.0;0.0
105803;6;"2024-03-01 04:10:00";0.0;0.0;0.0
105804;7;"2024-03-01 04:10:00";0.0;0.0;0.0
105805;8;"2024-03-01 04:10:00";0.0;0.0;0.0
105806;9;"2024-03-01 04:10:00";0.0;0.0;0.0
105807;10;"2024-03-01 04:10:00";0.0;0.0;0.0
105808;6;"2024-03-01 05:10:01";0.0;0.0;0.0
105809;7;"2024-03-01 05:10:01";0.0;0.0;0.0
105810;8;"2024-03-01 05:10:01";0.0;0.0;0.0
105811;9;"2024-03-01 05:10:01";0.0;0.0;0.0
105812;10;"2024-03-01 05:10:01";0.0;0.0;0.0
105813;6;"2024-03-01 06:10:01";0.0;0.0;0.0
105814;7;"2024-03-01 06:10:01";0.0;0.0;0.0
105815;8;"2024-03-01 06:10:01";0.0;0.0;0.0
105816;9;"2024-03-01 06:10:01";0.0;0.0;0.0
105817;10;"2024-03-01 06:10:01";0.0;0.0;0.0
105818;6;"2024-03-01 07:10:00";1.86;2.1;0.3
105819;7;"2024-03-01 07:10:00";2.14;2.54;0.4
105820;8;"2024-03-01 07:10:00";1.87;2.23;0.3
105821;9;"2024-03-01 07:10:00";2.29;2.66;0.4
105822;10;"2024-03-01 07:10:00";1.76;2.09;0.3
105823;6;"2024-03-01 08:10:00";9.55;9.8;5.3
105824;7;"2024-03-01 08:10:00";9.64;9.88;5.3
105825;8;"2024-03-01 08:10:00";9.61;9.98;5.4
105826;9;"2024-03-01 08:10:00";10.41;10.87;5.8
105827;10;"2024-03-01 08:10:00";9.73;9.97;5.4
105828;6;"2024-03-01 09:10:00";10.2;10.5;14.2
105829;7;"2024-03-01 09:10:00";9.86;10.12;14.6
105830;8;"2024-03-01 09:10:00";9.27;9.52;13.8
105831;9;"2024-03-01 09:10:00";10.39;10.73;15.2
105832;10;"2024-03-01 09:10:00";10.16;10.38;14.3
105833;6;"2024-03-01 10:10:00";30.13;30.54;24.5
105834;7;"2024-03-01 10:10:00";32.86;33.31;23.9
105835;8;"2024-03-01 10:10:00";31.31;31.78;23.5
105836;9;"2024-03-01 10:10:00";34.38;34.84;26.0
105837;10;"2024-03-01 10:10:00";30.32;30.74;24.0
105838;6;"2024-03-01 11:10:00";9.13;9.53;40.6
105839;7;"2024-03-01 11:10:00";10.26;10.55;40.8
105840;8;"2024-03-01 11:10:00";9.83;10.11;40.4
105841;9;"2024-03-01 11:10:00";11.62;11.86;44.3
105842;10;"2024-03-01 11:10:00";10.24;10.48;40.6
105843;6;"2024-03-01 12:10:00";10.14;10.39;50.2
105844;7;"2024-03-01 12:10:00";9.82;10.16;50.5
105845;8;"2024-03-01 12:10:00";10.17;10.4;50.0
105846;9;"2024-03-01 12:10:00";10.55;10.87;54.8
105847;10;"2024-03-01 12:10:00";9.99;10.28;50.4
105848;6;"2024-03-01 13:10:01";10.66;11.06;62.6
105849;7;"2024-03-01 13:10:01";11.9;12.15;63.1
105850;8;"2024-03-01 13:10:01";12.75;13.03;62.5
105851;9;"2024-03-01 13:10:01";13.48;13.86;68.6
105852;10;"2024-03-01 13:10:01";10.92;11.15;62.8
105853;6;"2024-03-01 14:10:00";16.43;16.73;77.2
105854;7;"2024-03-01 14:10:00";18.01;18.35;77.6
105855;8;"2024-03-01 14:10:00";18.04;18.39;76.9
105856;9;"2024-03-01 14:10:00";19.66;19.97;84.4
105857;10;"2024-03-01 14:10:00";17.02;17.35;77.4
105858;6;"2024-03-01 15:10:00";8.65;9.05;87.3
105859;7;"2024-03-01 15:10:00";8.55;9.03;88.1
105860;8;"2024-03-01 15:10:00";8.45;8.81;87.4
105861;9;"2024-03-01 15:10:00";9.13;9.41;95.5
105862;10;"2024-03-01 15:10:00";8.86;9.11;87.7
105863;6;"2024-03-01 16:10:01";4.66;5.12;93.2
105864;7;"2024-03-01 16:10:01";6.51;6.86;94.4
105865;8;"2024-03-01 16:10:01";4.21;4.76;93.4
105866;9;"2024-03-01 16:10:01";4.44;4.97;101.9
105867;10;"2024-03-01 16:10:01";4.54;5.06;93.7
105868;6;"2024-03-01 17:10:01";1.75;2.18;97.3
105869;7;"2024-03-01 17:10:01";1.94;2.1;98.3
105870;8;"2024-03-01 17:10:01";1.87;2.17;97.5
105871;9;"2024-03-01 17:10:01";1.02;1.42;106.4
105872;10;"2024-03-01 17:10:01";1.96;2.22;97.9
105873;6;"2024-03-01 18:10:00";0.0;0.0;97.6
105874;7;"2024-03-01 18:10:00";0.0;0.0;98.6
105875;8;"2024-03-01 18:10:00";0.0;0.0;97.8
105876;9;"2024-03-01 18:10:00";0.0;0.0;106.6
105877;10;"2024-03-01 18:10:00";0.0;0.0;98.1
105878;6;"2024-03-01 19:10:01";0.0;0.0;97.6
105879;7;"2024-03-01 19:10:01";0.0;0.0;98.6
105880;8;"2024-03-01 19:10:01";0.0;0.0;97.8
105881;9;"2024-03-01 19:10:01";0.0;0.0;106.6
105882;10;"2024-03-01 19:10:01";0.0;0.0;98.1
105883;6;"2024-03-01 20:10:00";0.0;0.0;97.6
105884;7;"2024-03-01 20:10:00";0.0;0.0;98.6
105885;8;"2024-03-01 20:10:00";0.0;0.0;97.8
105886;9;"2024-03-01 20:10:00";0.0;0.0;106.6
105887;10;"2024-03-01 20:10:00";0.0;0.0;98.1
105888;6;"2024-03-01 21:10:00";0.0;0.0;97.6
105889;7;"2024-03-01 21:10:00";0.0;0.0;98.6
105890;8;"2024-03-01 21:10:00";0.0;0.0;97.8
105891;9;"2024-03-01 21:10:00";0.0;0.0;106.6
105892;10;"2024-03-01 21:10:00";0.0;0.0;98.1
105893;6;"2024-03-01 22:10:00";0.0;0.0;97.6
105894;7;"2024-03-01 22:10:00";0.0;0.0;98.6
105895;8;"2024-03-01 22:10:00";0.0;0.0;97.8
105896;9;"2024-03-01 22:10:00";0.0;0.0;106.6
105897;10;"2024-03-01 22:10:00";0.0;0.0;98.1
105898;6;"2024-03-01 23:10:00";0.0;0.0;97.6
105899;7;"2024-03-01 23:10:00";0.0;0.0;98.6
105900;8;"2024-03-01 23:10:00";0.0;0.0;97.8
105901;9;"2024-03-01 23:10:00";0.0;0.0;106.6
105902;10;"2024-03-01 23:10:00";0.0;0.0;98.1
105903;6;"2024-03-02 00:10:01";0.0;0.0;0.0
105904;7;"2024-03-02 00:10:01";0.0;0.0;0.0
105905;8;"2024-03-02 00:10:01";0.0;0.0;0.0
105906;9;"2024-03-02 00:10:01";0.0;0.0;0.0
105907;10;"2024-03-02 00:10:01";0.0;0.0;0.0
105908;6;"2024-03-02 01:10:00";0.0;0.0;0.0
105909;7;"2024-03-02 01:10:00";0.0;0.0;0.0
105910;8;"2024-03-02 01:10:00";0.0;0.0;0.0
105911;9;"2024-03-02 01:10:00";0.0;0.0;0.0
105912;10;"2024-03-02 01:10:00";0.0;0.0;0.0
105913;6;"2024-03-02 02:10:01";0.0;0.0;0.0
105914;7;"2024-03-02 02:10:01";0.0;0.0;0.0
105915;8;"2024-03-02 02:10:01";0.0;0.0;0.0
105916;9;"2024-03-02 02:10:01";0.0;0.0;0.0
105917;10;"2024-03-02 02:10:01";0.0;0.0;0.0
105918;6;"2024-03-02 03:10:00";0.0;0.0;0.0
105919;7;"2024-03-02 03:10:00";0.0;0.0;0.0
105920;8;"2024-03-02 03:10:00";0.0;0.0;0.0
105921;9;"2024-03-02 03:10:00";0.0;0.0;0.0
105922;10;"2024-03-02 03:10:00";0.0;0.0;0.0
105923;6;"2024-03-02 04:10:00";0.0;0.0;0.0
105924;7;"2024-03-02 04:10:00";0.0;0.0;0.0
105925;8;"2024-03-02 04:10:00";0.0;0.0;0.0
105926;9;"2024-03-02 04:10:00";0.0;0.0;0.0
105927;10;"2024-03-02 04:10:00";0.0;0.0;0.0
105928;6;"2024-03-02 05:10:01";0.0;0.0;0.0
105929;7;"2024-03-02 05:10:01";0.0;0.0;0.0
105930;8;"2024-03-02 05:10:01";0.0;0.0;0.0
105931;9;"2024-03-02 05:10:01";0.0;0.0;0.0
105932;10;"2024-03-02 05:10:01";0.0;0.0;0.0
105933;6;"2024-03-02 06:10:00";0.0;0.0;0.0
105934;7;"2024-03-02 06:10:00";0.0;0.0;0.0
105935;8;"2024-03-02 06:10:00";0.0;0.0;0.0
105936;9;"2024-03-02 06:10:00";0.0;0.0;0.0
105937;10;"2024-03-02 06:10:00";0.0;0.0;0.0
105938;6;"2024-03-02 07:10:00";7.07;7.36;2.0
105939;7;"2024-03-02 07:10:00";6.62;6.89;1.7
105940;8;"2024-03-02 07:10:00";7.97;8.33;2.1
105941;9;"2024-03-02 07:10:00";8.62;9.1;2.3
105942;10;"2024-03-02 07:10:00";5.8;6.01;1.7
105943;6;"2024-03-02 08:10:00";17.68;18.0;13.9
105944;7;"2024-03-02 08:10:00";18.25;18.56;13.9
105945;8;"2024-03-02 08:10:00";18.11;18.48;14.9
105946;9;"2024-03-02 08:10:00";19.98;20.31;16.9
105947;10;"2024-03-02 08:10:00";17.51;17.83;12.6
105948;6;"2024-03-02 09:10:00";32.52;32.96;39.7
105949;7;"2024-03-02 09:10:00";32.34;32.86;41.1
105950;8;"2024-03-02 09:10:00";31.71;32.14;42.4
105951;9;"2024-03-02 09:10:00";35.66;36.14;48.3
105952;10;"2024-03-02 09:10:00";31.01;31.42;37.1
105953;6;"2024-03-02 10:10:01";37.03;37.52;75.8
105954;7;"2024-03-02 10:10:01";38.28;38.86;78.2
105955;8;"2024-03-02 10:10:01";38.28;38.79;79.0
105956;9;"2024-03-02 10:10:01";42.04;42.7;89.1
105957;10;"2024-03-02 10:10:01";37.46;37.96;72.6
105958;6;"2024-03-02 11:10:00";39.64;40.16;117.9
105959;7;"2024-03-02 11:10:00";39.35;39.87;118.4
105960;8;"2024-03-02 11:10:00";39.12;39.63;118.9
105961;9;"2024-03-02 11:10:00";42.78;43.34;133.0
105962;10;"2024-03-02 11:10:00";40.13;40.65;114.5
105963;6;"2024-03-02 12:10:00";62.68;63.55;167.4
105964;7;"2024-03-02 12:10:00";63.28;64.1;171.3
105965;8;"2024-03-02 12:10:00";64.32;65.16;168.2
105966;9;"2024-03-02 12:10:00";70.58;71.55;187.6
105967;10;"2024-03-02 12:10:00";60.5;61.29;163.7
105968;6;"2024-03-02 13:10:00";48.38;49.02;229.7
105969;7;"2024-03-02 13:10:00";49.25;49.88;230.9
105970;8;"2024-03-02 13:10:00";49.03;49.66;231.3
105971;9;"2024-03-02 13:10:00";59.63;60.43;253.8
105972;10;"2024-03-02 13:10:00";49.4;50.04;222.3
105973;6;"2024-03-02 14:10:01";36.46;36.95;266.3
105974;7;"2024-03-02 14:10:01";35.42;35.91;270.3
105975;8;"2024-03-02 14:10:01";36.44;36.93;268.4
105976;9;"2024-03-02 14:10:01";37.3;37.85;299.2
105977;10;"2024-03-02 14:10:01";36.32;36.8;261.7
105978;6;"2024-03-02 15:10:00";20.83;21.15;293.3
105979;7;"2024-03-02 15:10:01";21.38;21.71;297.1
105980;8;"2024-03-02 15:10:01";20.81;21.17;295.6
105981;9;"2024-03-02 15:10:01";22.34;22.68;326.4
105982;10;"2024-03-02 15:10:01";21.3;21.74;288.8
105983;6;"2024-03-02 16:10:00";13.91;14.26;312.8
105984;7;"2024-03-02 16:10:00";13.22;13.51;316.6
105985;8;"2024-03-02 16:10:00";14.26;14.55;315.2
105986;9;"2024-03-02 16:10:00";15.65;16.03;347.6
105987;10;"2024-03-02 16:10:00";13.59;13.86;308.4
105988;6;"2024-03-02 17:10:00";3.84;4.32;323.2
105989;7;"2024-03-02 17:10:00";4.5;4.86;326.5
105990;8;"2024-03-02 17:10:00";4.07;4.34;325.7
105991;9;"2024-03-02 17:10:00";4.57;5.01;359.0
105992;10;"2024-03-02 17:10:00";3.99;4.36;318.7
105993;6;"2024-03-02 18:10:00";0.0;0.28;325.4
105994;7;"2024-03-02 18:10:00";0.0;0.14;328.9
105995;8;"2024-03-02 18:10:00";0.0;0.0;328.0
105996;9;"2024-03-02 18:10:00";0.0;0.21;361.5
105997;10;"2024-03-02 18:10:00";0.0;0.14;321.0
105998;6;"2024-03-02 19:10:00";0.0;0.0;325.4
105999;7;"2024-03-02 19:10:00";0.0;0.0;328.9
106000;8;"2024-03-02 19:10:00";0.0;0.0;328.0
106001;9;"2024-03-02 19:10:00";0.0;0.0;361.5
106002;10;"2024-03-02 19:10:00";0.0;0.0;321.0
106003;6;"2024-03-02 20:10:00";0.0;0.0;325.4
106004;7;"2024-03-02 20:10:00";0.0;0.0;328.9
106005;8;"2024-03-02 20:10:00";0.0;0.0;328.0
106006;9;"2024-03-02 20:10:01";0.0;0.0;361.5
106007;10;"2024-03-02 20:10:01";0.0;0.0;321.0
106008;6;"2024-03-02 21:10:00";0.0;0.0;325.4
106009;7;"2024-03-02 21:10:00";0.0;0.0;328.9
106010;8;"2024-03-02 21:10:00";0.0;0.0;328.0
106011;9;"2024-03-02 21:10:00";0.0;0.0;361.5
106012;10;"2024-03-02 21:10:00";0.0;0.0;321.0
106013;6;"2024-03-02 22:10:00";0.0;0.0;325.4
106014;7;"2024-03-02 22:10:00";0.0;0.0;328.9
106015;8;"2024-03-02 22:10:00";0.0;0.0;328.0
106016;9;"2024-03-02 22:10:00";0.0;0.0;361.5
106017;10;"2024-03-02 22:10:00";0.0;0.0;321.0
106018;6;"2024-03-02 23:10:00";0.0;0.0;325.4
106019;7;"2024-03-02 23:10:00";0.0;0.0;328.9
106020;8;"2024-03-02 23:10:00";0.0;0.0;328.0
106021;9;"2024-03-02 23:10:00";0.0;0.0;361.5
106022;10;"2024-03-02 23:10:00";0.0;0.0;321.0
106023;6;"2024-03-03 00:10:01";0.0;0.0;0.0
106024;7;"2024-03-03 00:10:01";0.0;0.0;0.0
106025;8;"2024-03-03 00:10:01";0.0;0.0;0.0
106026;9;"2024-03-03 00:10:01";0.0;0.0;0.0
106027;10;"2024-03-03 00:10:01";0.0;0.0;0.0
106028;6;"2024-03-03 01:10:00";0.0;0.0;0.0
106029;7;"2024-03-03 01:10:00";0.0;0.0;0.0
106030;8;"2024-03-03 01:10:00";0.0;0.0;0.0
106031;9;"2024-03-03 01:10:00";0.0;0.0;0.0
106032;10;"2024-03-03 01:10:00";0.0;0.0;0.0
106033;6;"2024-03-03 02:10:00";0.0;0.0;0.0
106034;7;"2024-03-03 02:10:00";0.0;0.0;0.0
106035;8;"2024-03-03 02:10:00";0.0;0.0;0.0
106036;9;"2024-03-03 02:10:00";0.0;0.0;0.0
106037;10;"2024-03-03 02:10:00";0.0;0.0;0.0
106038;6;"2024-03-03 03:10:01";0.0;0.0;0.0
106039;7;"2024-03-03 03:10:01";0.0;0.0;0.0
106040;8;"2024-03-03 03:10:01";0.0;0.0;0.0
106041;9;"2024-03-03 03:10:01";0.0;0.0;0.0
106042;10;"2024-03-03 03:10:01";0.0;0.0;0.0
106043;6;"2024-03-03 04:10:01";0.0;0.0;0.0
106044;7;"2024-03-03 04:10:01";0.0;0.0;0.0
106045;8;"2024-03-03 04:10:01";0.0;0.0;0.0
106046;9;"2024-03-03 04:10:01";0.0;0.0;0.0
106047;10;"2024-03-03 04:10:01";0.0;0.0;0.0
106048;6;"2024-03-03 05:10:00";0.0;0.0;0.0
106049;7;"2024-03-03 05:10:00";0.0;0.0;0.0
106050;8;"2024-03-03 05:10:00";0.0;0.0;0.0
106051;9;"2024-03-03 05:10:00";0.0;0.0;0.0
106052;10;"2024-03-03 05:10:00";0.0;0.0;0.0
106053;6;"2024-03-03 06:10:00";0.0;0.0;0.0
106054;7;"2024-03-03 06:10:00";0.0;0.0;0.0
106055;8;"2024-03-03 06:10:00";0.0;0.0;0.0
106056;9;"2024-03-03 06:10:00";0.0;0.0;0.0
106057;10;"2024-03-03 06:10:00";0.0;0.0;0.0
106058;6;"2024-03-03 07:10:00";7.27;7.72;2.1
106059;7;"2024-03-03 07:10:00";7.42;7.74;2.1
106060;8;"2024-03-03 07:10:00";8.44;8.75;2.2
106061;9;"2024-03-03 07:10:00";9.92;10.37;2.8
106062;10;"2024-03-03 07:10:00";5.77;6.18;1.7
106063;6;"2024-03-03 08:10:00";24.71;25.15;18.8
106064;7;"2024-03-03 08:10:00";25.02;25.43;19.4
106065;8;"2024-03-03 08:10:00";26.02;26.45;20.8
106066;9;"2024-03-03 08:10:00";28.67;29.08;25.4
106067;10;"2024-03-03 08:10:00";23.69;24.1;15.4
106068;6;"2024-03-03 09:10:00";29.89;30.3;47.3
106069;7;"2024-03-03 09:10:00";29.74;30.14;48.0
106070;8;"2024-03-03 09:10:00";29.53;29.94;49.4
106071;9;"2024-03-03 09:10:00";32.24;32.68;57.3
106072;10;"2024-03-03 09:10:00";29.26;29.67;42.5
106073;6;"2024-03-03 10:10:00";73.74;74.7;97.4
106074;7;"2024-03-03 10:10:00";72.18;73.11;98.4
106075;8;"2024-03-03 10:10:00";61.37;62.19;99.1
106076;9;"2024-03-03 10:10:00";81.27;82.32;114.2
106077;10;"2024-03-03 10:10:00";53.2;53.85;88.7
106078;6;"2024-03-03 11:10:00";103.45;105.44;159.9
106079;7;"2024-03-03 11:10:00";73.85;76.41;165.8
106080;8;"2024-03-03 11:10:00";89.86;91.48;161.7
106081;9;"2024-03-03 11:10:00";67.46;68.45;192.4
106082;10;"2024-03-03 11:10:00";68.45;69.39;149.7
106083;6;"2024-03-03 12:10:01";62.7;63.53;225.3
106084;7;"2024-03-03 12:10:01";62.81;63.62;227.9
106085;8;"2024-03-03 12:10:01";63.44;64.28;231.5
106086;9;"2024-03-03 12:10:01";71.59;72.53;266.0
106087;10;"2024-03-03 12:10:01";58.67;59.43;210.7
106088;6;"2024-03-03 13:10:00";53.88;54.56;290.7
106089;7;"2024-03-03 13:10:00";53.91;54.6;293.9
106090;8;"2024-03-03 13:10:00";52.92;53.64;293.8
106091;9;"2024-03-03 13:10:00";59.42;60.27;335.9
106092;10;"2024-03-03 13:10:00";54.46;55.13;272.7
106093;6;"2024-03-03 14:10:01";84.5;85.63;359.7
106094;7;"2024-03-03 14:10:01";85.72;86.82;364.3
106095;8;"2024-03-03 14:10:01";79.92;81.33;367.4
106096;9;"2024-03-03 14:10:01";92.73;93.96;412.7
106097;10;"2024-03-03 14:10:01";80.98;82.06;335.6
106098;6;"2024-03-03 15:10:01";38.33;38.82;426.3
106099;7;"2024-03-03 15:10:01";41.57;42.11;431.6
106100;8;"2024-03-03 15:10:01";32.36;32.79;429.8
106101;9;"2024-03-03 15:10:01";41.14;41.65;485.3
106102;10;"2024-03-03 15:10:01";58.33;59.07;404.9
106103;6;"2024-03-03 16:10:00";31.9;32.34;467.0
106104;7;"2024-03-03 16:10:00";33.43;33.91;472.8
106105;8;"2024-03-03 16:10:00";27.47;27.87;467.3
106106;9;"2024-03-03 16:10:00";34.56;35.02;530.1
106107;10;"2024-03-03 16:10:01";35.01;35.51;445.7
106108;6;"2024-03-03 17:10:01";7.46;7.95;487.4
106109;7;"2024-03-03 17:10:01";7.5;7.77;493.1
106110;8;"2024-03-03 17:10:01";5.48;5.84;481.3
106111;9;"2024-03-03 17:10:01";7.05;7.5;550.2
106112;10;"2024-03-03 17:10:01";9.0;9.24;467.9
106113;6;"2024-03-03 18:10:00";0.0;0.36;489.8
106114;7;"2024-03-03 18:10:00";0.07;0.29;495.4
106115;8;"2024-03-03 18:10:00";0.05;0.27;483.4
106116;9;"2024-03-03 18:10:00";0.0;0.41;552.7
106117;10;"2024-03-03 18:10:00";0.0;0.29;471.0
106118;6;"2024-03-03 19:10:00";0.0;0.0;489.8
106119;7;"2024-03-03 19:10:00";0.0;0.0;495.4
106120;8;"2024-03-03 19:10:00";0.0;0.0;483.4
106121;9;"2024-03-03 19:10:00";0.0;0.0;552.7
106122;10;"2024-03-03 19:10:00";0.0;0.0;471.0
106123;6;"2024-03-03 20:10:01";0.0;0.0;489.8
106124;7;"2024-03-03 20:10:01";0.0;0.0;495.4
106125;8;"2024-03-03 20:10:01";0.0;0.0;483.4
106126;9;"2024-03-03 20:10:01";0.0;0.0;552.7
106127;10;"2024-03-03 20:10:01";0.0;0.0;471.0
106128;6;"2024-03-03 21:10:01";0.0;0.0;489.8
106129;7;"2024-03-03 21:10:01";0.0;0.0;495.4
106130;8;"2024-03-03 21:10:01";0.0;0.0;483.4
106131;9;"2024-03-03 21:10:01";0.0;0.0;552.7
106132;10;"2024-03-03 21:10:01";0.0;0.0;471.0
106133;6;"2024-03-03 22:10:00";0.0;0.0;489.8
106134;7;"2024-03-03 22:10:00";0.0;0.0;495.4
106135;8;"2024-03-03 22:10:00";0.0;0.0;483.4
106136;9;"2024-03-03 22:10:00";0.0;0.0;552.7
106137;10;"2024-03-03 22:10:00";0.0;0.0;471.0
106138;6;"2024-03-03 23:10:00";0.0;0.0;489.8
106139;7;"2024-03-03 23:10:00";0.0;0.0;495.4
106140;8;"2024-03-03 23:10:00";0.0;0.0;483.4
106141;9;"2024-03-03 23:10:00";0.0;0.0;552.7
106142;10;"2024-03-03 23:10:00";0.0;0.0;471.0
106143;6;"2024-03-04 00:10:01";0.0;0.0;0.0
106144;7;"2024-03-04 00:10:01";0.0;0.0;0.0
106145;8;"2024-03-04 00:10:01";0.0;0.0;0.0
106146;9;"2024-03-04 00:10:01";0.0;0.0;0.0
106147;10;"2024-03-04 00:10:01";0.0;0.0;0.0
106148;6;"2024-03-04 01:10:00";0.0;0.0;0.0
106149;7;"2024-03-04 01:10:00";0.0;0.0;0.0
106150;8;"2024-03-04 01:10:00";0.0;0.0;0.0
106151;9;"2024-03-04 01:10:00";0.0;0.0;0.0
106152;10;"2024-03-04 01:10:00";0.0;0.0;0.0
106153;6;"2024-03-04 02:10:00";0.0;0.0;0.0
106154;7;"2024-03-04 02:10:00";0.0;0.0;0.0
106155;8;"2024-03-04 02:10:00";0.0;0.0;0.0
106156;9;"2024-03-04 02:10:00";0.0;0.0;0.0
106157;10;"2024-03-04 02:10:00";0.0;0.0;0.0
106158;6;"2024-03-04 03:10:01";0.0;0.0;0.0
106159;7;"2024-03-04 03:10:01";0.0;0.0;0.0
106160;8;"2024-03-04 03:10:01";0.0;0.0;0.0
106161;9;"2024-03-04 03:10:01";0.0;0.0;0.0
106162;10;"2024-03-04 03:10:01";0.0;0.0;0.0
106163;6;"2024-03-04 04:10:00";0.0;0.0;0.0
106164;7;"2024-03-04 04:10:00";0.0;0.0;0.0
106165;8;"2024-03-04 04:10:00";0.0;0.0;0.0
106166;9;"2024-03-04 04:10:00";0.0;0.0;0.0
106167;10;"2024-03-04 04:10:00";0.0;0.0;0.0
106168;6;"2024-03-04 05:10:01";0.0;0.0;0.0
106169;7;"2024-03-04 05:10:01";0.0;0.0;0.0
106170;8;"2024-03-04 05:10:01";0.0;0.0;0.0
106171;9;"2024-03-04 05:10:01";0.0;0.0;0.0
106172;10;"2024-03-04 05:10:01";0.0;0.0;0.0
106173;6;"2024-03-04 06:10:00";0.0;0.0;0.0
106174;7;"2024-03-04 06:10:00";0.0;0.0;0.0
106175;8;"2024-03-04 06:10:00";0.0;0.0;0.0
106176;9;"2024-03-04 06:10:00";0.0;0.0;0.0
106177;10;"2024-03-04 06:10:00";0.0;0.0;0.0
106178;6;"2024-03-04 07:10:00";0.35;0.65;0.1
106179;7;"2024-03-04 07:10:00";0.42;0.64;0.1
106180;8;"2024-03-04 07:10:00";0.35;0.65;0.1
106181;9;"2024-03-04 07:10:00";0.18;0.51;0.0
106182;10;"2024-03-04 07:10:00";0.19;0.47;0.0
106183;6;"2024-03-04 08:10:01";3.7;4.24;0.9
106184;7;"2024-03-04 08:10:01";3.8;3.99;0.9
106185;8;"2024-03-04 08:10:01";3.8;4.19;0.9
106186;9;"2024-03-04 08:10:01";4.02;4.39;0.8
106187;10;"2024-03-04 08:10:01";3.48;3.93;0.7
106188;6;"2024-03-04 09:10:00";14.58;14.91;6.7
106189;7;"2024-03-04 09:10:00";15.27;15.56;7.5
106190;8;"2024-03-04 09:10:00";15.17;15.5;7.5
106191;9;"2024-03-04 09:10:00";15.65;15.96;7.0
106192;10;"2024-03-04 09:10:00";14.96;15.26;6.7
106193;6;"2024-03-04 10:10:00";10.85;11.1;17.3
106194;7;"2024-03-04 10:10:00";9.32;9.71;17.9
106195;8;"2024-03-04 10:10:00";10.47;10.75;17.3
106196;9;"2024-03-04 10:10:00";11.01;11.5;18.5
106197;10;"2024-03-04 10:10:00";9.36;9.6;17.4