,cc_diff
0,174.9
1,176.5
2,178.3
3,205.0
4,164.6
5,249.4
6,250.9
7,251.9
8,260.7
9,237.1
10,121.1
11,123.9
12,114.3
13,121.3
14,130.6
15,2.4
16,2.2
17,2.1
18,2.5
19,2.4
20,20.1
21,19.1
22,20.0
23,25.3
24,17.4
25,92.8
26,95.5
27,96.9
28,108.9
29,89.7
30,235.9
31,236.7
32,236.6
33,259.6
34,224.2
35,91.6
36,93.1
37,80.8
38,90.1
39,101.6
40,3.4
41,3.5
42,2.7
43,3.0
44,6.2
45,17.6
46,18.2
47,18.0
48,19.0
49,17.0
50,92.8
51,94.3
52,94.7
53,103.7
54,91.1
55,116.2
56,116.7
57,117.1
58,122.6
59,114.4
60,52.9
61,53.4
62,52.5
63,57.1
64,53.6
65,7.6
66,7.5
67,6.9
68,7.2
69,8.6
70,31.1
71,30.9
72,30.5
73,38.9
74,23.8
75,190.0
76,192.6
77,196.1
78,230.9
79,170.5
80,206.5
81,211.9
82,213.0
83,251.5
84,199.8
85,114.7
86,116.3
87,111.6
88,117.8
89,118.8
90,3.6
91,3.5
92,3.5
93,3.5
94,3.8
95,30.8
96,31.3
97,33.0
98,38.7
99,24.9
100,146.6
101,149.6
102,146.8
103,174.7
104,133.3
105,242.0
106,244.9
107,249.5
108,266.6
109,226.5
110,120.9
111,121.9
112,114.3
113,123.5
114,129.3
115,3.9
116,3.8
117,2.9
118,3.6
119,6.3
120,32.8
121,34.0
122,34.7
123,47.9
124,24.5
125,188.2
126,190.5
127,193.5
128,220.0
129,164.9
130,249.0
131,251.4
132,253.2
133,270.4
134,235.3
135,128.1
136,131.1
137,119.2
138,129.0
139,136.8
140,4.8
141,4.3
142,3.8
143,4.4
144,6.1
145,31.0
146,30.7
147,31.3
148,38.7
149,25.0
150,179.1
151,180.6
152,182.5
153,208.9
154,158.8
155,206.0
156,212.8
157,210.4
158,231.1
159,196.7
160,111.6
161,110.1
162,110.1
163,113.1
164,114.2
165,3.6
166,3.6
167,3.7
168,3.9
169,4.2
170,29.8
171,28.8
172,30.3
173,33.0
174,24.6
175,194.7
176,201.5
177,199.2
178,229.9
179,176.7
180,241.4
181,242.6
182,246.2
183,261.9
184,226.0
185,111.5
186,114.2
187,111.1
188,116.4
189,115.5
190,2.0
191,2.1
192,2.2
193,2.0
194,2.1
195,28.2
196,28.8
197,30.1
198,34.1
199,25.0
200,105.6
201,105.9
202,105.8
203,115.7
204,99.1
205,111.7
206,112.6
207,111.0
208,121.2
209,109.8
210,62.0
211,62.5
212,61.2
213,65.9
214,61.5
215,2.0
216,2.2
217,2.2
218,2.1
219,2.1
220,16.0
221,15.4
222,16.1
223,18.3
224,15.2
225,132.7
226,135.6
227,135.9
228,168.3
229,122.1
230,70.7
231,71.5
232,71.2
233,80.9
234,69.7
235,20.0
236,20.4
237,20.0
238,23.3
239,20.0
240,1.3
241,1.4
242,1.4
243,1.6
244,1.3
245,31.9
246,32.4
247,33.5
248,49.4
249,24.8
250,176.2
251,178.8
252,177.9
253,239.8
254,157.6
255,200.1
256,203.7
257,202.5
258,247.3
259,187.1
260,109.3
261,111.4
262,100.3
263,127.5
264,117.9
265,2.1
266,2.0
267,1.6
268,2.4
269,3.6
270,27.9
271,27.5
272,28.3
273,45.6
274,20.5
275,159.3
276,163.8
277,160.3
278,216.6
279,139.5
280,209.4
281,211.7
282,214.3
283,264.2
284,200.9
285,109.0
286,108.9
287,99.0
288,123.9
289,112.2
290,2.5
291,2.5
292,2.1
293,2.4
294,2.8
295,28.2
296,28.4
297,30.2
298,41.5
299,23.1
300,150.6
301,151.5
302,152.6
303,201.8
304,133.2
305,212.1
306,216.7
307,213.2
308,264.7
309,196.5
310,91.9
311,91.1
312,82.3
313,108.1
314,98.0
315,1.8
316,1.7
317,1.6
318,2.4
319,1.9
320,28.0
321,27.7
322,29.5
323,42.0
324,20.9
325,159.3
326,162.3
327,161.2
328,218.1
329,140.5
330,202.3
331,206.7
332,205.7
333,252.7
334,191.3
335,103.4
336,101.4
337,91.1
338,118.4
339,106.7
340,2.2
341,2.3
342,1.9
343,2.8
344,3.3
345,21.3
346,21.7
347,22.3
348,30.7
349,17.6
350,149.9
351,151.4
352,150.1
353,206.3
354,133.9
355,198.5
356,201.1
357,199.8
358,243.5
359,184.7
360,101.1
361,101.6
362,91.4
363,119.1
364,107.6
365,1.4
366,1.3
367,1.3
368,1.9
369,1.7
370,25.6
371,25.8
372,28.0
373,42.3
374,19.6
375,152.7
376,154.3
377,150.5
378,204.8
379,135.5
380,196.5
381,199.2
382,201.6
383,242.4
384,182.8
385,103.6
386,104.5
387,90.5
388,120.0
389,109.6
390,2.1
391,2.1
392,1.4
393,2.2
394,3.5
395,25.5
396,26.5
397,27.3
398,41.0
399,18.8
400,153.5
401,156.4
402,154.2
403,205.9
404,134.7
405,201.3
406,203.6
407,205.5
408,256.6
409,190.3
410,104.4
411,104.9
412,94.5
413,117.5
414,106.3
415,1.6
416,2.0
417,1.4
418,2.0
419,2.5
420,3.6
421,3.4
422,3.5
423,3.6
424,3.4
425,43.6
426,43.7
427,42.6
428,45.0
429,43.7
430,102.0
431,102.2
432,103.5
433,104.8
434,103.8
435,53.4
436,54.0
437,53.1
438,56.1
439,53.8
440,3.1
441,3.1
442,3.0
443,3.4
444,3.5
445,31.6
446,31.8
447,33.0
448,43.3
449,24.1
450,209.0
451,209.3
452,210.7
453,247.2
454,178.9
455,249.7
456,255.2
457,254.8
458,275.6
459,241.6
460,119.0
461,118.6
462,104.4
463,118.7
464,125.3
465,2.2
466,1.9
467,1.6
468,2.0
469,2.8
470,32.6
471,32.6
472,34.3
473,45.2
474,22.9
475,204.5
476,200.2
477,203.3
478,239.0
479,173.0
480,239.9
481,246.5
482,246.5
483,262.6
484,239.6
485,119.3
486,119.6
487,103.9
488,119.0
489,123.9
490,2.3
491,2.3
492,1.7
493,1.8
494,2.8
495,29.1
496,30.7
497,32.8
498,41.8
499,22.0
500,191.6
501,192.9
502,194.3
503,227.4
504,167.2
505,240.5
506,240.5
507,239.6
508,260.3
509,229.9
510,115.2
511,115.2
512,101.8
513,113.4
514,121.7
515,1.9
516,2.0
517,1.8
518,1.8
519,2.2
520,8.8
521,8.6
522,8.9
523,9.2
524,9.2
525,48.4
526,48.7
527,47.9
528,50.0
529,49.7
530,48.5
531,49.0
532,48.9
533,49.6
534,49.2
535,18.5
536,18.6
537,18.7
538,19.3
539,19.3
540,0.7
541,0.8
542,0.9
543,0.9
544,0.7
545,3.7
546,3.9
547,3.8
548,3.9
549,3.9
550,54.9
551,55.7
552,55.5
553,58.5
554,55.2
555,50.9
556,50.5
557,51.3
558,54.7
559,50.6
560,25.1
561,25.4
562,25.1
563,26.6
564,25.5
565,0.6
566,0.6
567,0.5
568,0.6
569,0.6
570,2.2
571,2.1
572,2.2
573,2.2
574,2.1
575,0.1
576,0.1
577,0.0
578,0.1
579,0.1
580,0.4
581,0.5
582,0.4
583,0.5
584,0.5
585,24.8
586,25.4
587,24.5
588,26.9
589,24.3
590,114.1
591,114.3
592,112.8
593,126.6
594,108.5
595,31.6
596,31.6
597,31.6
598,33.8
599,32.3
600,0.0
601,0.0
602,0.0
603,0.0
604,0.0
605,2.2
606,2.3
607,2.1
608,2.4
609,2.2
610,43.2
611,42.4
612,42.9
613,45.8
614,43.2
615,97.6
616,99.8
617,99.0
618,109.8
619,97.9
620,46.2
621,45.7
622,41.1
623,50.4
624,44.6
625,0.0
626,0.1
627,0.1
628,0.1
629,0.1
630,6.2
631,6.6
632,7.3
633,8.0
634,5.0
635,65.7
636,66.5
637,64.4
638,74.1
639,62.6
640,125.0
641,123.7
642,123.5
643,143.7
644,116.0
645,66.7
646,69.3
647,52.2
648,76.3
649,64.2
650,0.0
651,0.1
652,0.0
653,0.1
654,0.1
655,1.4
656,1.5
657,1.4
658,1.7
659,1.5
660,37.8
661,37.7
662,37.9
663,40.4
664,39.4
665,87.3
666,87.9
667,87.2
668,94.4
669,87.5
670,17.3
671,17.7
672,17.3
673,18.3
674,16.5
675,0.0
676,0.0
677,0.0
678,0.0
679,0.0
680,1.8
681,1.7
682,1.7
683,1.9
684,1.6
685,13.3
686,13.3
687,13.4
688,14.4
689,13.7
690,25.5
691,25.5
692,25.4
693,26.9
694,25.7
695,9.5
696,9.6
697,9.4
698,10.3
699,9.3
700,0.0
701,0.0
702,0.0
703,0.0
704,0.0
705,4.0
706,4.0
707,3.9
708,4.5
709,3.9
710,63.8
711,67.6
712,67.3
713,73.4
714,61.5
715,82.2
716,79.4
717,79.3
718,89.7
719,81.2
720,33.8
721,34.1
722,34.0
723,36.7
724,33.5
725,0.1
726,0.0
727,0.0
728,0.0
729,0.1
730,0.2
731,0.3
732,0.3
733,0.2
734,0.3
735,12.0
736,11.9
737,12.1
738,12.8
739,12.0
740,21.1
741,21.4
742,21.0
743,22.5
744,21.5
745,9.3
746,9.3
747,9.3
748,10.3
749,9.3
750,0.0
751,0.0
752,0.0
753,0.0
754,0.0
755,1.2
756,1.2
757,1.2
758,1.3
759,1.2
760,31.7
761,32.0
762,31.9
763,34.6
764,31.7
765,32.1
766,32.6
767,32.2
768,34.9
769,32.2
770,13.8
771,13.4
772,13.6
773,14.5
774,14.1
775,0.0
776,0.0
777,0.0
778,0.0
779,0.0
780,2.2
781,2.1
782,2.2
783,2.2
784,2.0
785,36.9
786,38.0
787,37.2
788,41.5
789,37.3
790,68.6
791,67.9
792,69.1
793,73.6
794,69.5
795,32.8
796,33.5
797,32.8
798,36.3
799,32.8
800,0.1
801,0.1
802,0.1
803,0.2
804,0.2
805,5.5
806,6.0
807,7.5
808,8.0
809,4.7
810,136.9
811,139.2
812,143.3
813,185.1
814,105.4
815,197.3
816,201.8
817,197.9
818,240.0
819,177.3
820,79.7
821,78.7
822,56.7
823,92.4
824,75.5
825,0.2
826,0.2
827,0.1
828,0.2
829,0.3
830,5.3
831,6.8
832,9.0
833,8.2
834,3.5
835,149.9
836,154.8
837,157.7
838,203.8
839,112.1
840,206.6
841,208.6
842,211.3
843,256.8
844,183.8
845,84.5
846,83.9
847,55.3
848,96.6
849,80.2
850,0.1
851,0.2
852,0.1
853,0.2
854,0.2
855,5.0
856,6.1
857,7.3
858,8.1
859,4.1
860,134.1
861,143.0
862,146.5
863,188.4
864,103.9
865,206.3
866,203.5
867,206.9
868,252.8
869,180.3
870,77.6
871,78.6
872,57.9
873,90.8
874,73.8
875,0.1
876,0.2
877,0.2
878,0.1
879,0.1
880,4.8
881,5.6
882,7.2
883,7.1
884,3.0
885,140.7
886,146.3
887,150.1
888,195.2
889,107.9
890,201.7
891,203.3
892,203.9
893,247.9
894,177.4
895,78.7
896,78.0
897,54.0
898,91.3
899,74.3
900,0.2
901,0.3
902,0.2
903,0.2
904,0.3
905,4.7
906,6.5
907,8.1
908,6.8
909,3.5
910,135.5
911,142.3
912,143.1
913,191.0
914,105.1
915,195.5
916,196.6
917,196.9
918,238.1
919,170.7
920,71.8
921,70.7
922,57.1
923,81.3
924,68.4
925,0.2
926,0.2
927,0.2
928,0.4
929,0.3
930,5.0
931,6.2
932,7.3
933,6.6
934,3.9
935,100.8
936,105.1
937,107.1
938,131.9
939,85.1
940,171.0
941,172.0
942,171.4
943,209.6
944,156.1
945,70.0
946,70.3
947,56.9
948,80.3
949,66.9
950,0.2
951,0.3
952,0.2
953,0.3
954,0.2
955,3.9
956,4.8
957,6.1
958,6.1
959,3.2
960,115.3
961,118.6
962,121.6
963,155.9
964,88.9
965,181.7
966,183.8
967,180.5
968,226.3
969,159.9
970,74.2
971,73.3
972,53.0
973,88.6
974,72.9
975,0.2
976,0.2
977,0.2
978,0.2
979,0.2
980,1.6
981,1.6
982,1.8
983,1.9
984,1.5
985,75.3
986,75.0
987,75.6
988,95.1
989,59.9
990,189.7
991,190.1
992,189.4
993,231.7
994,166.0
995,75.4
996,76.2
997,52.6
998,86.3
999,73.2
1000,0.2
1001,0.3
1002,0.3
1003,0.2
1004,0.2
1005,5.6
1006,6.0
1007,6.0
1008,7.6
1009,4.8
1010,115.6
1011,117.6
1012,120.1
1013,145.9
1014,97.1
1015,175.4
1016,175.9
1017,174.0
1018,210.9
1019,154.4
1020,67.6
1021,68.1
1022,50.3
1023,76.6
1024,65.7
1025,0.1
1026,0.1
1027,0.1
1028,0.2
1029,0.1
1030,5.8
1031,6.2
1032,7.5
1033,7.3
1034,4.7
1035,125.0
1036,127.2
1037,130.1
1038,162.6
1039,98.3
1040,163.8
1041,167.5
1042,164.3
1043,200.6
1044,145.2
1045,55.1
1046,54.2
1047,47.0
1048,61.3
1049,53.0
1050,0.1
1051,0.1
1052,0.1
1053,0.2
1054,0.2
1055,5.4
1056,5.2
1057,5.8
1058,7.1
1059,4.7
1060,113.5
1061,116.7
1062,115.5
1063,148.1
1064,92.0
1065,162.9
1066,163.7
1067,162.7
1068,190.8
1069,145.7
1070,62.8
1071,63.5
1072,53.8
1073,71.7
1074,61.2
1075,0.1
1076,0.1
1077,0.1
1078,0.1
1079,0.2
1080,4.6
1081,4.8
1082,4.6
1083,5.1
1084,4.5
1085,93.7
1086,92.8
1087,93.6
1088,112.8
1089,84.4
1090,178.3
1091,180.1
1092,178.6
1093,215.5
1094,155.8
1095,68.6
1096,69.2
1097,51.9
1098,77.4
1099,67.2
1100,0.2
1101,0.2
1102,0.2
1103,0.2
1104,0.3
1105,5.5
1106,6.4
1107,7.3
1108,7.1
1109,4.1
1110,126.3
1111,134.6
1112,136.0
1113,171.7
1114,100.6
1115,187.0
1116,183.8
1117,182.8
1118,225.0
1119,163.6
1120,70.7
1121,70.7
1122,52.2
1123,79.5
1124,67.4
1125,0.0
1126,0.0
1127,0.1
1128,0.0
1129,0.1
1130,3.1
1131,3.4
1132,2.8
1133,4.1
1134,2.8
1135,93.7
1136,97.7
1137,96.2
1138,132.7
1139,78.3
1140,176.6
1141,177.2
1142,178.9
1143,227.2
1144,158.0
1145,76.5
1146,76.0
1147,54.1
1148,92.6
1149,72.1
1150,0.2
1151,0.2
1152,0.1
1153,0.3
1154,0.2
1155,5.1
1156,6.7
1157,7.6
1158,7.8
1159,4.1
1160,131.5
1161,134.2
1162,136.5
1163,181.8
1164,102.7
1165,190.8
1166,196.1
1167,194.5
1168,246.2
1169,166.6
1170,80.1
1171,78.1
1172,55.1
1173,95.5
1174,76.0
1175,0.3
1176,0.3
1177,0.3
1178,0.3
1179,0.3
1180,4.4
1181,4.6
1182,4.4
1183,5.5
1184,4.3
1185,101.2
1186,104.2
1187,103.7
1188,137.5
1189,83.7
1190,91.1
1191,91.7
1192,90.9
1193,110.2
1194,85.5
1195,46.2
1196,45.7
1197,39.2
1198,55.3
1199,47.7
1200,0.2
1201,0.2
1202,0.2
1203,0.3
1204,0.3
1205,3.6
1206,3.4
1207,3.7
1208,4.1
1209,3.3
1210,56.3
1211,58.7
1212,59.5
1213,72.9
1214,54.2
1215,115.4
1216,116.5
1217,114.0
1218,142.1
1219,107.0
1220,64.5
1221,64.7
1222,51.0
1223,76.3
1224,62.4
1225,0.1
1226,0.2
1227,0.2
1228,0.3
1229,0.2
1230,4.5
1231,4.4
1232,4.4
1233,5.7
1234,4.0
1235,95.3
1236,96.4
1237,95.9
1238,115.7
1239,82.9
1240,145.7
1241,149.4
1242,146.6
1243,182.6
1244,134.8
1245,58.0
1246,56.5
1247,50.6
1248,68.4
1249,55.4
1250,0.1
1251,0.1
1252,0.2
1253,0.3
1254,0.2
1255,2.3
1256,2.2
1257,2.3
1258,2.6
1259,2.4
1260,24.6
1261,25.2
1262,24.6
1263,28.9
1264,25.0
1265,20.6
1266,20.8
1267,20.5
1268,22.6
1269,21.0
1270,7.7
1271,7.5
1272,7.6
1273,8.6
1274,7.7
1275,0.0
1276,0.0
1277,0.0
1278,0.0
1279,0.0
1280,2.3
1281,2.2
1282,2.2
1283,2.4
1284,1.8
1285,109.7
1286,114.5
1287,110.1
1288,158.9
1289,87.0
1290,159.8
1291,157.7
1292,158.8
1293,207.8
1294,138.4
1295,69.1
1296,70.1
1297,53.2
1298,86.6
1299,68.5
1300,0.1
1301,0.1
1302,0.2
1303,0.2
1304,0.2
1305,3.8
1306,3.8
1307,3.8
1308,4.6
1309,3.3
1310,106.0
1311,108.1
1312,106.8
1313,140.2
1314,88.3
1315,177.0
1316,176.5
1317,174.8
1318,233.6
1319,158.4
1320,70.3
1321,72.1
1322,57.0
1323,89.3
1324,68.2
1325,0.5
1326,0.4
1327,0.4
1328,0.4
1329,0.4
1330,5.0
1331,5.1
1332,5.7
1333,6.9
1334,4.4
1335,109.9
1336,112.5
1337,110.3
1338,147.8
1339,89.0
1340,165.4
1341,167.4
1342,164.7
1343,214.5
1344,150.8
1345,67.8
1346,68.9
1347,58.3
1348,84.1
1349,65.3
1350,0.4
1351,0.5
1352,0.4
1353,0.5
1354,0.3
1355,5.2
1356,5.3
1357,5.9
1358,6.9
1359,4.2
1360,117.9
1361,123.9
1362,124.0
1363,164.8
1364,97.8
1365,178.6
1366,177.5
1367,171.9
1368,226.9
1369,156.9
1370,75.6
1371,76.0
1372,56.3
1373,93.8
1374,73.6
1375,0.4
1376,0.5
1377,0.3
1378,0.6
1379,0.4
1380,4.9
1381,6.0
1382,7.2
1383,7.6
1384,4.0
1385,123.9
1386,127.7
1387,131.5
1388,175.5
1389,98.6
1390,189.1
1391,187.6
1392,182.1
1393,232.3
1394,167.4
1395,78.9
1396,81.4
1397,57.9
1398,98.4
1399,76.5
1400,0.4
1401,0.4
1402,0.3
1403,0.5
1404,0.5
1405,4.5
1406,5.7
1407,7.4
1408,6.7
1409,3.6
1410,125.7
1411,129.7
1412,126.7
1413,174.3
1414,99.1
1415,177.6
1416,178.8
1417,179.4
1418,229.2
1419,159.4
1420,79.2
1421,78.7
1422,55.9
1423,92.5
1424,73.3
1425,0.4
1426,0.4
1427,0.3
1428,0.5
1429,0.4
1430,4.3
1431,4.0
1432,4.0
1433,4.7
1434,3.6
1435,76.8
1436,78.9
1437,75.7
1438,93.5
1439,70.9
1440,79.0
1441,78.8
1442,78.4
1443,90.5
1444,78.4
1445,24.4
1446,24.3
1447,23.5
1448,27.4
1449,24.8
1450,0.1
1451,0.0
1452,0.1
1453,0.1
1454,0.0
1455,5.1
1456,5.8
1457,6.6
1458,7.6
1459,3.7
1460,117.9
1461,119.6
1462,117.9
1463,164.3
1464,92.0
1465,182.7
1466,183.4
1467,182.7
1468,236.8
1469,164.2
1470,79.3
1471,79.4
1472,55.6
1473,95.0
1474,77.1
1475,0.5
1476,0.4
1477,0.4
1478,0.7
1479,0.6
1480,2.7
1481,2.9
1482,2.6
1483,3.1
1484,2.9
1485,86.8
1486,87.2
1487,85.9
1488,109.8
1489,76.1
1490,159.1
1491,161.4
1492,158.2
1493,204.8
1494,144.3
1495,67.8
1496,67.6
1497,55.6
1498,82.5
1499,68.0
1500,0.5
1501,0.5
1502,0.4
1503,0.6
1504,0.5
1505,4.6
1506,5.3
1507,7.3
1508,6.7
1509,3.7
1510,118.0
1511,120.8
1512,122.1
1513,162.0
1514,95.5
1515,174.2
1516,174.0
1517,170.4
1518,222.6
1519,152.0
1520,72.2
1521,74.5
1522,55.4
1523,89.4
1524,71.8
1525,0.5
1526,0.5
1527,0.4
1528,0.6
1529,0.4
1530,0.5
1531,0.5
1532,0.5
1533,0.5
1534,0.6
1535,28.2
1536,27.7
1537,27.4
1538,31.6
1539,29.0
1540,57.0
1541,58.4
1542,57.3
1543,63.3
1544,57.7
1545,17.4
1546,17.2
1547,16.9
1548,19.9
1549,17.5
1550,0.1
1551,0.0
1552,0.1
1553,0.1
1554,0.1
1555,0.8
1556,0.9
1557,0.7
1558,0.9
1559,0.8
1560,9.0
1561,8.9
1562,8.8
1563,10.5
1564,9.4
1565,28.6
1566,28.8
1567,28.3
1568,34.3
1569,27.9
1570,29.5
1571,29.7
1572,28.7
1573,37.2
1574,30.6
1575,0.3
1576,0.3
1577,0.3
1578,0.4
1579,0.2
1580,4.0
1581,5.3
1582,6.7
1583,7.3
1584,3.0
1585,106.6
1586,107.9
1587,110.2
1588,172.3
1589,84.7
1590,160.3
1591,164.7
1592,159.8
1593,227.1
1594,149.7
1595,36.9
1596,36.9
1597,34.3
1598,47.7
1599,35.1
1600,0.1
1601,0.1
1602,0.1
1603,0.0
1604,0.1
1605,0.4
1606,0.5
1607,0.4
1608,0.5
1609,0.4
1610,18.4
1611,18.8
1612,18.3
1613,22.7
1614,19.2
1615,21.7
1616,21.5
1617,21.5
1618,26.9
1619,22.0
1620,10.0
1621,10.0
1622,9.6
1623,11.8
1624,10.5
1625,0.0
1626,0.1
1627,0.0
1628,0.0
1629,0.0
1630,0.0
1631,0.0
1632,0.0
1633,0.0
1634,0.0
1635,1.9
1636,2.0
1637,2.1
1638,3.8
1639,0.9
1640,6.8
1641,8.4
1642,7.6
1643,9.4
1644,3.5
1645,7.1
1646,13.2
1647,6.9
1648,11.5
1649,2.4
1650,0.1
1651,0.0
1652,0.0
1653,0.1
1654,0.0
1655,0.0
1656,0.0
1657,0.1
1658,0.6
1659,0.0
1660,28.7
1661,36.5
1662,38.0
1663,116.0
1664,5.1
1665,154.9
1666,163.0
1667,160.8
1668,243.9
1669,25.0
1670,88.9
1671,87.2
1672,78.2
1673,111.0
1674,64.1
1675,0.5
1676,0.4
1677,0.3
1678,0.6
1679,0.4
1680,3.5
1681,3.8
1682,3.4
1683,4.9
1684,3.4
1685,121.6
1686,123.5
1687,121.1
1688,177.0
1689,104.5
1690,127.4
1691,129.6
1692,127.7
1693,172.5
1694,124.3
1695,53.8
1696,52.6
1697,51.4
1698,67.8
1699,53.9
1700,0.5
1701,0.5
1702,0.4
1703,0.6
1704,0.5
1705,3.8
1706,3.8
1707,3.7
1708,4.8
1709,3.7
1710,71.9
1711,73.0
1712,74.0
1713,104.1
1714,68.2
1715,80.5
1716,81.3
1717,77.2
1718,104.3
1719,76.3
1720,32.1
1721,32.1
1722,31.8
1723,39.0
1724,33.0
1725,0.5
1726,0.5
1727,0.5
1728,0.7
1729,0.5
1730,2.0
1731,1.8
1732,2.0
1733,2.2
1734,1.9
1735,57.9
1736,58.5
1737,58.5
1738,72.0
1739,58.3
1740,120.7
1741,120.9
1742,116.2
1743,149.5
1744,118.0
1745,50.7
1746,51.2
1747,49.6
1748,65.9
1749,51.6
1750,0.7
1751,0.8
1752,0.6
1753,0.9
1754,0.7
1755,4.1
1756,4.1
1757,4.7
1758,6.2
1759,3.9
1760,111.1
1761,112.2
1762,112.5
1763,164.8
1764,93.9
1765,178.2
1766,178.9
1767,172.6
1768,243.6
1769,163.6
1770,85.4
1771,86.3
1772,73.5
1773,106.9
1774,86.2
1775,1.2
1776,1.3
1777,1.0
1778,1.6
1779,1.5
1780,1.2
1781,1.2
1782,1.3
1783,1.6
1784,1.3
1785,19.8
1786,20.6
1787,19.6
1788,24.2
1789,20.1
1790,21.0
1791,20.6
1792,20.8
1793,25.7
1794,21.4
1795,15.8
1796,15.7
1797,15.0
1798,18.4
1799,15.8
1800,0.2
1801,0.1
1802,0.1
1803,0.3
1804,0.2
1805,2.0
1806,1.9
1807,1.9
1808,2.2
1809,1.8
1810,77.2
1811,80.2
1812,79.2
1813,93.6
1814,69.5
1815,156.7
1816,155.3
1817,152.2
1818,186.3
1819,142.9
1820,75.6
1821,77.5
1822,69.7
1823,93.2
1824,71.5
1825,1.3
1826,1.2
1827,1.2
1828,1.3
1829,1.2
1830,2.9
1831,2.8
1832,2.9
1833,3.1
1834,2.9
1835,51.9
1836,51.9
1837,50.2
1838,57.9
1839,48.8
1840,179.2
1841,180.5
1842,182.4
1843,225.2
1844,162.6
1845,84.6
1846,86.9
1847,77.1
1848,100.4
1849,78.6
1850,0.2
1851,0.3
1852,0.3
1853,0.3
1854,0.2
1855,3.1
1856,3.1
1857,3.1
1858,3.5
1859,3.1
1860,72.9
1861,73.1
1862,73.5
1863,84.0
1864,70.5
1865,128.9
1866,131.5
1867,127.4
1868,155.2
1869,119.3
1870,18.2
1871,17.2
1872,17.5
1873,20.6
1874,17.5
1875,0.0
1876,0.1
1877,0.1
1878,0.1
1879,0.1
1880,1.8
1881,1.8
1882,1.7
1883,1.9
1884,1.8
1885,19.0
1886,20.0
1887,19.5
1888,21.0
1889,18.9
1890,46.5
1891,46.5
1892,46.0
1893,49.6
1894,46.4
1895,14.8
1896,14.5
1897,14.3
1898,15.4
1899,14.9
1900,0.6
1901,0.7
1902,0.6
1903,0.7
1904,0.6
1905,3.1
1906,3.2
1907,3.2
1908,3.4
1909,3.1
1910,60.2
1911,60.9
1912,60.1
1913,66.2
1914,59.1
1915,95.7
1916,96.7
1917,94.9
1918,106.0
1919,93.1
1920,50.5
1921,50.7
1922,49.7
1923,55.4
1924,48.8
1925,0.6
1926,0.6
1927,0.6
1928,0.7
1929,0.7
1930,1.6
1931,1.6
1932,1.4
1933,1.9
1934,1.4
1935,45.4
1936,46.0
1937,45.1
1938,49.4
1939,45.0
1940,47.1
1941,47.6
1942,46.9
1943,52.7
1944,46.6
1945,14.2
1946,14.4
1947,14.0
1948,15.3
1949,14.6
1950,0.3
1951,0.2
1952,0.3
1953,0.3
1954,0.2
1955,7.3
1956,8.1
1957,11.2
1958,12.6
1959,5.3
1960,168.9
1961,172.6
1962,170.5
1963,220.4
1964,133.6
1965,169.7
1966,170.1
1967,170.2
1968,195.4
1969,154.6
1970,49.3
1971,49.0
1972,48.7
1973,51.8
1974,47.5
1975,0.5
1976,0.6
1977,0.6
1978,0.6
1979,0.6
1980,0.4
1981,0.5
1982,0.4
1983,0.5
1984,0.5
1985,21.6
1986,21.8
1987,21.6
1988,23.1
1989,21.5
1990,26.3
1991,26.5
1992,26.0
1993,28.0
1994,26.4
1995,14.0
1996,14.1
1997,14.0
1998,15.1
1999,13.9
2000,0.2
2001,0.2
2002,0.2
2003,0.2
2004,0.1
2005,2.0
2006,2.0
2007,1.7
2008,1.8
2009,1.9
2010,28.4
2011,28.2
2012,27.9
2013,29.8
2014,28.3
2015,29.6
2016,30.2
2017,30.0
2018,31.7
2019,30.3
2020,18.8
2021,18.9
2022,18.7
2023,19.6
2024,19.2
2025,0.1
2026,0.2
2027,0.2
2028,0.1
2029,0.2
2030,1.5
2031,1.6
2032,1.5
2033,1.5
2034,1.4
2035,32.4
2036,32.5
2037,32.6
2038,34.0
2039,33.9
2040,83.1
2041,83.4
2042,83.0
2043,88.3
2044,83.9
2045,44.3
2046,44.9
2047,44.1
2048,47.9
2049,43.7
2050,0.9
2051,1.0
2052,1.0
2053,1.1
2054,1.1
2055,3.2
2056,3.4
2057,3.5
2058,3.4
2059,3.4
2060,127.1
2061,130.2
2062,129.9
2063,155.2
2064,110.7
2065,227.5
2066,227.8
2067,225.5
2068,265.2
2069,205.2
2070,110.5
2071,111.3
2072,97.4
2073,119.3
2074,106.6
2075,2.2
2076,2.5
2077,2.0
2078,2.2
2079,2.6
2080,9.0
2081,9.6
2082,11.1
2083,12.9
2084,7.5
2085,165.1
2086,163.2
2087,164.1
2088,207.0
2089,132.6
2090,237.1
2091,243.6
2092,243.2
2093,275.8
2094,217.2
2095,121.8
2096,122.9
2097,101.4
2098,133.2
2099,118.9
2100,4.1
2101,3.8
2102,3.4
2103,4.2
2104,4.4
2105,8.8
2106,9.7
2107,12.3
2108,14.4
2109,6.8
2110,167.4
2111,171.2
2112,172.2
2113,211.8
2114,136.3
2115,240.8
2116,239.1
2117,238.8
2118,281.3
2119,217.1
2120,120.9
2121,124.2
2122,100.5
2123,132.2
2124,119.0
2125,2.4
2126,2.4
2127,1.9
2128,2.5
2129,3.4
2130,10.1
2131,10.2
2132,12.2
2133,13.2
2134,7.3
2135,162.7
2136,167.1
2137,167.3
2138,207.6
2139,133.8
2140,236.0
2141,237.8
2142,236.7
2143,280.8
2144,215.7
2145,124.9
2146,125.4
2147,102.8
2148,134.3
2149,121.2
2150,2.6
2151,2.4
2152,2.0
2153,2.8
2154,2.9
2155,10.1
2156,10.6
2157,11.9
2158,13.0
2159,8.7
2160,152.4
2161,154.8
2162,156.0
2163,191.1
2164,128.4
2165,200.2
2166,202.1
2167,201.1
2168,235.7
2169,185.7
2170,118.3
2171,120.0
2172,96.3
2173,128.3
2174,116.5
2175,2.5
2176,2.0
2177,1.7
2178,2.4
2179,3.1
2180,8.9
2181,9.5
2182,10.7
2183,13.2
2184,7.4
2185,156.7
2186,161.9
2187,162.2
2188,202.4
2189,130.6
2190,229.1
2191,227.9
2192,226.8
2193,264.3
2194,202.9
2195,115.5
2196,118.0
2197,98.2
2198,130.2
2199,115.0
2200,2.5
2201,2.3
2202,1.9
2203,2.5
2204,2.7
2205,11.5
2206,12.3
2207,11.9
2208,14.0
2209,9.6
2210,137.3
2211,136.3
2212,137.9
2213,168.4
2214,118.8
2215,201.3
2216,207.3
2217,205.7
2218,237.9
2219,186.5
2220,26.2
2221,26.2
2222,25.8
2223,28.8
2224,26.9
2225,0.1
2226,0.1
2227,0.2
2228,0.2
2229,0.1
2230,3.2
2231,3.1
2232,3.1
2233,3.5
2234,3.1
2235,52.8
2236,53.5
2237,51.9
2238,56.7
2239,52.3
2240,98.7
2241,99.2
2242,99.8
2243,111.5
2244,99.5
2245,63.0
2246,63.4
2247,61.3
2248,68.9
2249,62.2
2250,1.7
2251,1.7
2252,1.9
2253,2.1
2254,2.0
2255,5.9
2256,5.9
2257,5.7
2258,6.5
2259,5.6
2260,56.6
2261,58.1
2262,57.3
2263,62.7
2264,57.9
2265,126.7
2266,128.7
2267,126.7
2268,145.1
2269,123.7
2270,48.3
2271,47.3
2272,47.8
2273,53.3
2274,48.5
2275,0.9
2276,0.9
2277,0.9
2278,1.1
2279,1.0
2280,9.7
2281,9.9
2282,10.1
2283,11.5
2284,9.5
2285,127.5
2286,128.5
2287,129.7
2288,148.4
2289,118.7
2290,200.4
2291,202.5
2292,201.4
2293,237.3
2294,190.5
2295,98.6
2296,99.1
2297,92.5
2298,107.8
2299,96.3
2300,2.6
2301,2.6
2302,2.6
2303,3.0
2304,2.8
2305,8.6
2306,9.1
2307,10.4
2308,11.6
2309,6.9
2310,153.5
2311,150.8
2312,151.8
2313,194.2
2314,127.4
2315,194.4
2316,201.5
2317,200.3
2318,232.0
2319,180.2
2320,81.3
2321,81.7
2322,79.7
2323,92.9
2324,82.2
2325,2.3
2326,2.4
2327,2.2
2328,2.7
2329,2.4
2330,2.0
2331,1.8
2332,1.9
2333,2.0
2334,2.2
2335,24.7
2336,25.0
2337,24.6
2338,26.4
2339,25.0
2340,64.0
2341,64.6
2342,64.3
2343,69.0
2344,65.5
2345,34.9
2346,34.9
2347,34.7
2348,38.2
2349,34.5
2350,0.6
2351,0.6
2352,0.5
2353,0.6
2354,0.6
2355,3.8
2356,3.9
2357,3.8
2358,4.3
2359,4.0
2360,52.9
2361,53.3
2362,53.3
2363,57.3
2364,53.9
2365,62.8
2366,63.9
2367,63.4
2368,70.8
2369,63.6
2370,21.3
2371,21.1
2372,20.9
2373,23.1
2374,21.6
2375,0.5
2376,0.4
2377,0.4
2378,0.6
2379,0.5
2380,0.6
2381,0.6
2382,0.5
2383,0.7
2384,0.6
2385,25.0
2386,25.1
2387,24.6
2388,26.2
2389,25.4
2390,29.8
2391,29.5
2392,29.4
2393,31.1
2394,30.2
Predicted,"0       177.993467
1       177.993467
2       177.993467
3       177.993467
4       177.993467
           ...    
2390     30.310883
2391     30.310883
2392     30.310883
2393     30.310883
2394     30.310883
Name: Predicted2, Length: 2395, dtype: float64"
