,id,device_id,active_power,direct_power,charge_capacity,T,U,Ff,RRR,DD_WE,DD_NS,Po(p),POA,cc_diff,active_power_b,T_b,U_b,Ff_b,RRR_b,DD_WE_b,DD_NS_b,Po(p)_b,POA_b,hour
8,19131,9,72.45,73.67,232.2,31.2,60.0,2.0,0.0,1,-1,996.92,942.25,205.0,50.39,27.5,83.0,0.0,0.0,-1.0,0.0,996.39,441.37,11
13,19221,9,81.16,82.51,492.9,31.2,63.0,3.0,0.0,1,-1,995.86,801.45,260.7,72.45,31.2,60.0,2.0,0.0,1.0,-1.0,996.92,942.25,14
18,19311,9,10.24,10.67,614.2,28.6,75.0,5.0,0.0,1,0,996.39,136.03,121.3,81.16,31.2,63.0,3.0,0.0,1.0,-1.0,995.86,801.45,17
23,19401,9,0.0,0.0,616.7,28.0,79.0,2.0,0.0,1,0,998.11,0.0,2.5,10.24,28.6,75.0,5.0,0.0,1.0,0.0,996.39,136.03,20
33,19761,9,62.12,62.96,25.3,27.9,83.0,2.0,0.0,-1,0,998.64,442.12,25.3,0.0,26.7,86.0,1.0,0.0,1.0,0.0,997.18,0.0,8
38,19851,9,78.36,80.12,134.2,32.0,58.0,1.0,0.0,-1,1,998.24,943.0,108.9,62.12,27.9,83.0,2.0,0.0,-1.0,0.0,998.64,442.12,11
43,19941,9,51.83,52.64,393.8,31.5,67.0,4.0,0.0,1,-1,996.66,800.61,259.6,78.36,32.0,58.0,1.0,0.0,-1.0,1.0,998.24,943.0,14
48,19986,9,5.4,5.84,483.9,29.7,79.0,3.0,0.0,1,0,996.52,133.11,90.1,51.83,31.5,67.0,4.0,0.0,1.0,-1.0,996.66,800.61,17
53,21211,9,0.0,0.0,486.9,28.3,83.0,2.0,0.0,1,-1,998.24,0.0,3.0,5.4,29.7,79.0,3.0,0.0,1.0,0.0,996.52,133.11,20
63,21571,9,15.36,15.7,19.0,27.8,84.0,0.0,0.0,-1,1,999.04,443.11,19.0,0.0,26.3,91.0,1.0,0.0,-1.0,0.0,997.85,0.0,8
68,21661,9,49.75,50.5,122.7,29.0,78.0,1.0,0.0,-1,-1,999.3,944.02,103.7,15.36,27.8,84.0,0.0,0.0,-1.0,1.0,999.04,443.11,11
73,21751,9,32.3,32.8,245.3,30.1,73.0,1.0,0.0,1,-1,997.45,800.03,122.6,49.75,29.0,78.0,1.0,0.0,-1.0,-1.0,999.3,944.02,14
78,21841,9,15.9,16.31,302.4,31.1,70.0,1.0,0.0,-1,1,996.79,130.3,57.1,32.3,30.1,73.0,1.0,0.0,1.0,-1.0,997.45,800.03,17
83,21931,9,0.0,0.0,309.6,27.9,74.0,1.0,0.0,-1,0,997.71,0.0,7.2,15.9,31.1,70.0,1.0,0.0,-1.0,1.0,996.79,130.3,20
93,22291,9,48.23,48.85,38.9,26.9,80.0,1.0,0.0,-1,-1,999.17,444.08,38.9,0.0,24.8,90.0,2.0,0.0,-1.0,0.0,997.58,0.0,8
98,22381,9,95.76,97.43,269.8,32.3,60.0,1.0,0.0,0,-1,998.77,944.99,230.9,48.23,26.9,80.0,1.0,0.0,-1.0,-1.0,999.17,444.08,11
103,22471,9,73.75,74.98,521.3,32.1,66.0,4.0,0.0,1,-1,996.79,799.4,251.5,95.76,32.3,60.0,1.0,0.0,0.0,-1.0,998.77,944.99,14
108,22561,9,4.76,5.12,639.1,29.7,80.0,2.0,0.0,1,-1,997.18,127.47,117.8,73.75,32.1,66.0,4.0,0.0,1.0,-1.0,996.79,799.4,17
113,22651,9,0.0,0.0,642.6,28.7,86.0,2.0,0.0,1,0,998.51,0.0,3.5,4.76,29.7,80.0,2.0,0.0,1.0,-1.0,997.18,127.47,20
123,23011,9,48.73,49.4,38.7,28.0,86.0,1.0,0.0,-1,-1,1000.36,445.03,38.7,0.0,26.3,87.0,1.0,0.0,-1.0,0.0,998.77,0.0,8
128,23101,9,91.48,93.01,213.4,32.0,63.0,2.0,0.0,-1,-1,999.96,945.92,174.7,48.73,28.0,86.0,1.0,0.0,-1.0,-1.0,1000.36,445.03,11
133,23191,9,72.84,74.05,480.0,32.7,63.0,3.0,0.0,1,-1,998.37,798.73,266.6,91.48,32.0,63.0,2.0,0.0,-1.0,-1.0,999.96,945.92,14
138,23276,9,6.76,7.29,603.5,30.3,71.0,3.0,0.0,1,-1,998.77,124.61,123.5,72.84,32.7,63.0,3.0,0.0,1.0,-1.0,998.37,798.73,17
143,23366,9,0.0,0.0,607.1,28.7,77.0,2.0,0.0,1,-1,1000.62,0.0,3.6,6.76,30.3,71.0,3.0,0.0,1.0,-1.0,998.77,124.61,20
153,23726,9,50.75,51.48,47.9,28.0,81.0,1.0,0.0,-1,0,1001.02,445.97,47.9,0.0,25.8,92.0,2.0,0.0,-1.0,0.0,999.3,0.0,8
158,23816,9,95.2,96.81,267.9,32.4,60.0,2.0,0.0,1,-1,1000.62,946.81,220.0,50.75,28.0,81.0,1.0,0.0,-1.0,0.0,1001.02,445.97,11
163,23906,9,79.0,80.3,538.3,32.3,61.0,2.0,0.0,1,-1,999.04,798.01,270.4,95.2,32.4,60.0,2.0,0.0,1.0,-1.0,1000.62,946.81,14
168,23996,9,9.28,9.6,667.3,30.0,74.0,3.0,0.0,1,-1,998.77,121.72,129.0,79.0,32.3,61.0,2.0,0.0,1.0,-1.0,999.04,798.01,17
173,24086,9,0.0,0.0,671.7,28.5,80.0,1.0,0.0,1,-1,999.96,0.0,4.4,9.28,30.0,74.0,3.0,0.0,1.0,-1.0,998.77,121.72,20
183,24446,9,48.48,49.13,38.7,28.2,80.0,1.0,0.0,-1,0,999.3,446.88,38.7,0.0,26.2,91.0,2.0,0.0,-1.0,0.0,998.77,0.0,8
188,24536,9,65.82,66.86,247.6,31.5,61.0,1.0,0.0,-1,-1,998.24,947.66,208.9,48.48,28.2,80.0,1.0,0.0,-1.0,0.0,999.3,446.88,11
193,24626,9,68.02,69.1,478.7,32.0,64.0,3.0,0.0,1,-1,996.13,797.26,231.1,65.82,31.5,61.0,1.0,0.0,-1.0,-1.0,998.24,947.66,14
198,24716,9,9.33,9.77,591.8,29.7,78.0,3.0,0.0,1,0,996.39,118.81,113.1,68.02,32.0,64.0,3.0,0.0,1.0,-1.0,996.13,797.26,17
203,24806,9,0.0,0.0,595.7,28.5,83.0,2.0,0.0,1,1,997.98,0.0,3.9,9.33,29.7,78.0,3.0,0.0,1.0,0.0,996.39,118.81,20
213,25166,9,40.4,40.99,33.0,29.4,78.0,1.0,0.0,1,1,999.56,447.78,33.0,0.0,26.4,93.0,1.0,0.0,-1.0,0.0,997.98,0.0,8
218,25256,9,90.55,92.18,262.9,32.6,63.0,2.0,0.0,1,0,999.43,948.45,229.9,40.4,29.4,78.0,1.0,0.0,1.0,1.0,999.56,447.78,11
223,25346,9,73.18,74.4,524.8,32.6,63.0,4.0,0.0,1,-1,997.58,796.47,261.9,90.55,32.6,63.0,2.0,0.0,1.0,0.0,999.43,948.45,14
228,25436,9,5.6,5.88,641.2,30.3,74.0,4.0,0.0,1,0,998.24,115.87,116.4,73.18,32.6,63.0,4.0,0.0,1.0,-1.0,997.58,796.47,17
233,25526,9,0.0,0.0,643.2,28.5,83.0,4.0,0.0,1,1,999.56,0.0,2.0,5.6,30.3,74.0,4.0,0.0,1.0,0.0,998.24,115.87,20
243,25886,9,51.87,52.94,34.1,25.4,95.0,0.0,0.7,-1,-1,1000.75,448.65,34.1,0.0,26.5,85.0,1.0,0.0,-1.0,1.0,999.56,0.0,8
248,25976,9,41.66,42.24,149.8,25.6,96.0,1.0,1.0,-1,0,1001.15,949.21,115.7,51.87,25.4,95.0,0.0,0.7,-1.0,-1.0,1000.75,448.65,11
253,26066,9,29.71,30.14,271.0,28.8,79.0,1.0,0.5,-1,-1,999.04,795.63,121.2,41.66,25.6,96.0,1.0,1.0,-1.0,0.0,1001.15,949.21,14
258,26156,9,8.67,9.03,336.9,27.9,79.0,5.0,0.0,1,0,999.56,112.91,65.9,29.71,28.8,79.0,1.0,0.5,-1.0,-1.0,999.04,795.63,17
263,26246,9,0.0,0.0,339.0,27.0,80.0,4.0,0.0,1,1,1001.28,0.0,2.1,8.67,27.9,79.0,5.0,0.0,1.0,0.0,999.56,112.91,20
273,26606,9,52.59,53.5,18.3,25.1,93.0,1.0,0.2,-1,1,1001.94,449.5,18.3,0.0,25.0,91.0,1.0,0.1,-1.0,0.0,1000.75,0.0,8
278,26696,9,20.23,20.73,186.6,28.0,79.0,2.0,0.3,1,1,1001.55,949.91,168.3,52.59,25.1,93.0,1.0,0.2,-1.0,1.0,1001.94,449.5,11
283,26786,9,16.33,16.69,267.5,27.7,79.0,4.0,0.2,1,1,999.96,794.76,80.9,20.23,28.0,79.0,2.0,0.3,1.0,1.0,1001.55,949.91,14
288,26876,9,3.51,3.86,290.8,24.7,95.0,3.0,2.0,1,1,1000.36,109.94,23.3,16.33,27.7,79.0,4.0,0.2,1.0,1.0,999.96,794.76,17
293,26966,9,0.0,0.0,292.4,24.3,95.0,1.0,2.0,-1,1,1001.68,0.0,1.6,3.51,24.7,95.0,3.0,2.0,1.0,1.0,1000.36,109.94,20
303,27326,9,53.1,53.83,49.4,27.8,80.0,1.0,0.0,1,0,1001.28,450.32,49.4,0.0,24.2,94.0,1.0,0.0,-1.0,0.0,1000.23,0.0,8
308,27416,9,84.56,85.97,289.2,31.4,65.0,1.0,0.0,0,-1,1000.62,950.58,239.8,53.1,27.8,80.0,1.0,0.0,1.0,0.0,1001.28,450.32,11
313,27506,9,76.03,77.28,536.5,32.1,61.0,2.0,0.0,1,-1,998.37,793.86,247.3,84.56,31.4,65.0,1.0,0.0,0.0,-1.0,1000.62,950.58,14
318,27596,9,6.35,6.83,664.0,29.5,74.0,2.0,0.0,1,0,998.64,106.95,127.5,76.03,32.1,61.0,2.0,0.0,1.0,-1.0,998.37,793.86,17
323,27686,9,0.0,0.0,666.4,27.7,86.0,2.0,0.0,1,0,999.96,0.0,2.4,6.35,29.5,74.0,2.0,0.0,1.0,0.0,998.64,106.95,20
333,28046,9,50.18,50.86,45.6,28.0,83.0,1.0,0.0,-1,0,1000.62,451.12,45.6,0.0,26.0,92.0,1.0,0.0,-1.0,1.0,999.17,0.0,8
338,28136,9,97.3,98.9,262.2,32.1,64.0,3.0,0.0,1,0,999.96,951.19,216.6,50.18,28.0,83.0,1.0,0.0,-1.0,0.0,1000.62,451.12,11
343,28226,9,75.02,76.29,526.4,31.4,69.0,4.0,0.0,1,-1,998.24,792.91,264.2,97.3,32.1,64.0,3.0,0.0,1.0,0.0,999.96,951.19,14
348,28316,9,5.39,5.65,650.3,29.6,76.0,3.0,0.0,1,0,998.9,103.94,123.9,75.02,31.4,69.0,4.0,0.0,1.0,-1.0,998.24,792.91,17
353,28406,9,0.0,0.0,652.7,28.3,81.0,4.0,0.0,1,0,1000.36,0.0,2.4,5.39,29.6,76.0,3.0,0.0,1.0,0.0,998.9,103.94,20
363,28766,9,48.74,49.46,41.5,28.5,73.0,0.0,0.0,-1,0,1001.55,451.89,41.5,0.0,26.8,83.0,1.0,0.0,-1.0,1.0,999.96,0.0,8
368,28856,9,90.8,92.4,243.3,31.9,61.0,0.0,0.0,0,0,1000.75,951.76,201.8,48.74,28.5,73.0,0.0,0.0,-1.0,0.0,1001.55,451.89,11
373,28946,9,73.07,74.27,508.0,30.6,69.0,1.5,0.0,0,0,1000.09,791.94,264.7,90.8,31.9,61.0,0.0,0.0,0.0,0.0,1000.75,951.76,14
378,29036,9,7.0,7.35,616.1,29.2,77.0,3.0,0.0,1,0,999.43,100.93,108.1,73.07,30.6,69.0,1.5,0.0,0.0,0.0,1000.09,791.94,17
383,29126,9,0.0,0.0,618.5,28.2,82.0,4.0,0.0,1,1,1000.89,0.0,2.4,7.0,29.2,77.0,3.0,0.0,1.0,0.0,999.43,100.93,20
393,29486,9,49.88,50.5,42.0,28.4,72.0,2.0,0.0,0,1,1001.15,452.64,42.0,0.0,25.5,83.0,0.0,0.0,0.0,1.0,1000.36,0.0,8
398,29576,9,34.1,34.68,260.1,30.5,63.0,2.0,0.0,-1,1,1000.36,952.29,218.1,49.88,28.4,72.0,2.0,0.0,0.0,1.0,1001.15,452.64,11
403,29666,9,73.96,75.18,512.8,30.6,66.0,3.0,0.0,1,-1,998.64,790.93,252.7,34.1,30.5,63.0,2.0,0.0,-1.0,1.0,1000.36,952.29,14
408,29756,9,7.25,7.65,631.2,29.5,73.0,3.0,0.0,1,0,998.77,97.9,118.4,73.96,30.6,66.0,3.0,0.0,1.0,-1.0,998.64,790.93,17
413,29846,9,0.0,0.0,634.0,28.1,80.0,4.0,0.0,1,0,1000.62,0.0,2.8,7.25,29.5,73.0,3.0,0.0,1.0,0.0,998.77,97.9,20
423,30206,9,48.94,49.55,30.7,27.8,77.0,1.0,0.0,-1,1,1002.21,453.35,30.7,0.0,25.3,88.0,1.0,0.0,-1.0,1.0,1000.49,0.0,8
428,30296,9,101.69,103.65,237.0,31.8,60.0,2.0,0.0,-1,1,1001.55,952.76,206.3,48.94,27.8,77.0,1.0,0.0,-1.0,1.0,1002.21,453.35,11
433,30386,9,72.26,73.44,480.5,32.8,58.0,5.0,0.0,1,0,999.56,789.89,243.5,101.69,31.8,60.0,2.0,0.0,-1.0,1.0,1001.55,952.76,14
438,30476,9,4.47,4.89,599.6,30.0,66.0,3.0,0.0,1,0,1000.23,94.87,119.1,72.26,32.8,58.0,5.0,0.0,1.0,0.0,999.56,789.89,17
443,30566,9,0.0,0.0,601.5,28.1,80.0,4.0,0.0,1,0,1001.81,0.0,1.9,4.47,30.0,66.0,3.0,0.0,1.0,0.0,1000.23,94.87,20
453,30926,9,50.36,51.01,42.3,27.9,72.0,3.0,0.0,0,1,1002.47,454.03,42.3,0.0,25.6,82.0,2.0,0.0,-1.0,1.0,1001.55,0.0,8
458,31016,9,105.17,107.25,247.1,31.6,60.0,1.0,0.0,1,1,1001.94,953.19,204.8,50.36,27.9,72.0,3.0,0.0,0.0,1.0,1002.47,454.03,11
463,31106,9,73.87,75.08,489.5,32.4,58.0,3.0,0.0,1,-1,1000.36,788.82,242.4,105.17,31.6,60.0,1.0,0.0,1.0,1.0,1001.94,953.19,14
468,31196,9,5.99,6.41,609.5,29.7,67.0,3.0,0.0,1,0,999.83,91.83,120.0,73.87,32.4,58.0,3.0,0.0,1.0,-1.0,1000.36,788.82,17
473,31286,9,0.0,0.0,611.7,27.6,80.0,2.0,0.0,1,-1,1000.62,0.0,2.2,5.99,29.7,67.0,3.0,0.0,1.0,0.0,999.83,91.83,20
483,31646,9,46.11,46.72,41.0,26.7,81.0,2.0,0.0,-1,-1,999.56,454.68,41.0,0.0,24.9,90.0,2.0,0.0,-1.0,0.0,998.77,0.0,8
488,31736,9,91.4,92.9,246.9,32.0,58.0,1.0,0.0,1,-1,998.77,953.58,205.9,46.11,26.7,81.0,2.0,0.0,-1.0,-1.0,999.56,454.68,11
493,31826,9,70.55,71.69,503.5,33.3,59.0,2.0,0.0,1,-1,996.39,787.73,256.6,91.4,32.0,58.0,1.0,0.0,1.0,-1.0,998.77,953.58,14
498,31916,9,5.95,6.28,621.0,30.2,69.0,2.0,0.0,1,-1,995.99,88.79,117.5,70.55,33.3,59.0,2.0,0.0,1.0,-1.0,996.39,787.73,17
503,32006,9,0.0,0.0,623.0,28.8,77.0,3.0,0.0,1,0,998.37,0.0,2.0,5.95,30.2,69.0,2.0,0.0,1.0,-1.0,995.99,88.79,20
513,32366,9,4.28,4.66,3.6,23.0,97.0,0.0,83.0,0,1,1001.42,455.29,3.6,0.0,23.2,93.0,2.0,74.0,1.0,1.0,999.17,0.0,8
518,32456,9,22.09,22.45,48.6,24.2,87.0,1.0,14.0,1,1,1001.94,953.91,45.0,4.28,23.0,97.0,0.0,83.0,0.0,1.0,1001.42,455.29,11
523,32546,9,43.8,44.4,153.4,23.6,86.0,2.0,14.0,-1,1,1000.75,786.61,104.8,22.09,24.2,87.0,1.0,14.0,1.0,1.0,1001.94,953.91,14
528,32636,9,10.06,10.44,209.5,24.3,79.0,2.0,12.0,-1,1,1000.36,85.75,56.1,43.8,23.6,86.0,2.0,14.0,-1.0,1.0,1000.75,786.61,17
533,32726,9,0.0,0.0,212.9,24.4,73.0,3.0,,1,1,1001.55,0.0,3.4,10.06,24.3,79.0,2.0,12.0,-1.0,1.0,1000.36,85.75,20
543,33086,9,58.3,59.08,43.3,24.3,59.0,2.0,0.0,0,1,1003.53,455.87,43.3,0.0,22.7,73.0,2.0,0.0,-1.0,1.0,1002.08,0.0,8
548,33176,9,97.65,99.22,290.5,27.8,50.0,2.0,0.0,1,1,1002.47,954.2,247.2,58.3,24.3,59.0,2.0,0.0,0.0,1.0,1003.53,455.87,11
553,33266,9,80.42,81.79,566.1,27.9,58.0,4.0,0.0,1,0,1000.36,785.46,275.6,97.65,27.8,50.0,2.0,0.0,1.0,1.0,1002.47,954.2,14
558,33356,9,5.05,5.5,684.8,26.2,58.0,4.0,0.0,1,0,1000.75,82.72,118.7,80.42,27.9,58.0,4.0,0.0,1.0,0.0,1000.36,785.46,17
563,33446,9,0.0,0.0,686.8,25.3,61.0,3.0,0.0,1,1,1002.21,0.0,2.0,5.05,26.2,58.0,4.0,0.0,1.0,0.0,1000.75,82.72,20
573,33806,9,52.98,53.73,45.2,24.0,69.0,2.0,0.0,-1,0,1001.02,456.41,45.2,0.0,21.5,84.0,2.0,0.0,-1.0,1.0,999.96,0.0,8
578,33896,9,107.34,109.49,284.2,28.8,57.0,2.0,0.0,1,1,1000.36,954.45,239.0,52.98,24.0,69.0,2.0,0.0,-1.0,0.0,1001.02,456.41,11
583,33986,9,73.01,74.2,546.8,31.1,51.0,1.0,0.0,1,0,997.45,784.3,262.6,107.34,28.8,57.0,2.0,0.0,1.0,1.0,1000.36,954.45,14
588,34076,9,5.33,5.72,665.8,28.0,67.0,4.0,0.0,1,0,997.58,79.7,119.0,73.01,31.1,51.0,1.0,0.0,1.0,0.0,997.45,784.3,17
593,34166,9,0.0,0.0,667.6,26.3,73.0,4.0,0.0,1,1,999.04,0.0,1.8,5.33,28.0,67.0,4.0,0.0,1.0,0.0,997.58,79.7,20
603,34526,9,49.87,50.54,41.8,26.0,70.0,3.0,0.0,0,1,999.83,456.91,41.8,0.0,23.3,83.0,1.0,0.0,-1.0,1.0,998.51,0.0,8
608,34616,9,87.59,89.08,269.2,29.5,57.0,4.0,0.0,1,1,998.37,954.64,227.4,49.87,26.0,70.0,3.0,0.0,0.0,1.0,999.83,456.91,11
613,34706,9,60.46,61.35,529.5,30.0,56.0,4.0,0.0,1,1,996.66,783.11,260.3,87.59,29.5,57.0,4.0,0.0,1.0,1.0,998.37,954.64,14
618,34796,9,5.91,6.43,642.9,28.5,58.0,3.0,0.0,0,1,997.18,76.68,113.4,60.46,30.0,56.0,4.0,0.0,1.0,1.0,996.66,783.11,17
623,34886,9,0.0,0.0,644.7,26.5,64.0,2.0,0.0,1,1,999.17,0.0,1.8,5.91,28.5,58.0,3.0,0.0,0.0,1.0,997.18,76.68,20
633,35246,9,8.8,9.12,9.2,24.3,51.0,3.0,0.0,1,1,1002.08,457.38,9.2,0.0,24.4,62.0,3.0,0.0,1.0,1.0,999.3,0.0,8
638,35336,9,12.9,13.17,59.2,25.7,50.0,2.0,0.0,1,1,1002.08,954.79,50.0,8.8,24.3,51.0,3.0,0.0,1.0,1.0,1002.08,457.38,11
643,35426,9,9.32,9.58,108.8,23.3,74.0,4.0,0.0,1,1,1000.62,781.91,49.6,12.9,25.7,50.0,2.0,0.0,1.0,1.0,1002.08,954.79,14
648,35516,9,2.75,3.21,128.1,23.3,72.0,2.0,0.2,0,1,1001.28,73.69,19.3,9.32,23.3,74.0,4.0,0.0,1.0,1.0,1000.62,781.91,17
653,35606,9,0.0,0.0,129.0,23.1,62.0,4.0,0.2,1,1,1002.87,0.0,0.9,2.75,23.3,72.0,2.0,0.2,0.0,1.0,1001.28,73.69,20
663,35966,9,4.35,4.69,3.9,20.8,70.0,2.0,0.0,-1,1,1004.59,457.8,3.9,0.0,20.6,68.0,3.0,0.0,0.0,1.0,1002.87,0.0,8
668,36056,9,17.23,17.51,62.4,21.1,70.0,2.0,0.0,0,1,1004.59,954.9,58.5,4.35,20.8,70.0,2.0,0.0,-1.0,1.0,1004.59,457.8,11
673,36146,9,13.83,14.26,117.1,21.1,72.0,3.0,0.0,-1,1,1002.47,780.69,54.7,17.23,21.1,70.0,2.0,0.0,0.0,1.0,1004.59,954.9,14
678,36236,9,3.26,3.65,143.7,21.1,72.0,3.0,0.0,0,1,1002.74,70.7,26.6,13.83,21.1,72.0,3.0,0.0,-1.0,1.0,1002.47,780.69,17
683,36326,9,0.0,0.0,144.3,19.6,84.0,3.0,0.5,1,1,1004.06,0.0,0.6,3.26,21.1,72.0,3.0,0.0,0.0,1.0,1002.74,70.7,20
693,36686,9,3.95,4.37,2.2,17.9,95.0,1.0,16.0,-1,0,1004.32,458.18,2.2,0.0,17.6,95.0,2.0,8.0,-1.0,1.0,1002.87,0.0,8
703,36896,9,0.0,0.0,442.3,18.0,88.0,3.0,0.0,1,1,1004.72,0.0,0.1,0.87,19.7,82.0,4.0,0.0,1.0,0.0,1001.15,1.25,20
713,37256,9,2.95,3.34,0.5,11.7,96.0,2.0,2.0,1,0,1009.21,354.85,0.5,0.0,13.0,89.0,3.0,0.0,1.0,0.0,1006.7,0.0,8
718,37346,9,24.02,24.41,27.4,13.2,86.0,1.0,2.0,1,-1,1010.27,881.82,26.9,2.95,11.7,96.0,2.0,2.0,1.0,0.0,1009.21,354.85,11
723,37436,9,23.46,23.87,154.0,14.1,77.0,3.0,2.0,1,-1,1008.82,727.92,126.6,24.02,13.2,86.0,1.0,2.0,1.0,-1.0,1010.27,881.82,14
728,37526,9,0.06,0.48,187.8,13.6,71.0,2.0,2.0,1,0,1010.01,1.41,33.8,23.46,14.1,77.0,3.0,2.0,1.0,-1.0,1008.82,727.92,17
733,37616,9,0.0,0.0,187.8,12.8,69.0,4.0,0.0,1,1,1011.86,0.0,0.0,0.06,13.6,71.0,2.0,2.0,1.0,0.0,1010.01,1.41,20
743,37976,9,5.38,5.71,2.4,11.0,75.0,0.0,0.0,-1,1,1013.71,352.32,2.4,0.0,9.9,77.0,2.0,0.0,1.0,0.0,1012.26,0.0,8
748,38066,9,24.56,24.91,48.2,13.5,71.0,1.0,0.0,-1,-1,1013.18,880.98,45.8,5.38,11.0,75.0,0.0,0.0,-1.0,1.0,1013.71,352.32,11
753,38156,9,33.43,33.89,158.0,16.4,60.0,2.0,0.0,-1,-1,1010.14,728.92,109.8,24.56,13.5,71.0,1.0,0.0,-1.0,-1.0,1013.18,880.98,14
758,38246,9,0.73,1.23,208.4,15.7,66.0,0.0,0.0,0,0,1009.48,1.6,50.4,33.43,16.4,60.0,2.0,0.0,-1.0,-1.0,1010.14,728.92,17
763,38336,9,0.0,0.0,208.5,15.5,72.0,0.0,0.0,0,0,1010.27,0.0,0.1,0.73,15.7,66.0,0.0,0.0,0.0,0.0,1009.48,1.6,20
773,38696,9,22.01,22.44,8.0,16.3,80.0,2.0,0.0,-1,0,1009.08,349.83,8.0,0.0,15.3,81.0,1.0,0.0,-1.0,-1.0,1008.42,0.0,8
778,38786,9,32.88,33.32,82.1,20.6,69.0,2.0,0.0,-1,0,1008.69,880.22,74.1,22.01,16.3,80.0,2.0,0.0,-1.0,0.0,1009.08,349.83,11
783,38876,9,59.6,60.4,225.8,24.3,63.0,3.0,0.0,1,0,1005.25,730.01,143.7,32.88,20.6,69.0,2.0,0.0,-1.0,0.0,1008.69,880.22,14
788,38966,9,0.66,1.18,302.1,20.4,84.0,2.0,0.0,1,1,1004.72,1.83,76.3,59.6,24.3,63.0,3.0,0.0,1.0,0.0,1005.25,730.01,17
793,39056,9,0.0,0.0,302.2,18.2,91.0,1.0,0.0,1,1,1005.38,0.0,0.1,0.66,20.4,84.0,2.0,0.0,1.0,1.0,1004.72,1.83,20
803,39416,9,3.54,4.06,1.7,17.0,99.0,1.0,0.0,-1,0,1003.53,347.4,1.7,0.0,16.8,98.0,1.0,0.0,-1.0,0.0,1002.34,0.0,8
808,39506,9,24.79,25.12,42.1,18.3,97.0,1.0,0.0,0,-1,1002.74,879.53,40.4,3.54,17.0,99.0,1.0,0.0,-1.0,0.0,1003.53,347.4,11
813,39596,9,25.63,25.97,136.5,20.5,84.0,3.0,0.0,1,0,1000.49,731.19,94.4,24.79,18.3,97.0,1.0,0.0,0.0,-1.0,1002.74,879.53,14
818,39686,9,0.0,0.07,154.8,16.8,94.0,4.0,0.0,1,0,1003.53,2.09,18.3,25.63,20.5,84.0,3.0,0.0,1.0,0.0,1000.49,731.19,17
823,39776,9,0.0,0.0,154.8,13.5,97.0,4.0,0.4,1,0,1006.97,0.0,0.0,0.0,16.8,94.0,4.0,0.0,1.0,0.0,1003.53,2.09,20
833,40136,9,5.38,5.71,1.9,6.3,86.0,3.0,10.0,0,1,1015.03,345.17,1.9,0.0,7.0,81.0,2.0,7.0,-1.0,1.0,1013.05,0.0,8
838,40226,9,6.89,7.26,16.3,6.4,78.0,3.0,9.0,-1,1,1017.01,879.04,14.4,5.38,6.3,86.0,3.0,10.0,0.0,1.0,1015.03,345.17,11
843,40316,9,5.11,5.6,43.2,6.6,69.0,2.0,7.0,-1,1,1016.62,732.59,26.9,6.89,6.4,78.0,3.0,9.0,-1.0,1.0,1017.01,879.04,14
848,40406,9,0.01,0.14,53.5,5.9,67.0,2.0,4.0,0,1,1018.2,2.41,10.3,5.11,6.6,69.0,2.0,7.0,-1.0,1.0,1016.62,732.59,17
853,40496,9,0.0,0.0,53.5,5.3,61.0,2.0,0.6,-1,1,1020.19,0.0,0.0,0.01,5.9,67.0,2.0,4.0,0.0,1.0,1018.2,2.41,20
863,40856,9,12.81,13.1,4.5,3.7,46.0,3.0,0.1,-1,1,1022.57,343.13,4.5,0.0,3.7,47.0,2.0,0.1,0.0,1.0,1020.98,0.0,8
868,40946,9,109.88,112.12,77.9,5.1,42.0,3.0,0.0,0,1,1022.3,878.75,73.4,12.81,3.7,46.0,3.0,0.1,-1.0,1.0,1022.57,343.13,11
873,41036,9,27.33,27.76,167.6,6.2,44.0,3.0,0.0,1,1,1019.53,734.21,89.7,109.88,5.1,42.0,3.0,0.0,0.0,1.0,1022.3,878.75,14
878,41126,9,0.59,1.03,204.3,5.6,50.0,3.0,0.0,1,0,1019.66,2.8,36.7,27.33,6.2,44.0,3.0,0.0,1.0,1.0,1019.53,734.21,17
883,41216,9,0.0,0.0,204.3,5.1,46.0,4.0,0.0,1,1,1020.72,0.0,0.0,0.59,5.6,50.0,3.0,0.0,1.0,0.0,1019.66,2.8,20
893,41576,9,0.63,1.02,0.2,4.5,90.0,1.0,1.0,-1,1,1017.41,341.16,0.2,0.0,3.0,92.0,2.0,1.0,-1.0,1.0,1017.15,0.0,8
898,41666,9,5.24,5.56,13.0,5.5,95.0,2.0,2.0,-1,0,1015.82,878.54,12.8,0.63,4.5,90.0,1.0,1.0,-1.0,1.0,1017.41,341.16,11
903,41756,9,8.52,8.75,35.5,7.0,96.0,2.0,1.0,-1,-1,1012.65,735.91,22.5,5.24,5.5,95.0,2.0,2.0,-1.0,0.0,1015.82,878.54,14
908,41846,9,0.02,0.13,45.8,7.6,98.0,2.0,1.0,-1,0,1012.26,3.25,10.3,8.52,7.0,96.0,2.0,1.0,-1.0,-1.0,1012.65,735.91,17
913,41936,9,0.0,0.0,45.8,8.0,98.0,2.0,2.0,-1,0,1011.46,0.0,0.0,0.02,7.6,98.0,2.0,1.0,-1.0,0.0,1012.26,3.25,20
923,42296,9,3.64,3.91,1.3,7.7,84.0,2.0,5.0,0,1,1012.65,339.26,1.3,0.0,8.4,89.0,1.0,5.0,0.0,1.0,1010.93,0.0,8
928,42381,9,18.95,19.26,35.9,8.6,71.0,2.0,2.0,-1,1,1013.05,878.41,34.6,3.64,7.7,84.0,2.0,5.0,0.0,1.0,1012.65,339.26,11
933,42471,9,9.49,9.73,70.8,7.4,81.0,5.0,0.4,-1,1,1011.59,737.7,34.9,18.95,8.6,71.0,2.0,2.0,-1.0,1.0,1013.05,878.41,14
938,42541,9,0.0,0.14,85.3,6.5,90.0,1.0,3.0,-1,1,1013.45,3.78,14.5,9.49,7.4,81.0,5.0,0.4,-1.0,1.0,1011.59,737.7,17
943,42556,9,0.0,0.0,85.3,6.4,89.0,2.0,3.0,-1,1,1014.9,0.0,0.0,0.0,6.5,90.0,1.0,3.0,-1.0,1.0,1013.45,3.78,20
953,42616,9,5.69,6.19,2.2,6.7,71.0,1.0,0.5,1,1,1016.62,337.44,2.2,0.0,6.4,75.0,1.0,0.7,-1.0,1.0,1015.3,0.0,8
958,42631,9,23.82,24.26,43.7,7.6,70.0,1.0,0.0,0,1,1017.41,878.36,41.5,5.69,6.7,71.0,1.0,0.5,1.0,1.0,1016.62,337.44,11
963,42646,9,26.5,26.92,117.3,8.4,63.0,2.0,0.0,-1,1,1015.3,739.58,73.6,23.82,7.6,70.0,1.0,0.0,0.0,1.0,1017.41,878.36,14
968,42661,9,1.56,1.97,153.6,7.4,61.0,1.0,0.0,-1,0,1016.22,4.39,36.3,26.5,8.4,63.0,2.0,0.0,-1.0,1.0,1015.3,739.58,17
973,42676,9,0.0,0.0,153.8,5.4,66.0,2.0,0.0,-1,1,1017.81,0.0,0.2,1.56,7.4,61.0,1.0,0.0,-1.0,0.0,1016.22,4.39,20
983,42736,9,18.65,19.02,8.0,3.0,42.0,3.0,0.0,0,1,1021.38,335.7,8.0,0.0,2.2,49.0,1.0,0.0,-1.0,0.0,1019.53,0.0,8
988,42751,9,85.73,86.89,193.1,6.3,40.0,2.0,0.0,1,1,1022.04,878.39,185.1,18.65,3.0,42.0,3.0,0.0,0.0,1.0,1021.38,335.7,11
993,42766,9,64.37,65.23,433.1,7.9,33.0,2.0,0.0,-1,0,1019.13,741.54,240.0,85.73,6.3,40.0,2.0,0.0,1.0,1.0,1022.04,878.39,14
998,42781,9,1.66,2.17,525.5,5.2,35.0,2.0,0.0,-1,1,1020.98,5.1,92.4,64.37,7.9,33.0,2.0,0.0,-1.0,0.0,1019.13,741.54,17
1003,42796,9,0.0,0.0,525.7,2.7,41.0,3.0,0.0,0,1,1024.15,0.0,0.2,1.66,5.2,35.0,2.0,0.0,-1.0,1.0,1020.98,5.1,20
1013,42856,9,21.16,21.58,8.2,-0.3,38.0,2.0,0.0,-1,1,1027.33,334.04,8.2,0.0,-1.3,48.0,2.0,0.0,-1.0,1.0,1025.34,0.0,8
1018,42871,9,90.67,91.86,212.0,3.6,26.0,3.0,0.0,1,1,1026.67,878.5,203.8,21.16,-0.3,38.0,2.0,0.0,-1.0,1.0,1027.33,334.04,11
1023,42886,9,67.97,68.93,468.8,6.2,21.0,3.0,0.0,1,1,1024.15,743.58,256.8,90.67,3.6,26.0,3.0,0.0,1.0,1.0,1026.67,878.5,14
1028,42901,9,1.67,2.2,565.4,3.8,44.0,3.0,0.0,1,0,1024.55,5.91,96.6,67.97,6.2,21.0,3.0,0.0,1.0,1.0,1024.15,743.58,17
1033,42916,9,0.0,0.0,565.6,2.8,44.0,3.0,0.0,1,1,1025.74,0.0,0.2,1.67,3.8,44.0,3.0,0.0,1.0,0.0,1024.55,5.91,20
1043,42976,9,19.79,20.15,8.1,2.0,48.0,1.0,0.0,-1,-1,1023.76,332.46,8.1,0.0,0.0,54.0,3.0,0.0,-1.0,0.0,1024.02,0.0,8
1048,42991,9,90.66,91.85,196.5,8.0,46.0,3.0,0.0,1,1,1022.43,878.7,188.4,19.79,2.0,48.0,1.0,0.0,-1.0,-1.0,1023.76,332.46,11
1053,43006,9,67.16,68.09,449.3,11.4,47.0,3.0,0.0,0,1,1019.13,745.7,252.8,90.66,8.0,46.0,3.0,0.0,1.0,1.0,1022.43,878.7,14
1058,43021,9,1.74,2.11,540.1,10.0,57.0,1.0,0.0,1,1,1020.32,6.84,90.8,67.16,11.4,47.0,3.0,0.0,0.0,1.0,1019.13,745.7,17
1063,43036,9,0.0,0.0,540.2,8.8,62.0,3.0,0.0,1,1,1020.98,0.0,0.1,1.74,10.0,57.0,1.0,0.0,1.0,1.0,1020.32,6.84,20
1073,43096,9,18.94,19.31,7.1,5.7,44.0,3.0,0.0,1,1,1021.77,330.97,7.1,0.0,5.4,53.0,2.0,0.0,0.0,1.0,1019.79,0.0,8
1078,43111,9,86.77,87.9,202.3,10.4,25.0,4.0,0.0,1,1,1021.38,878.98,195.2,18.94,5.7,44.0,3.0,0.0,1.0,1.0,1021.77,330.97,11
1083,43126,9,65.24,66.12,450.2,13.6,19.0,3.0,0.0,1,1,1018.47,747.91,247.9,86.77,10.4,25.0,4.0,0.0,1.0,1.0,1021.38,878.98,14
1088,43141,9,1.85,2.15,541.5,7.8,53.0,3.0,0.0,1,0,1019.66,7.89,91.3,65.24,13.6,19.0,3.0,0.0,1.0,1.0,1018.47,747.91,17
1093,43156,9,0.0,0.0,541.7,5.9,63.0,1.0,0.0,-1,0,1020.19,0.0,0.2,1.85,7.8,53.0,3.0,0.0,1.0,0.0,1019.66,7.89,20
1103,43216,9,18.5,18.94,6.8,2.9,71.0,2.0,0.0,-1,0,1020.85,329.56,6.8,0.0,2.5,71.0,3.0,0.0,-1.0,0.0,1019.13,0.0,8
1108,43231,9,85.07,86.2,197.8,9.9,40.0,2.0,0.0,1,0,1020.32,879.34,191.0,18.5,2.9,71.0,2.0,0.0,-1.0,0.0,1020.85,329.56,11
1113,43246,9,59.98,60.76,435.9,10.7,42.0,3.0,0.0,1,1,1017.68,750.19,238.1,85.07,9.9,40.0,2.0,0.0,1.0,0.0,1020.32,879.34,14
1118,43261,9,2.74,3.18,517.2,8.0,53.0,2.0,0.0,1,0,1018.2,9.09,81.3,59.98,10.7,42.0,3.0,0.0,1.0,1.0,1017.68,750.19,17
1123,43276,9,0.0,0.0,517.6,5.7,71.0,1.0,0.0,1,1,1019.39,0.0,0.4,2.74,8.0,53.0,2.0,0.0,1.0,0.0,1018.2,9.09,20
1133,43336,9,18.44,18.88,6.6,3.9,78.0,1.0,0.0,-1,-1,1018.6,328.25,6.6,0.0,2.8,81.0,3.0,0.0,-1.0,0.0,1017.68,0.0,8
1138,43351,9,36.72,37.31,138.5,9.8,56.0,2.0,0.0,-1,-1,1017.81,879.78,131.9,18.44,3.9,78.0,1.0,0.0,-1.0,-1.0,1018.6,328.25,11
1143,43366,9,62.58,63.43,348.1,15.4,47.0,1.0,0.0,0,-1,1014.24,752.54,209.6,36.72,9.8,56.0,2.0,0.0,-1.0,-1.0,1017.81,879.78,14
1148,43381,9,1.75,2.11,428.4,12.4,62.0,2.0,0.0,1,0,1014.24,10.43,80.3,62.58,15.4,47.0,1.0,0.0,0.0,-1.0,1014.24,752.54,17
1153,43396,9,0.0,0.0,428.7,9.5,74.0,0.0,0.0,0,1,1015.56,0.0,0.3,1.75,12.4,62.0,2.0,0.0,1.0,0.0,1014.24,10.43,20
1163,43456,9,16.3,16.69,6.1,8.9,82.0,2.0,0.0,-1,0,1015.56,327.03,6.1,0.0,8.8,80.0,2.0,0.0,-1.0,0.0,1013.84,0.0,8
1168,43471,9,79.12,80.27,162.0,15.5,59.0,1.0,0.0,-1,-1,1015.3,880.3,155.9,16.3,8.9,82.0,2.0,0.0,-1.0,0.0,1015.56,327.03,11
1173,43486,9,61.03,61.82,388.3,18.2,58.0,3.0,0.0,1,0,1012.65,754.97,226.3,79.12,15.5,59.0,1.0,0.0,-1.0,-1.0,1015.3,880.3,14
1178,43501,9,1.78,2.07,476.9,14.8,72.0,2.0,0.0,1,0,1012.65,11.93,88.6,61.03,18.2,58.0,3.0,0.0,1.0,0.0,1012.65,754.97,17
1183,43516,9,0.0,0.0,477.1,12.2,85.0,0.0,0.0,0,0,1013.97,0.0,0.2,1.78,14.8,72.0,2.0,0.0,1.0,0.0,1012.65,11.93,20
1193,43576,9,4.2,4.52,1.9,9.7,94.0,3.0,0.0,-1,0,1014.24,325.9,1.9,0.0,10.1,92.0,3.0,0.0,-1.0,0.0,1012.52,0.0,8
1198,43591,9,81.76,82.87,97.0,15.2,74.0,2.0,0.0,-1,-1,1013.97,880.91,95.1,4.2,9.7,94.0,3.0,0.0,-1.0,0.0,1014.24,325.9,11
1203,43606,9,61.33,62.21,328.7,19.0,62.0,2.0,0.0,1,-1,1011.46,757.47,231.7,81.76,15.2,74.0,2.0,0.0,-1.0,-1.0,1013.97,880.91,14
1208,43621,9,1.97,2.4,415.0,14.7,81.0,2.0,0.0,1,0,1012.26,13.6,86.3,61.33,19.0,62.0,2.0,0.0,1.0,-1.0,1011.46,757.47,17
1213,43631,9,0.0,0.0,415.2,13.2,86.0,2.0,0.0,1,0,1014.64,0.0,0.2,1.97,14.7,81.0,2.0,0.0,1.0,0.0,1012.26,13.6,20
1223,43661,9,16.88,17.21,7.6,10.9,94.0,1.0,0.0,1,1,1014.24,324.86,7.6,0.0,12.3,86.0,1.0,0.0,-1.0,-1.0,1013.18,0.0,8
1228,-1,9,60.5,61.3,153.5,15.0,70.0,1.0,0.0,1,-1,1013.84,881.6,145.9,16.88,10.9,94.0,1.0,0.0,1.0,1.0,1014.24,324.86,11
1233,43681,9,56.75,57.58,364.4,16.7,64.0,2.0,0.0,1,-1,1010.67,760.04,210.9,60.5,15.0,70.0,1.0,0.0,1.0,-1.0,1013.84,881.6,14
1238,43696,9,1.53,1.94,441.0,13.0,75.0,2.0,0.0,1,0,1010.27,15.45,76.6,56.75,16.7,64.0,2.0,0.0,1.0,-1.0,1010.67,760.04,17
1243,43711,9,0.0,0.0,441.2,11.3,88.0,1.0,0.0,0,-1,1011.46,0.0,0.2,1.53,13.0,75.0,2.0,0.0,1.0,0.0,1010.27,15.45,20
1253,43771,9,16.83,17.16,7.3,9.3,95.0,3.0,0.0,-1,0,1006.57,323.93,7.3,0.0,9.0,95.0,2.0,0.0,-1.0,0.0,1006.7,0.0,8
1258,43786,9,74.95,75.93,169.9,15.5,68.0,2.0,0.0,-1,-1,1005.91,882.37,162.6,16.83,9.3,95.0,3.0,0.0,-1.0,0.0,1006.57,323.93,11
1263,43801,9,28.13,28.5,370.5,17.4,56.0,3.0,0.0,1,0,1002.74,762.68,200.6,74.95,15.5,68.0,2.0,0.0,-1.0,-1.0,1005.91,882.37,14
1268,43816,9,1.4,1.83,431.8,14.8,66.0,2.0,0.0,1,-1,1003.53,17.48,61.3,28.13,17.4,56.0,3.0,0.0,1.0,0.0,1002.74,762.68,17
1273,43831,9,0.0,0.0,432.0,12.7,79.0,1.0,0.0,-1,1,1004.72,0.0,0.2,1.4,14.8,66.0,2.0,0.0,1.0,-1.0,1003.53,17.48,20
1283,43891,9,15.53,15.84,7.1,11.4,94.0,1.0,0.0,-1,0,1009.48,323.09,7.1,0.0,11.2,93.0,1.0,0.0,-1.0,-1.0,1005.91,0.0,8
1288,43906,9,68.9,69.78,155.2,16.6,68.0,1.0,0.0,1,-1,1010.27,883.22,148.1,15.53,11.4,94.0,1.0,0.0,-1.0,0.0,1009.48,323.09,11
1293,43921,9,49.2,49.82,346.0,16.2,66.0,3.0,0.0,1,-1,1008.69,765.38,190.8,68.9,16.6,68.0,1.0,0.0,1.0,-1.0,1010.27,883.22,14
1298,43936,9,1.35,1.72,417.7,13.0,52.0,3.0,0.0,1,0,1010.8,19.69,71.7,49.2,16.2,66.0,3.0,0.0,1.0,-1.0,1008.69,765.38,17
1303,43951,9,0.0,0.0,417.8,10.9,67.0,3.0,0.0,1,0,1013.18,0.0,0.1,1.35,13.0,52.0,3.0,0.0,1.0,0.0,1010.8,19.69,20
1313,44011,9,9.41,9.65,5.1,7.9,65.0,2.0,0.0,1,1,1015.82,322.36,5.1,0.0,8.1,71.0,2.0,0.0,1.0,-1.0,1013.97,0.0,8
1318,44026,9,57.12,58.16,117.9,11.6,51.0,2.0,0.0,1,1,1015.43,884.15,112.8,9.41,7.9,65.0,2.0,0.0,1.0,1.0,1015.82,322.36,11
1323,44041,9,57.83,58.58,333.4,13.6,51.0,2.0,0.0,1,0,1012.52,768.14,215.5,57.12,11.6,51.0,2.0,0.0,1.0,1.0,1015.43,884.15,14
1328,44056,9,1.56,2.07,410.8,10.4,71.0,1.0,0.0,1,-1,1012.12,22.09,77.4,57.83,13.6,51.0,2.0,0.0,1.0,0.0,1012.52,768.14,17
1333,44071,9,0.0,0.0,411.0,8.9,79.0,2.0,0.0,1,1,1013.05,0.0,0.2,1.56,10.4,71.0,1.0,0.0,1.0,-1.0,1012.12,22.09,20
1343,44131,9,17.52,17.87,7.1,6.3,89.0,2.0,0.0,-1,0,1011.07,321.72,7.1,0.0,5.7,90.0,2.0,0.0,-1.0,0.0,1010.93,0.0,8
1348,44146,9,77.27,78.32,178.8,13.4,56.0,0.0,0.0,1,0,1010.27,885.16,171.7,17.52,6.3,89.0,2.0,0.0,-1.0,0.0,1011.07,321.72,11
1353,44161,9,57.87,58.61,403.8,16.1,51.0,2.0,0.0,1,-1,1006.31,770.97,225.0,77.27,13.4,56.0,0.0,0.0,1.0,0.0,1010.27,885.16,14
1358,44166,9,0.24,0.71,483.3,12.5,70.0,3.0,0.0,1,0,1006.7,24.69,79.5,57.87,16.1,51.0,2.0,0.0,1.0,-1.0,1006.31,770.97,17
1363,44181,9,0.0,0.0,483.3,12.2,74.0,1.0,0.0,-1,0,1007.76,0.0,0.0,0.24,12.5,70.0,3.0,0.0,1.0,0.0,1006.7,24.69,20
1373,44241,9,14.33,14.65,4.1,11.3,66.0,2.0,0.8,-1,0,1010.54,321.19,4.1,0.0,11.0,79.0,2.0,0.8,0.0,1.0,1007.76,0.0,8
1378,44256,9,74.37,75.44,136.8,12.8,53.0,4.0,0.7,-1,1,1011.59,886.25,132.7,14.33,11.3,66.0,2.0,0.8,-1.0,0.0,1010.54,321.19,11
1383,44271,9,63.84,64.75,364.0,15.7,38.0,2.0,0.0,-1,1,1010.14,773.85,227.2,74.37,12.8,53.0,4.0,0.7,-1.0,1.0,1011.59,886.25,14
1388,44286,9,1.76,2.1,456.6,13.5,34.0,3.0,0.0,-1,1,1011.59,27.47,92.6,63.84,15.7,38.0,2.0,0.0,-1.0,1.0,1010.14,773.85,17
1393,44301,9,0.0,0.0,456.9,11.0,44.0,3.0,0.0,-1,1,1012.78,0.0,0.3,1.76,13.5,34.0,3.0,0.0,-1.0,1.0,1011.59,27.47,20
1403,44361,9,18.36,18.71,7.8,5.6,76.0,1.0,0.0,-1,0,1013.71,320.76,7.8,0.0,5.3,77.0,2.0,0.0,-1.0,0.0,1012.12,0.0,8
1408,44376,9,83.9,84.98,189.6,11.8,42.0,2.0,0.0,1,-1,1013.45,887.42,181.8,18.36,5.6,76.0,1.0,0.0,-1.0,0.0,1013.71,320.76,11
1413,44391,9,68.16,69.1,435.8,13.3,31.0,2.0,0.0,1,-1,1010.27,776.79,246.2,83.9,11.8,42.0,2.0,0.0,1.0,-1.0,1013.45,887.42,14
1418,44406,9,2.01,2.36,531.3,11.1,45.0,2.0,0.0,1,0,1010.14,30.44,95.5,68.16,13.3,31.0,2.0,0.0,1.0,-1.0,1010.27,776.79,17
1423,44421,9,0.0,0.0,531.6,8.7,64.0,0.0,0.0,0,1,1011.46,0.0,0.3,2.01,11.1,45.0,2.0,0.0,1.0,0.0,1010.14,30.44,20
1433,44481,9,13.72,14.03,5.5,9.0,65.0,2.0,0.0,-1,0,1009.88,320.44,5.5,0.0,7.3,70.0,3.0,0.0,-1.0,0.0,1009.08,0.0,8
1438,44496,9,47.99,48.58,143.0,14.2,54.0,3.0,0.0,-1,-1,1009.21,888.67,137.5,13.72,9.0,65.0,2.0,0.0,-1.0,0.0,1009.88,320.44,11
1443,44511,9,37.83,38.31,253.2,18.2,50.0,1.0,0.0,-1,-1,1006.31,779.78,110.2,47.99,14.2,54.0,3.0,0.0,-1.0,-1.0,1009.21,888.67,14
1448,44526,9,1.82,2.26,308.5,15.9,60.0,1.0,0.0,1,0,1006.7,33.6,55.3,37.83,18.2,50.0,1.0,0.0,-1.0,-1.0,1006.31,779.78,17
1453,44541,9,0.0,0.0,308.8,13.1,67.0,0.0,0.0,-1,1,1009.08,0.0,0.3,1.82,15.9,60.0,1.0,0.0,1.0,0.0,1006.7,33.6,20
1463,44601,9,13.01,13.28,4.1,10.5,69.0,2.0,0.0,-1,0,1010.14,320.22,4.1,0.0,10.2,71.0,2.0,0.0,-1.0,-1.0,1008.69,0.0,8
1468,44616,9,24.31,24.67,77.0,14.9,58.0,1.0,0.0,-1,-1,1010.67,889.99,72.9,13.01,10.5,69.0,2.0,0.0,-1.0,0.0,1010.14,320.22,11
1473,44631,9,60.05,61.03,219.1,18.3,44.0,2.0,0.0,1,0,1008.03,782.82,142.1,24.31,14.9,58.0,1.0,0.0,-1.0,-1.0,1010.67,889.99,14
1478,44646,9,2.07,2.52,295.4,13.1,70.0,2.0,0.0,1,1,1009.21,36.93,76.3,60.05,18.3,44.0,2.0,0.0,1.0,0.0,1008.03,782.82,17
1483,44661,9,0.0,0.0,295.7,11.3,77.0,2.0,0.0,1,0,1011.33,0.0,0.3,2.07,13.1,70.0,2.0,0.0,1.0,1.0,1009.21,36.93,20
1493,44721,9,12.82,13.11,5.7,7.8,93.0,1.0,0.0,-1,-1,1015.43,320.11,5.7,0.0,7.6,94.0,1.0,0.0,-1.0,-1.0,1013.18,0.0,8
1498,44736,9,65.68,66.54,121.4,13.2,63.0,1.0,0.0,1,0,1015.43,891.39,115.7,12.82,7.8,93.0,1.0,0.0,-1.0,-1.0,1015.43,320.11,11
1503,44751,9,47.65,48.27,304.0,13.5,61.0,2.0,0.0,1,0,1013.18,785.9,182.6,65.68,13.2,63.0,1.0,0.0,1.0,0.0,1015.43,891.39,14
1508,44766,9,1.7,2.13,372.4,10.7,71.0,3.0,0.0,1,0,1014.24,40.44,68.4,47.65,13.5,61.0,2.0,0.0,1.0,0.0,1013.18,785.9,17
1513,44781,9,0.0,0.0,372.7,9.3,72.0,2.0,0.0,1,0,1015.43,0.0,0.3,1.7,10.7,71.0,3.0,0.0,1.0,0.0,1014.24,40.44,20
1523,44841,9,6.85,7.2,2.6,7.8,72.0,2.0,0.0,1,1,1013.84,320.1,2.6,0.0,7.8,76.0,1.0,0.0,1.0,1.0,1013.84,0.0,8
1528,44856,9,12.83,13.11,31.5,9.2,69.0,1.0,0.0,-1,0,1012.78,892.86,28.9,6.85,7.8,72.0,2.0,0.0,1.0,1.0,1013.84,320.1,11
1533,44871,9,7.27,7.58,54.1,9.4,76.0,1.0,0.0,-1,0,1010.4,789.03,22.6,12.83,9.2,69.0,1.0,0.0,-1.0,0.0,1012.78,892.86,14
1538,44886,9,0.0,0.29,62.7,9.4,79.0,1.0,0.1,-1,0,1010.01,44.1,8.6,7.27,9.4,76.0,1.0,0.0,-1.0,0.0,1010.4,789.03,17
1543,44901,9,0.0,0.0,62.7,9.6,77.0,3.0,0.1,-1,0,1010.27,0.0,0.0,0.0,9.4,79.0,1.0,0.1,-1.0,0.0,1010.01,44.1,20
1553,44961,9,16.91,17.3,2.4,10.4,79.0,2.0,0.0,-1,0,1007.5,320.2,2.4,0.0,10.0,80.0,2.0,0.0,-1.0,0.0,1007.5,0.0,8
1558,44976,9,78.32,79.38,161.3,16.2,61.0,2.0,0.0,-1,-1,1006.44,894.41,158.9,16.91,10.4,79.0,2.0,0.0,-1.0,0.0,1007.5,320.2,11
1563,44991,9,65.11,65.95,369.1,18.4,57.0,2.0,0.0,1,0,1003.66,792.2,207.8,78.32,16.2,61.0,2.0,0.0,-1.0,-1.0,1006.44,894.41,14
1568,45006,9,1.28,1.8,455.7,13.5,76.0,2.0,0.0,1,0,1004.19,47.92,86.6,65.11,18.4,57.0,2.0,0.0,1.0,0.0,1003.66,792.2,17
1573,45021,9,0.0,0.0,455.9,12.1,84.0,0.0,0.0,0,0,1006.31,0.0,0.2,1.28,13.5,76.0,2.0,0.0,1.0,0.0,1004.19,47.92,20
1583,45081,9,8.25,8.67,4.6,13.1,58.0,1.0,0.0,-1,1,1009.61,320.41,4.6,0.0,11.2,89.0,1.0,0.0,0.0,1.0,1007.63,0.0,8
1588,45096,9,83.0,84.13,144.8,15.5,38.0,3.0,0.0,-1,1,1010.01,896.02,140.2,8.25,13.1,58.0,1.0,0.0,-1.0,1.0,1009.61,320.41,11
1593,45111,9,62.1,62.91,378.4,17.1,21.0,4.0,0.0,-1,1,1008.55,795.41,233.6,83.0,15.5,38.0,3.0,0.0,-1.0,1.0,1010.01,896.02,14
1598,45126,9,2.8,3.41,467.7,11.4,63.0,3.0,0.0,1,0,1009.88,51.88,89.3,62.1,17.1,21.0,4.0,0.0,-1.0,1.0,1008.55,795.41,17
1603,45141,9,0.0,0.0,468.1,9.3,71.0,1.0,0.0,0,-1,1011.33,0.0,0.4,2.8,11.4,63.0,3.0,0.0,1.0,0.0,1009.88,51.88,20
1613,45201,9,15.66,15.97,6.9,5.9,83.0,1.0,0.0,-1,0,1012.12,320.72,6.9,0.0,5.8,73.0,1.0,0.0,1.0,1.0,1010.93,0.0,8
1618,45216,9,69.42,70.34,154.7,11.4,56.0,1.0,0.0,-1,-1,1011.33,897.71,147.8,15.66,5.9,83.0,1.0,0.0,-1.0,0.0,1012.12,320.72,11
1623,45231,9,59.63,60.41,369.2,13.0,57.0,2.0,0.0,1,-1,1008.55,798.65,214.5,69.42,11.4,56.0,1.0,0.0,-1.0,-1.0,1011.33,897.71,14
1628,45246,9,2.78,3.1,453.3,9.5,73.0,3.0,0.0,1,0,1008.69,55.97,84.1,59.63,13.0,57.0,2.0,0.0,1.0,-1.0,1008.55,798.65,17
1633,45261,9,0.0,0.0,453.8,8.1,79.0,2.0,0.0,1,1,1009.74,0.0,0.5,2.78,9.5,73.0,3.0,0.0,1.0,0.0,1008.69,55.97,20
1643,45321,9,16.24,16.57,6.9,6.1,89.0,2.0,0.0,-1,0,1009.08,321.14,6.9,0.0,5.6,91.0,2.0,0.0,-1.0,-1.0,1008.03,0.0,8
1648,45336,9,77.57,78.61,171.7,12.9,55.0,2.0,0.0,-1,-1,1008.55,899.46,164.8,16.24,6.1,89.0,2.0,0.0,-1.0,0.0,1009.08,321.14,11
1653,45351,9,61.65,62.45,398.6,18.8,40.0,2.0,0.0,1,-1,1005.91,801.92,226.9,77.57,12.9,55.0,2.0,0.0,-1.0,-1.0,1008.55,899.46,14
1658,45366,9,2.92,3.31,492.4,12.2,75.0,2.0,0.0,1,0,1007.23,60.17,93.8,61.65,18.8,40.0,2.0,0.0,1.0,-1.0,1005.91,801.92,17
1663,45381,9,0.0,0.0,493.0,10.2,88.0,1.0,0.0,1,1,1008.69,0.0,0.6,2.92,12.2,75.0,2.0,0.0,1.0,0.0,1007.23,60.17,20
1673,45441,9,18.11,18.45,7.6,7.9,75.0,3.0,0.0,-1,0,1011.07,321.67,7.6,0.0,7.2,79.0,3.0,0.0,-1.0,0.0,1009.08,0.0,8
1678,45456,9,79.85,80.92,183.1,15.3,44.0,1.0,0.0,-1,-1,1011.33,901.29,175.5,18.11,7.9,75.0,3.0,0.0,-1.0,0.0,1011.07,321.67,11
1683,45471,9,65.4,66.28,415.4,18.8,34.0,3.0,0.0,1,0,1009.08,805.22,232.3,79.85,15.3,44.0,1.0,0.0,-1.0,-1.0,1011.33,901.29,14
1688,45486,9,2.72,3.12,513.8,14.4,50.0,2.0,0.0,1,0,1010.54,64.48,98.4,65.4,18.8,34.0,3.0,0.0,1.0,0.0,1009.08,805.22,17
1693,45501,9,0.0,0.0,514.3,10.9,72.0,1.0,0.0,-1,-1,1012.26,0.0,0.5,2.72,14.4,50.0,2.0,0.0,1.0,0.0,1010.54,64.48,20
1703,45561,9,16.37,16.7,6.7,9.4,64.0,3.0,0.0,-1,0,1012.52,322.31,6.7,0.0,8.2,66.0,3.0,0.0,-1.0,0.0,1011.33,0.0,8
1708,45576,9,80.22,81.32,181.0,16.7,47.0,2.0,0.0,-1,-1,1011.46,903.17,174.3,16.37,9.4,64.0,3.0,0.0,-1.0,0.0,1012.52,322.31,11
1713,45591,9,62.82,63.62,410.2,21.0,45.0,2.0,0.0,1,0,1008.42,808.54,229.2,80.22,16.7,47.0,2.0,0.0,-1.0,-1.0,1011.46,903.17,14
1718,45606,9,2.41,2.84,502.7,16.7,63.0,3.0,0.0,1,0,1008.69,68.87,92.5,62.82,21.0,45.0,2.0,0.0,1.0,0.0,1008.42,808.54,17
1723,45621,9,0.0,0.0,503.2,13.8,75.0,1.0,0.0,1,1,1009.88,0.0,0.5,2.41,16.7,63.0,3.0,0.0,1.0,0.0,1008.69,68.87,20
1733,45681,9,10.9,11.17,4.7,10.3,90.0,0.0,0.0,1,1,1015.03,323.05,4.7,0.0,11.3,86.0,2.0,0.0,1.0,0.0,1012.26,0.0,8
1738,45696,9,32.4,32.84,98.2,12.5,77.0,2.0,0.0,1,-1,1015.56,905.13,93.5,10.9,10.3,90.0,0.0,0.0,1.0,1.0,1015.03,323.05,11
1743,45711,9,17.24,17.57,188.7,11.7,76.0,3.0,0.0,1,0,1013.97,811.89,90.5,32.4,12.5,77.0,2.0,0.0,1.0,-1.0,1015.56,905.13,14
1748,45726,9,0.6,1.19,216.1,10.4,75.0,3.0,0.0,1,0,1015.56,73.35,27.4,17.24,11.7,76.0,3.0,0.0,1.0,0.0,1013.97,811.89,17
1753,45741,9,0.0,0.0,216.2,9.6,71.0,2.0,0.0,1,-1,1016.49,0.0,0.1,0.6,10.4,75.0,3.0,0.0,1.0,0.0,1015.56,73.35,20
1763,45801,9,17.21,17.61,7.6,7.8,76.0,1.0,0.0,-1,1,1017.68,323.25,7.6,0.0,7.3,70.0,2.0,0.0,1.0,1.0,1016.49,0.0,8
1768,45816,9,85.7,86.81,171.9,13.2,50.0,1.0,0.0,1,-1,1017.41,906.56,164.3,17.21,7.8,76.0,1.0,0.0,-1.0,1.0,1017.68,323.25,11
1773,45831,9,64.16,65.0,408.7,13.4,53.0,2.0,0.0,1,-1,1014.64,814.66,236.8,85.7,13.2,50.0,1.0,0.0,1.0,-1.0,1017.41,906.56,14
1778,45846,9,3.19,3.55,503.7,12.4,59.0,3.0,0.0,1,0,1015.03,77.4,95.0,64.16,13.4,53.0,2.0,0.0,1.0,-1.0,1014.64,814.66,17
1783,45861,9,0.0,0.0,504.4,10.1,70.0,1.0,0.0,1,1,1015.82,0.0,0.7,3.19,12.4,59.0,3.0,0.0,1.0,0.0,1015.03,77.4,20
1793,45921,9,8.95,9.32,3.1,8.6,75.0,2.0,0.0,-1,0,1013.31,322.92,3.1,0.0,7.5,80.0,2.0,0.0,-1.0,0.0,1012.52,0.0,8
1798,45936,9,50.25,50.88,112.9,14.6,58.0,2.0,0.0,-1,0,1012.12,907.48,109.8,8.95,8.6,75.0,2.0,0.0,-1.0,0.0,1013.31,322.92,11
1803,45951,9,33.55,33.98,317.7,19.6,57.0,1.0,0.0,1,0,1008.16,816.87,204.8,50.25,14.6,58.0,2.0,0.0,-1.0,0.0,1012.12,907.48,14
1808,45966,9,2.65,3.18,400.2,18.5,64.0,2.0,0.0,1,0,1007.76,80.98,82.5,33.55,19.6,57.0,1.0,0.0,1.0,0.0,1008.16,816.87,17
1813,45981,9,0.0,0.0,400.8,14.8,79.0,1.0,0.0,-1,0,1008.55,0.0,0.6,2.65,18.5,64.0,2.0,0.0,1.0,0.0,1007.76,80.98,20
1823,46041,9,16.61,16.95,6.7,12.7,88.0,3.0,0.0,-1,0,1007.5,322.71,6.7,0.0,12.1,91.0,2.0,0.0,-1.0,0.0,1006.7,0.0,8
1828,46056,9,76.18,77.17,168.7,20.5,59.0,1.0,0.0,1,0,1007.1,908.47,162.0,16.61,12.7,88.0,3.0,0.0,-1.0,0.0,1007.5,322.71,11
1833,46071,9,59.95,60.71,391.3,19.6,66.0,4.0,0.0,1,0,1004.59,819.1,222.6,76.18,20.5,59.0,1.0,0.0,1.0,0.0,1007.1,908.47,14
1838,46086,9,2.85,3.42,480.7,15.4,80.0,2.0,0.0,1,-1,1005.51,84.58,89.4,59.95,19.6,66.0,4.0,0.0,1.0,0.0,1004.59,819.1,17
1843,46101,9,0.0,0.0,481.3,13.8,86.0,2.0,0.0,1,0,1007.89,0.0,0.6,2.85,15.4,80.0,2.0,0.0,1.0,-1.0,1005.51,84.58,20
1853,46161,9,1.77,2.19,0.5,13.1,88.0,1.0,0.0,1,0,1008.82,322.61,0.5,0.0,13.0,85.0,1.0,0.0,-1.0,-1.0,1007.76,0.0,8
1858,46176,9,23.16,23.52,32.1,14.5,83.0,1.0,0.0,1,-1,1008.69,909.52,31.6,1.77,13.1,88.0,1.0,0.0,1.0,0.0,1008.82,322.61,11
1863,46191,9,12.22,12.48,95.4,15.5,80.0,2.0,0.0,1,-1,1005.78,821.34,63.3,23.16,14.5,83.0,1.0,0.0,1.0,-1.0,1008.69,909.52,14
1868,46206,9,0.33,0.75,115.3,14.9,84.0,0.0,0.0,0,0,1005.91,88.18,19.9,12.22,15.5,80.0,2.0,0.0,1.0,-1.0,1005.78,821.34,17
1873,46221,9,0.0,0.0,115.4,14.4,86.0,1.0,0.0,1,-1,1007.1,0.0,0.1,0.33,14.9,84.0,0.0,0.0,0.0,0.0,1005.91,88.18,20
1883,46281,9,1.29,1.78,0.9,13.3,96.0,1.0,0.1,1,0,1006.44,322.63,0.9,0.0,13.6,92.0,1.0,0.0,-1.0,1.0,1004.32,0.0,8
1888,46296,9,5.07,5.41,11.4,13.9,96.0,1.0,0.7,-1,-1,1007.1,910.63,10.5,1.29,13.3,96.0,1.0,0.1,1.0,0.0,1006.44,322.63,11
1893,46311,9,36.16,36.79,45.7,14.5,97.0,1.0,1.0,-1,-1,1005.12,823.6,34.3,5.07,13.9,96.0,1.0,0.7,-1.0,-1.0,1007.1,910.63,14
1898,46326,9,1.65,2.02,82.9,13.5,68.0,4.0,1.0,-1,1,1006.31,91.78,37.2,36.16,14.5,97.0,1.0,1.0,-1.0,-1.0,1005.12,823.6,17
1903,46341,9,0.0,0.0,83.3,12.3,63.0,3.0,1.0,0,1,1008.42,0.0,0.4,1.65,13.5,68.0,4.0,1.0,-1.0,1.0,1006.31,91.78,20
1913,46401,9,18.36,18.71,7.3,10.1,63.0,2.0,0.0,1,1,1013.05,322.75,7.3,0.0,9.6,66.0,3.0,0.0,-1.0,1.0,1011.46,0.0,8
1918,46416,9,68.78,69.67,179.6,13.7,51.0,4.0,0.0,1,1,1013.45,911.8,172.3,18.36,10.1,63.0,2.0,0.0,1.0,1.0,1013.05,322.75,11
1923,46431,9,42.16,42.71,406.7,12.2,62.0,2.0,0.0,1,-1,1011.86,825.87,227.1,68.78,13.7,51.0,4.0,0.0,1.0,1.0,1013.45,911.8,14
1928,46446,9,0.36,0.87,454.4,11.4,60.0,2.0,0.0,1,1,1013.45,95.38,47.7,42.16,12.2,62.0,2.0,0.0,1.0,-1.0,1011.86,825.87,17
1933,46461,9,0.0,0.0,454.4,10.3,59.0,3.0,0.0,1,1,1015.3,0.0,0.0,0.36,11.4,60.0,2.0,0.0,1.0,1.0,1013.45,95.38,20
1943,46521,9,3.34,3.65,0.5,5.0,81.0,3.0,0.4,-1,1,1018.34,322.99,0.5,0.0,7.1,65.0,2.0,0.1,-1.0,1.0,1016.88,0.0,8
1948,46536,9,5.37,5.72,23.2,3.1,82.0,4.0,1.0,-1,1,1019.92,913.03,22.7,3.34,5.0,81.0,3.0,0.4,-1.0,1.0,1018.34,322.99,11
1953,46551,9,11.45,11.78,50.1,1.9,91.0,2.0,3.0,-1,1,1018.07,828.15,26.9,5.37,3.1,82.0,4.0,1.0,-1.0,1.0,1019.92,913.03,14
1958,46566,9,0.03,0.54,61.9,0.6,89.0,2.0,5.0,-1,0,1019.79,98.96,11.8,11.45,1.9,91.0,2.0,3.0,-1.0,1.0,1018.07,828.15,17
1963,46581,9,0.0,0.0,61.9,-0.4,88.0,0.0,6.0,0,0,1021.77,0.0,0.0,0.03,0.6,89.0,2.0,5.0,-1.0,0.0,1019.79,98.96,20
1973,46641,9,0.14,0.55,0.0,-2.1,64.0,0.0,3.0,0,0,1022.96,323.33,0.0,0.0,-1.4,79.0,0.0,4.0,0.0,0.0,1021.77,0.0,8
1978,46656,9,2.29,2.72,3.8,0.7,51.0,4.0,1.0,-1,0,1022.57,914.31,3.8,0.14,-2.1,64.0,0.0,3.0,0.0,0.0,1022.96,323.33,11
1983,46671,9,4.07,4.53,13.2,3.8,42.0,3.0,0.1,-1,0,1019.53,830.43,9.4,2.29,0.7,51.0,4.0,1.0,-1.0,0.0,1022.57,914.31,14
1988,46686,9,0.67,1.12,24.7,3.3,45.0,3.0,0.0,-1,0,1020.19,102.53,11.5,4.07,3.8,42.0,3.0,0.1,-1.0,0.0,1019.53,830.43,17
1993,46701,9,0.0,0.0,24.8,0.5,53.0,3.0,0.0,-1,1,1021.77,0.0,0.1,0.67,3.3,45.0,3.0,0.0,-1.0,0.0,1020.19,102.53,20
2003,46761,9,2.68,3.08,0.6,0.6,55.0,1.0,0.0,1,1,1022.3,323.79,0.6,0.0,-1.5,71.0,1.0,0.0,-1.0,1.0,1021.11,0.0,8
2008,46776,9,62.56,63.46,116.6,5.0,35.0,1.0,0.0,1,1,1021.24,915.65,116.0,2.68,0.6,55.0,1.0,0.0,1.0,1.0,1022.3,323.79,11
2013,46791,9,75.41,76.45,360.5,8.2,33.0,2.0,0.0,1,-1,1018.6,832.72,243.9,62.56,5.0,35.0,1.0,0.0,1.0,1.0,1021.24,915.65,14
2018,46806,9,3.12,3.59,471.5,4.3,52.0,3.0,0.0,1,0,1018.6,106.07,111.0,75.41,8.2,33.0,2.0,0.0,1.0,-1.0,1018.6,832.72,17
2023,46821,9,0.0,0.0,472.1,3.8,58.0,1.0,0.0,1,1,1019.39,0.0,0.6,3.12,4.3,52.0,3.0,0.0,1.0,0.0,1018.6,106.07,20
2033,46881,9,11.48,11.74,4.9,3.9,48.0,1.0,0.0,0,1,1020.98,324.34,4.9,0.0,3.9,52.0,2.0,0.0,0.0,1.0,1018.6,0.0,8
2038,46896,9,65.94,66.81,181.9,8.4,34.0,2.0,0.0,1,1,1020.19,917.04,177.0,11.48,3.9,48.0,1.0,0.0,0.0,1.0,1020.98,324.34,11
2043,46911,9,46.69,47.3,354.4,8.7,45.0,2.0,0.0,1,-1,1017.68,835.01,172.5,65.94,8.4,34.0,2.0,0.0,1.0,1.0,1020.19,917.04,14
2048,46926,9,2.45,2.88,422.2,7.1,48.0,2.0,0.0,1,0,1017.81,109.59,67.8,46.69,8.7,45.0,2.0,0.0,1.0,-1.0,1017.68,835.01,17
2053,46941,9,0.0,0.0,422.8,6.4,53.0,0.0,0.0,1,0,1019.0,0.0,0.6,2.45,7.1,48.0,2.0,0.0,1.0,0.0,1017.81,109.59,20
2063,47001,9,11.22,11.55,4.8,3.8,68.0,1.0,0.0,-1,-1,1019.79,325.0,4.8,0.0,2.4,75.0,2.0,0.0,-1.0,-1.0,1018.6,0.0,8
2068,47016,9,95.69,97.08,108.9,7.6,52.0,1.0,0.0,-1,-1,1019.79,918.48,104.1,11.22,3.8,68.0,1.0,0.0,-1.0,-1.0,1019.79,325.0,11
2073,47031,9,30.44,30.94,213.2,9.4,46.0,2.0,0.0,1,0,1015.96,837.3,104.3,95.69,7.6,52.0,1.0,0.0,-1.0,-1.0,1019.79,918.48,14
2078,47046,9,2.92,3.25,252.2,7.7,51.0,2.0,0.0,1,0,1016.62,113.07,39.0,30.44,9.4,46.0,2.0,0.0,1.0,0.0,1015.96,837.3,17
2083,47061,9,0.0,0.0,252.9,7.2,56.0,2.0,0.0,1,0,1018.07,0.0,0.7,2.92,7.7,51.0,2.0,0.0,1.0,0.0,1016.62,113.07,20
2093,47121,9,5.22,5.58,2.2,6.0,65.0,2.0,0.2,1,0,1018.2,325.76,2.2,0.0,6.5,61.0,1.0,0.0,0.0,1.0,1016.75,0.0,8
2098,47136,9,40.17,40.7,74.2,8.8,54.0,1.0,0.3,1,1,1017.81,919.96,72.0,5.22,6.0,65.0,2.0,0.2,1.0,0.0,1018.2,325.76,11
2103,47151,9,45.96,47.17,223.7,11.0,48.0,1.0,0.3,1,-1,1014.64,839.58,149.5,40.17,8.8,54.0,1.0,0.3,1.0,1.0,1017.81,919.96,14
2108,47166,9,4.75,5.35,289.6,8.7,51.0,2.0,0.3,1,0,1015.03,116.52,65.9,45.96,11.0,48.0,1.0,0.3,1.0,-1.0,1014.64,839.58,17
2113,47181,9,0.0,0.0,290.5,7.8,59.0,2.0,,1,0,1016.75,0.0,0.9,4.75,8.7,51.0,2.0,0.3,1.0,0.0,1015.03,116.52,20
2123,47241,9,16.45,16.76,6.2,7.0,63.0,2.0,0.0,0,1,1018.73,326.62,6.2,0.0,5.7,79.0,1.0,0.0,-1.0,0.0,1017.01,0.0,8
2128,47256,9,84.2,85.47,171.0,11.7,32.0,2.0,0.0,0,1,1019.26,921.49,164.8,16.45,7.0,63.0,2.0,0.0,0.0,1.0,1018.73,326.62,11
2133,47271,9,77.65,78.92,414.6,11.7,36.0,3.0,0.0,1,0,1016.75,841.86,243.6,84.2,11.7,32.0,2.0,0.0,0.0,1.0,1019.26,921.49,14
2138,47286,9,5.81,6.27,521.5,9.2,53.0,3.0,0.0,1,0,1017.01,119.93,106.9,77.65,11.7,36.0,3.0,0.0,1.0,0.0,1016.75,841.86,17
2143,47301,9,0.0,0.0,523.1,8.2,55.0,2.0,0.0,1,1,1019.0,0.0,1.6,5.81,9.2,53.0,3.0,0.0,1.0,0.0,1017.01,119.93,20
2153,47361,9,3.11,3.38,1.6,8.0,60.0,2.0,0.0,-1,0,1017.01,327.57,1.6,0.0,7.8,62.0,1.0,0.0,-1.0,0.0,1016.22,0.0,8
2158,47376,9,14.82,15.2,25.8,10.1,56.0,1.0,0.0,-1,1,1016.35,923.07,24.2,3.11,8.0,60.0,2.0,0.0,-1.0,0.0,1017.01,327.57,11
2163,47391,9,12.2,12.47,51.5,8.1,82.0,1.0,0.2,-1,0,1014.24,844.13,25.7,14.82,10.1,56.0,1.0,0.0,-1.0,1.0,1016.35,923.07,14
2168,47406,9,1.03,1.31,69.9,8.0,89.0,1.0,0.3,-1,0,1013.58,123.3,18.4,12.2,8.1,82.0,1.0,0.2,-1.0,0.0,1014.24,844.13,17
2173,47421,9,0.0,0.0,70.2,7.9,94.0,2.0,0.3,-1,-1,1014.5,0.0,0.3,1.03,8.0,89.0,1.0,0.3,-1.0,0.0,1013.58,123.3,20
2183,47481,9,4.32,4.56,2.2,8.9,99.0,2.0,19.0,-1,-1,1011.46,328.62,2.2,0.0,8.5,99.0,2.0,12.0,-1.0,0.0,1010.27,0.0,8
2188,47496,9,109.86,111.71,95.8,12.8,90.0,2.0,18.0,-1,-1,1011.07,924.68,93.6,4.32,8.9,99.0,2.0,19.0,-1.0,-1.0,1011.46,328.62,11
2193,47511,9,42.45,42.98,282.1,16.5,77.0,1.0,15.0,1,-1,1008.16,846.39,186.3,109.86,12.8,90.0,2.0,18.0,-1.0,-1.0,1011.07,924.68,14
2198,47526,9,5.48,5.84,375.3,13.7,87.0,3.0,9.0,1,0,1008.29,126.62,93.2,42.45,16.5,77.0,1.0,15.0,1.0,-1.0,1008.16,846.39,17
2203,47541,9,0.0,0.0,376.6,11.9,94.0,2.0,,1,1,1009.88,0.0,1.3,5.48,13.7,87.0,3.0,9.0,1.0,0.0,1008.29,126.62,20
2213,47601,9,6.53,6.8,3.1,11.7,99.0,1.0,0.1,-1,0,1009.88,329.76,3.1,0.0,11.4,99.0,0.0,0.2,0.0,0.0,1008.69,0.0,8
2218,47616,9,46.26,46.88,61.0,16.7,84.0,1.0,0.1,-1,-1,1009.48,926.33,57.9,6.53,11.7,99.0,1.0,0.1,-1.0,0.0,1009.88,329.76,11
2223,47631,9,73.47,74.48,286.2,19.5,72.0,3.0,0.0,1,0,1005.78,848.63,225.2,46.26,16.7,84.0,1.0,0.1,-1.0,-1.0,1009.48,926.33,14
2228,47646,9,1.47,1.85,386.6,15.8,86.0,3.0,0.0,1,1,1005.51,129.9,100.4,73.47,19.5,72.0,3.0,0.0,1.0,0.0,1005.78,848.63,17
2233,47661,9,0.0,0.0,386.9,14.8,97.0,1.0,0.0,1,0,1007.1,0.0,0.3,1.47,15.8,86.0,3.0,0.0,1.0,1.0,1005.51,129.9,20
2243,47721,9,4.55,4.98,3.5,14.8,100.0,1.0,0.0,-1,-1,1005.78,330.98,3.5,0.0,14.6,99.0,1.0,0.0,-1.0,-1.0,1005.12,0.0,8
2248,47736,9,65.37,66.27,87.5,19.4,80.0,2.0,0.0,1,-1,1005.51,928.02,84.0,4.55,14.8,100.0,1.0,0.0,-1.0,-1.0,1005.78,330.98,11
2253,47751,9,27.1,27.52,242.7,19.1,79.0,5.0,0.0,1,0,1003.79,850.86,155.2,65.37,19.4,80.0,2.0,0.0,1.0,-1.0,1005.51,928.02,14
2258,47766,9,0.51,0.92,263.3,14.3,93.0,3.0,0.0,1,0,1006.17,133.12,20.6,27.1,19.1,79.0,5.0,0.0,1.0,0.0,1003.79,850.86,17
2263,47781,9,0.0,0.0,263.4,12.0,97.0,3.0,,1,0,1008.03,0.0,0.1,0.51,14.3,93.0,3.0,0.0,1.0,0.0,1006.17,133.12,20
2273,47841,9,1.76,2.02,1.9,9.5,99.0,2.0,4.0,1,1,1011.46,332.29,1.9,0.0,9.5,98.0,1.0,4.0,1.0,-1.0,1009.48,0.0,8
2278,47856,9,16.51,16.81,22.9,9.6,98.0,1.0,4.0,1,-1,1012.12,929.74,21.0,1.76,9.5,99.0,2.0,4.0,1.0,1.0,1011.46,332.29,11
2283,47871,9,9.11,9.4,72.5,10.3,97.0,1.0,3.0,1,-1,1010.14,853.07,49.6,16.51,9.6,98.0,1.0,4.0,1.0,-1.0,1012.12,929.74,14
2288,47886,9,2.27,2.58,87.9,9.7,97.0,1.0,4.0,1,0,1010.8,136.28,15.4,9.11,10.3,97.0,1.0,3.0,1.0,-1.0,1010.14,853.07,17
2293,47901,9,0.0,0.0,88.6,9.5,93.0,2.0,3.0,1,0,1011.99,0.0,0.7,2.27,9.7,97.0,1.0,4.0,1.0,0.0,1010.8,136.28,20
2303,47961,9,6.0,6.35,3.4,10.0,97.0,0.0,0.0,-1,1,1010.67,333.69,3.4,0.0,9.2,98.0,1.0,0.0,-1.0,-1.0,1010.14,0.0,8
2308,47976,9,19.37,19.68,69.6,12.6,84.0,1.0,0.0,-1,-1,1010.27,931.49,66.2,6.0,10.0,97.0,0.0,0.0,-1.0,1.0,1010.67,333.69,11
2313,47991,9,30.53,30.94,175.6,13.6,82.0,2.0,0.0,1,0,1007.63,855.26,106.0,19.37,12.6,84.0,1.0,0.0,-1.0,-1.0,1010.27,931.49,14
2318,48006,9,2.39,2.87,231.0,11.6,88.0,2.0,0.0,1,0,1007.89,139.4,55.4,30.53,13.6,82.0,2.0,0.0,1.0,0.0,1007.63,855.26,17
2323,48021,9,0.0,0.0,231.7,10.8,91.0,2.0,0.0,1,1,1009.61,0.0,0.7,2.39,11.6,88.0,2.0,0.0,1.0,0.0,1007.89,139.4,20
2333,48081,9,5.09,5.54,1.9,8.5,89.0,0.0,0.1,0,1,1010.27,335.16,1.9,0.0,8.4,94.0,2.0,0.1,1.0,1.0,1009.08,0.0,8
2338,48096,9,25.96,26.38,51.3,10.2,75.0,2.0,0.4,1,-1,1009.21,933.26,49.4,5.09,8.5,89.0,0.0,0.1,0.0,1.0,1010.27,335.16,11
2343,48111,9,12.66,12.96,104.0,9.3,93.0,1.0,0.5,-1,0,1006.17,857.42,52.7,25.96,10.2,75.0,2.0,0.4,1.0,-1.0,1009.21,933.26,14
2348,48126,9,1.51,1.94,119.3,9.5,96.0,1.0,2.0,-1,0,1005.51,142.45,15.3,12.66,9.3,93.0,1.0,0.5,-1.0,0.0,1006.17,857.42,17
2353,48141,9,0.0,0.0,119.6,9.7,98.0,1.0,7.0,-1,-1,1005.51,0.0,0.3,1.51,9.5,96.0,1.0,2.0,-1.0,0.0,1005.51,142.45,20
2363,48201,9,32.19,32.65,12.6,9.2,87.0,2.0,0.0,1,1,1010.67,336.72,12.6,0.0,8.2,98.0,1.0,5.0,-1.0,-1.0,1008.55,0.0,8
2368,48216,9,97.85,99.08,233.0,14.8,60.0,1.0,0.0,0,-1,1010.67,935.07,220.4,32.19,9.2,87.0,2.0,0.0,1.0,1.0,1010.67,336.72,11
2373,48231,9,28.62,29.01,428.4,10.8,74.0,3.0,0.0,1,-1,1009.88,859.56,195.4,97.85,14.8,60.0,1.0,0.0,0.0,-1.0,1010.67,935.07,14
2378,48246,9,2.05,2.33,480.2,9.3,80.0,2.0,0.0,1,0,1012.26,145.44,51.8,28.62,10.8,74.0,3.0,0.0,1.0,-1.0,1009.88,859.56,17
2383,48261,9,0.0,0.0,480.8,8.8,78.0,2.0,0.0,1,0,1014.11,0.0,0.6,2.05,9.3,80.0,2.0,0.0,1.0,0.0,1012.26,145.44,20
2393,48321,9,2.07,2.5,0.5,5.3,84.0,2.0,0.0,1,0,1015.16,338.34,0.5,0.0,6.5,79.0,3.0,0.0,1.0,0.0,1013.97,0.0,8
2398,48336,9,6.79,7.26,23.6,5.7,82.0,3.0,0.0,1,0,1014.9,936.89,23.1,2.07,5.3,84.0,2.0,0.0,1.0,0.0,1015.16,338.34,11
2403,48351,9,10.72,11.0,51.6,5.6,82.0,2.0,0.0,1,0,1012.26,861.67,28.0,6.79,5.7,82.0,3.0,0.0,1.0,0.0,1014.9,936.89,14
2408,48366,9,0.94,1.35,66.7,4.7,92.0,2.0,0.0,1,0,1012.26,148.37,15.1,10.72,5.6,82.0,2.0,0.0,1.0,0.0,1012.26,861.67,17
2413,48381,9,0.0,0.0,66.9,5.0,92.0,1.0,0.1,0,1,1013.45,0.0,0.2,0.94,4.7,92.0,2.0,0.0,1.0,0.0,1012.26,148.37,20
2423,48441,9,4.4,4.79,1.8,5.2,96.0,2.0,17.0,-1,1,1012.52,340.05,1.8,0.0,5.0,96.0,1.0,14.0,1.0,1.0,1010.8,0.0,8
2428,48456,9,8.39,8.74,31.6,5.8,94.0,2.0,20.0,-1,1,1012.12,938.74,29.8,4.4,5.2,96.0,2.0,17.0,-1.0,1.0,1012.52,340.05,11
2433,48471,9,6.73,7.07,63.3,6.2,93.0,1.0,19.0,-1,1,1009.48,863.75,31.7,8.39,5.8,94.0,2.0,20.0,-1.0,1.0,1012.12,938.74,14
2438,48486,9,0.86,1.25,82.9,6.0,90.0,2.0,14.0,0,1,1010.14,151.24,19.6,6.73,6.2,93.0,1.0,19.0,-1.0,1.0,1009.48,863.75,17
2443,48501,9,0.0,0.0,83.0,5.7,86.0,2.0,11.0,0,1,1011.46,0.0,0.1,0.86,6.0,90.0,2.0,14.0,0.0,1.0,1010.14,151.24,20
2453,48561,9,2.87,3.23,1.5,5.3,81.0,1.0,0.5,1,1,1011.46,341.82,1.5,0.0,5.0,84.0,3.0,0.5,0.0,1.0,1010.67,0.0,8
2458,48576,9,33.35,33.82,35.5,5.5,81.0,3.0,0.8,0,1,1012.39,940.6,34.0,2.87,5.3,81.0,1.0,0.5,1.0,1.0,1011.46,341.82,11
2463,48591,9,43.74,44.37,123.8,7.6,71.0,2.0,0.4,1,1,1009.88,865.8,88.3,33.35,5.5,81.0,3.0,0.8,0.0,1.0,1012.39,940.6,14
2468,48606,9,2.55,2.79,171.7,7.3,68.0,1.0,0.4,-1,1,1009.88,154.04,47.9,43.74,7.6,71.0,2.0,0.4,1.0,1.0,1009.88,865.8,17
2473,48621,9,0.0,0.0,172.8,6.9,71.0,1.0,0.4,1,1,1011.33,0.0,1.1,2.55,7.3,68.0,1.0,0.4,-1.0,1.0,1009.88,154.04,20
2483,48681,9,9.45,9.7,3.4,6.1,66.0,1.0,0.0,1,1,1014.5,343.66,3.4,0.0,5.6,67.0,1.0,0.0,-1.0,1.0,1012.78,0.0,8
2488,48696,9,88.15,89.28,158.6,10.8,47.0,2.0,0.0,1,1,1014.9,942.48,155.2,9.45,6.1,66.0,1.0,0.0,1.0,1.0,1014.5,343.66,11
2493,48711,9,75.1,76.2,423.8,11.4,52.0,3.0,0.0,1,-1,1011.99,867.81,265.2,88.15,10.8,47.0,2.0,0.0,1.0,1.0,1014.9,942.48,14
2498,48726,9,6.78,7.25,543.1,8.5,60.0,3.0,0.0,1,0,1012.65,156.77,119.3,75.1,11.4,52.0,3.0,0.0,1.0,-1.0,1011.99,867.81,17
2503,48741,9,0.0,0.0,545.3,6.5,72.0,1.0,0.0,1,1,1014.77,0.0,2.2,6.78,8.5,60.0,3.0,0.0,1.0,0.0,1012.65,156.77,20
2513,48801,9,28.45,28.88,12.9,4.1,93.0,2.0,0.0,-1,0,1016.75,345.56,12.9,0.0,3.5,93.0,2.0,0.0,-1.0,0.0,1014.64,0.0,8
2518,48816,9,90.77,92.01,219.9,12.4,55.0,1.0,0.0,-1,-1,1016.35,944.37,207.0,28.45,4.1,93.0,2.0,0.0,-1.0,0.0,1016.75,345.56,11
2523,48831,9,80.97,82.09,495.7,15.5,36.0,2.0,0.0,1,-1,1013.58,869.79,275.8,90.77,12.4,55.0,1.0,0.0,-1.0,-1.0,1016.35,944.37,14
2528,48846,9,9.93,10.42,628.9,12.1,51.0,2.0,0.0,1,-1,1014.11,159.43,133.2,80.97,15.5,36.0,2.0,0.0,1.0,-1.0,1013.58,869.79,17
2533,48861,9,0.0,0.0,633.1,8.0,81.0,1.0,0.0,1,1,1015.43,0.0,4.2,9.93,12.1,51.0,2.0,0.0,1.0,-1.0,1014.11,159.43,20
2543,48921,9,32.81,33.26,14.4,6.4,71.0,2.0,0.0,-1,-1,1017.68,347.53,14.4,0.0,5.1,76.0,3.0,0.0,-1.0,0.0,1015.69,0.0,8
2548,48936,9,95.6,97.09,226.2,15.3,43.0,2.0,0.0,-1,-1,1017.81,946.28,211.8,32.81,6.4,71.0,2.0,0.0,-1.0,-1.0,1017.68,347.53,11
2553,48951,9,79.89,80.92,507.5,18.1,28.0,4.0,0.0,1,0,1015.03,871.72,281.3,95.6,15.3,43.0,2.0,0.0,-1.0,-1.0,1017.81,946.28,14
2558,48966,9,7.28,7.78,639.7,14.0,41.0,3.0,0.0,1,0,1016.22,162.03,132.2,79.89,18.1,28.0,4.0,0.0,1.0,0.0,1015.03,871.72,17
2563,48981,9,0.0,0.0,642.2,9.7,65.0,1.0,0.0,1,1,1017.81,0.0,2.5,7.28,14.0,41.0,3.0,0.0,1.0,0.0,1016.22,162.03,20
2573,49041,9,30.0,30.43,13.2,6.4,77.0,3.0,0.0,-1,0,1018.6,349.56,13.2,0.0,6.0,77.0,3.0,0.0,-1.0,0.0,1016.88,0.0,8
2578,49056,9,93.55,94.93,220.8,14.7,54.0,1.0,0.0,-1,-1,1018.34,948.19,207.6,30.0,6.4,77.0,3.0,0.0,-1.0,0.0,1018.6,349.56,11
2583,49071,9,81.13,82.23,501.6,17.8,36.0,3.0,0.0,1,-1,1015.56,873.61,280.8,93.55,14.7,54.0,1.0,0.0,-1.0,-1.0,1018.34,948.19,14
2588,49086,9,7.75,8.24,635.9,15.1,48.0,2.0,0.0,1,0,1015.03,164.55,134.3,81.13,17.8,36.0,3.0,0.0,1.0,-1.0,1015.56,873.61,17
2593,49101,9,0.0,0.0,638.7,10.8,72.0,1.0,0.0,1,1,1016.09,0.0,2.8,7.75,15.1,48.0,2.0,0.0,1.0,0.0,1015.03,164.55,20
2603,49161,9,16.92,17.23,13.0,10.3,74.0,2.0,0.0,-1,0,1013.84,351.64,13.0,0.0,9.1,77.0,2.0,0.0,-1.0,-1.0,1013.31,0.0,8
2608,49176,9,92.48,93.94,204.1,18.3,55.0,2.0,0.0,-1,-1,1012.39,950.1,191.1,16.92,10.3,74.0,2.0,0.0,-1.0,0.0,1013.84,351.64,11
2613,49191,9,75.36,76.41,439.8,22.4,51.0,2.0,0.0,1,0,1009.08,875.46,235.7,92.48,18.3,55.0,2.0,0.0,-1.0,-1.0,1012.39,950.1,14
2618,49206,9,6.98,7.43,568.1,17.6,66.0,3.0,0.0,1,1,1008.69,167.0,128.3,75.36,22.4,51.0,2.0,0.0,1.0,0.0,1009.08,875.46,17
2623,49221,9,0.0,0.0,570.5,13.4,85.0,1.0,0.0,1,1,1009.88,0.0,2.4,6.98,17.6,66.0,3.0,0.0,1.0,1.0,1008.69,167.0,20
2633,49281,9,29.47,29.87,13.2,12.9,85.0,2.0,0.0,-1,0,1009.48,353.79,13.2,0.0,12.3,89.0,2.0,0.0,-1.0,0.0,1007.89,0.0,8
2638,49296,9,90.08,91.45,215.6,20.0,54.0,1.0,0.0,-1,-1,1008.55,952.02,202.4,29.47,12.9,85.0,2.0,0.0,-1.0,0.0,1009.48,353.79,11
2643,49311,9,76.65,77.7,479.9,21.2,50.0,3.0,0.0,1,0,1005.25,877.27,264.3,90.08,20.0,54.0,1.0,0.0,-1.0,-1.0,1008.55,952.02,14
2648,49326,9,7.02,7.45,610.1,17.0,67.0,4.0,0.0,1,0,1005.12,169.37,130.2,76.65,21.2,50.0,3.0,0.0,1.0,0.0,1005.25,877.27,17
2653,49341,9,0.0,0.0,612.6,13.7,84.0,2.0,0.0,1,1,1006.17,0.0,2.5,7.02,17.0,67.0,4.0,0.0,1.0,0.0,1005.12,169.37,20
2663,49401,9,29.61,30.03,14.0,13.6,88.0,2.0,0.0,-1,-1,1006.04,355.42,14.0,0.0,12.8,92.0,1.0,0.0,-1.0,0.0,1005.12,0.0,8
2668,49416,9,94.31,96.06,182.4,21.7,55.0,1.0,0.0,1,-1,1005.38,953.38,168.4,29.61,13.6,88.0,2.0,0.0,-1.0,-1.0,1006.04,355.42,11
2673,49431,9,32.24,32.77,420.3,19.6,63.0,2.0,0.0,1,-1,1003.93,878.46,237.9,94.31,21.7,55.0,1.0,0.0,1.0,-1.0,1005.38,953.38,14
2678,49446,9,0.75,1.08,449.1,12.5,91.0,4.0,1.0,1,0,1007.89,171.17,28.8,32.24,19.6,63.0,2.0,0.0,1.0,-1.0,1003.93,878.46,17
2683,49461,9,0.0,0.0,449.3,11.2,95.0,3.0,3.0,1,0,1011.2,0.0,0.2,0.75,12.5,91.0,4.0,1.0,1.0,0.0,1007.89,171.17,20
2693,49521,9,5.64,5.95,3.5,6.9,86.0,3.0,2.0,1,0,1013.71,356.57,3.5,0.0,8.6,80.0,2.0,0.0,0.0,1.0,1012.52,0.0,8
2698,49536,9,37.83,38.34,60.2,7.5,85.0,2.0,1.0,1,0,1013.84,954.18,56.7,5.64,6.9,86.0,3.0,2.0,1.0,0.0,1013.71,356.57,11
2703,49551,9,25.45,25.81,171.7,8.6,77.0,1.0,1.0,0,-1,1011.33,879.05,111.5,37.83,7.5,85.0,2.0,1.0,1.0,0.0,1013.84,954.18,14
2708,49566,9,7.05,7.37,240.6,8.6,70.0,1.0,1.0,1,-1,1010.8,172.41,68.9,25.45,8.6,77.0,1.0,1.0,0.0,-1.0,1011.33,879.05,17
2713,49581,9,0.0,0.0,242.7,8.1,73.0,2.0,0.4,1,0,1010.93,0.0,2.1,7.05,8.6,70.0,1.0,1.0,1.0,-1.0,1010.8,172.41,20
2723,49641,9,11.6,11.85,6.5,9.0,78.0,0.0,0.0,0,1,1008.55,357.79,6.5,0.0,8.1,81.0,0.0,0.0,0.0,0.0,1007.23,0.0,8
2728,49656,9,21.57,21.92,69.2,11.4,70.0,1.0,0.0,-1,-1,1008.16,955.0,62.7,11.6,9.0,78.0,0.0,0.0,0.0,1.0,1008.55,357.79,11
2733,49671,9,45.18,45.79,214.3,15.9,62.0,2.0,0.0,1,-1,1004.46,879.61,145.1,21.57,11.4,70.0,1.0,0.0,-1.0,-1.0,1008.16,955.0,14
2738,49686,9,3.44,3.7,267.6,13.4,72.0,3.0,0.0,1,1,1004.32,173.61,53.3,45.18,15.9,62.0,2.0,0.0,1.0,-1.0,1004.46,879.61,17
2743,49701,9,0.0,0.0,268.7,13.1,84.0,1.0,0.0,1,0,1005.12,0.0,1.1,3.44,13.4,72.0,3.0,0.0,1.0,1.0,1004.32,173.61,20
2753,49761,9,17.67,17.98,11.5,11.9,95.0,1.0,0.0,-1,-1,1004.32,359.08,11.5,0.0,11.2,93.0,1.0,0.0,-1.0,-1.0,1003.0,0.0,8
2758,49776,9,81.59,83.44,159.9,18.9,66.0,1.0,0.0,1,-1,1003.79,955.82,148.4,17.67,11.9,95.0,1.0,0.0,-1.0,-1.0,1004.32,359.08,11
2763,49791,9,78.34,79.93,397.2,20.9,64.0,3.0,0.0,1,1,1000.23,880.12,237.3,81.59,18.9,66.0,1.0,0.0,1.0,-1.0,1003.79,955.82,14
2768,49806,9,6.98,7.5,505.0,19.7,67.0,3.0,0.0,1,1,1000.09,174.76,107.8,78.34,20.9,64.0,3.0,0.0,1.0,1.0,1000.23,880.12,17
2773,49821,9,0.0,0.0,508.0,16.7,78.0,3.0,0.0,1,1,1001.15,0.0,3.0,6.98,19.7,67.0,3.0,0.0,1.0,1.0,1000.09,174.76,20
2783,49881,9,31.15,31.6,11.6,15.2,94.0,2.0,0.0,-1,-1,1003.13,360.44,11.6,0.0,14.3,95.0,2.0,0.0,-1.0,-1.0,1001.15,0.0,8
2788,49896,9,89.24,90.54,205.8,23.3,63.0,1.0,0.0,1,-1,1003.0,956.65,194.2,31.15,15.2,94.0,2.0,0.0,-1.0,-1.0,1003.13,360.44,11
2793,49911,9,51.7,52.34,437.8,22.8,67.0,3.0,0.0,1,0,1000.09,880.61,232.0,89.24,23.3,63.0,1.0,0.0,1.0,-1.0,1003.0,956.65,14
2798,49926,9,4.64,5.26,530.7,18.1,84.0,3.0,0.0,1,1,999.7,175.86,92.9,51.7,22.8,67.0,3.0,0.0,1.0,0.0,1000.09,880.61,17
2803,49941,9,0.0,0.0,533.4,16.2,92.0,3.0,0.0,1,1,1000.75,0.0,2.7,4.64,18.1,84.0,3.0,0.0,1.0,1.0,999.7,175.86,20
2813,50001,9,3.99,4.6,2.0,13.7,99.0,1.0,0.2,1,-1,1004.98,361.86,2.0,0.0,14.7,99.0,1.0,0.2,1.0,0.0,1002.74,0.0,8
2818,50016,9,8.09,8.37,28.4,14.0,99.0,1.0,0.2,0,-1,1005.12,957.48,26.4,3.99,13.7,99.0,1.0,0.2,1.0,-1.0,1004.98,361.86,11
2823,50031,9,27.16,27.55,97.4,15.0,98.0,1.0,0.2,1,-1,1002.34,881.05,69.0,8.09,14.0,99.0,1.0,0.2,0.0,-1.0,1005.12,957.48,14
2828,50046,9,2.51,2.73,135.6,13.5,96.0,2.0,0.0,1,0,1002.6,176.91,38.2,27.16,15.0,98.0,1.0,0.2,1.0,-1.0,1002.34,881.05,17
2833,50061,9,0.0,0.0,136.2,12.5,98.0,1.0,0.0,1,-1,1004.32,0.0,0.6,2.51,13.5,96.0,2.0,0.0,1.0,0.0,1002.6,176.91,20
2843,50121,9,8.76,9.09,4.3,13.8,98.0,0.0,0.2,1,-1,1003.13,363.34,4.3,0.0,13.1,98.0,0.0,0.2,-1.0,0.0,1001.94,0.0,8
2848,50136,9,24.85,25.35,61.6,14.5,94.0,2.0,0.0,1,0,1002.6,958.32,57.3,8.76,13.8,98.0,0.0,0.2,1.0,-1.0,1003.13,363.34,11
2853,50151,9,12.89,13.24,132.4,15.7,91.0,3.0,0.0,1,0,1000.09,881.45,70.8,24.85,14.5,94.0,2.0,0.0,1.0,0.0,1002.6,958.32,14
2858,50166,9,1.04,1.33,155.5,15.3,97.0,3.0,0.0,1,0,1001.28,177.92,23.1,12.89,15.7,91.0,3.0,0.0,1.0,0.0,1000.09,881.45,17
2863,50181,9,0.0,0.0,156.1,13.4,98.0,3.0,0.7,1,1,1004.72,0.0,0.6,1.04,15.3,97.0,3.0,0.0,1.0,0.0,1001.28,177.92,20
2873,50241,9,1.03,1.32,0.7,8.6,98.0,2.0,5.0,1,0,1011.33,364.88,0.7,0.0,9.2,99.0,2.0,4.0,1.0,0.0,1008.16,0.0,8
2878,50256,9,5.23,5.56,26.9,8.5,98.0,2.0,5.0,1,0,1011.46,959.15,26.2,1.03,8.6,98.0,2.0,5.0,1.0,0.0,1011.33,364.88,11
2883,50271,9,9.55,9.84,58.0,8.0,96.0,2.0,4.0,1,1,1009.88,881.8,31.1,5.23,8.5,98.0,2.0,5.0,1.0,0.0,1011.46,959.15,14
