,POA
2023-09-14 08:00:00,382.26383287138316
2023-09-14 11:00:00,0.0
2023-09-14 14:00:00,0.0
2023-09-14 17:00:00,0.0
2023-09-14 20:00:00,0.0
2023-09-14 23:00:00,193.0501217320877
2023-09-15 02:00:00,838.1406316425455
2023-09-15 05:00:00,923.4837449320676
2023-09-15 08:00:00,379.9442031242877
2023-09-15 11:00:00,0.0
2023-09-15 14:00:00,0.0
2023-09-15 17:00:00,0.0
2023-09-15 20:00:00,0.0
2023-09-15 23:00:00,193.07808086654614
2023-09-16 02:00:00,839.4017751639636
2023-09-16 05:00:00,923.542071188283
2023-09-16 08:00:00,377.82748065375085
2023-09-16 11:00:00,0.0
2023-09-16 14:00:00,0.0
2023-09-16 17:00:00,0.0
2023-09-16 20:00:00,0.0
2023-09-16 23:00:00,193.27834160172603
2023-09-17 02:00:00,840.6269858808189
2023-09-17 05:00:00,923.5543760136912
2023-09-17 08:00:00,375.675652602746
2023-09-17 11:00:00,0.0
2023-09-17 14:00:00,0.0
2023-09-17 17:00:00,0.0
2023-09-17 20:00:00,0.0
2023-09-17 23:00:00,193.46744145110443
2023-09-18 02:00:00,841.8153270765025
2023-09-18 05:00:00,923.5209003242069
2023-09-18 08:00:00,373.4900964201534
2023-09-18 11:00:00,0.0
2023-09-18 14:00:00,0.0
2023-09-18 17:00:00,0.0
2023-09-18 20:00:00,0.0
2023-09-18 23:00:00,193.6443904121303
2023-09-19 02:00:00,842.9659088994308
2023-09-19 05:00:00,923.4419537302601
2023-09-19 08:00:00,371.2722459958096
2023-09-19 11:00:00,0.0
2023-09-19 14:00:00,0.0
2023-09-19 17:00:00,0.0
2023-09-19 20:00:00,0.0
2023-09-19 23:00:00,193.8081901831138
2023-09-20 02:00:00,844.0778853576664
2023-09-20 05:00:00,923.3179181203627
2023-09-20 08:00:00,369.02360033567265
2023-09-20 11:00:00,0.0
2023-09-20 14:00:00,0.0
2023-09-20 17:00:00,0.0
2023-09-20 20:00:00,0.0
2023-09-20 23:00:00,193.95782280283402
2023-09-21 02:00:00,845.1504486218228
2023-09-21 05:00:00,923.1492519363208
2023-09-21 08:00:00,366.74573491156013
2023-09-21 11:00:00,0.0
2023-09-21 14:00:00,0.0
2023-09-21 17:00:00,0.0
2023-09-21 20:00:00,0.0
2023-09-21 23:00:00,194.09223567592107
2023-09-22 02:00:00,846.1828213764384
2023-09-22 05:00:00,922.9364946922454
2023-09-22 08:00:00,364.44031467263756
2023-09-22 11:00:00,0.0
2023-09-22 14:00:00,0.0
2023-09-22 17:00:00,0.0
2023-09-22 20:00:00,0.0
2023-09-22 23:00:00,194.21032516344297
2023-09-23 02:00:00,847.1742485603486
2023-09-23 05:00:00,922.6802713468601
2023-09-23 08:00:00,362.10910698953523
2023-09-23 11:00:00,0.0
2023-09-23 14:00:00,0.0
2023-09-23 17:00:00,0.0
2023-09-23 20:00:00,0.0
2023-09-23 23:00:00,194.31092100841443
2023-09-24 02:00:00,848.1239897245222
2023-09-24 05:00:00,922.3812955391979
2023-09-24 08:00:00,359.753991930373
2023-09-24 11:00:00,0.0
2023-09-24 14:00:00,0.0
2023-09-24 17:00:00,0.0
2023-09-24 20:00:00,0.0
2023-09-24 23:00:00,194.39277319331114
2023-09-25 02:00:00,849.0313125072178
2023-09-25 05:00:00,922.0403702199505
2023-09-25 08:00:00,357.37696693385357
2023-09-25 11:00:00,0.0
2023-09-25 14:00:00,0.0
2023-09-25 17:00:00,0.0
2023-09-25 20:00:00,0.0
2023-09-25 23:00:00,194.45454255690638
2023-09-26 02:00:00,849.8954879364784
2023-09-26 05:00:00,921.6583846125784
2023-09-26 08:00:00,354.9801436047104
2023-09-26 11:00:00,0.0
2023-09-26 14:00:00,0.0
2023-09-26 17:00:00,0.0
2023-09-26 20:00:00,0.0
2023-09-26 23:00:00,194.49479762652646
2023-09-27 02:00:00,850.7157887612861
2023-09-27 05:00:00,921.2363076095244
2023-09-27 08:00:00,352.56573680763495
2023-09-27 11:00:00,0.0
2023-09-27 14:00:00,0.0
2023-09-27 17:00:00,0.0
2023-09-27 20:00:00,0.0
2023-09-27 23:00:00,194.51202111072618
2023-09-28 02:00:00,851.491493183825
2023-09-28 05:00:00,920.7751796670138
2023-09-28 08:00:00,350.13604838900056
2023-09-28 11:00:00,0.0
2023-09-28 14:00:00,0.0
2023-09-28 17:00:00,0.0
2023-09-28 20:00:00,0.0
2023-09-28 23:00:00,194.50462901613636
2023-09-29 02:00:00,852.2218961963229
2023-09-29 05:00:00,920.2761059590255
2023-09-29 08:00:00,347.69344949143675
2023-09-29 11:00:00,0.0
2023-09-29 14:00:00,0.0
2023-09-29 17:00:00,0.0
2023-09-29 20:00:00,0.0
2023-09-29 23:00:00,194.4710021001292
2023-09-30 02:00:00,852.9063284587551
2023-09-30 05:00:00,919.7402526603391
2023-09-30 08:00:00,345.2403641932888
2023-09-30 11:00:00,0.0
2023-09-30 14:00:00,0.0
2023-09-30 17:00:00,0.0
2023-09-30 20:00:00,0.0
2023-09-30 23:00:00,194.4095246655961
2023-10-01 02:00:00,853.5441798354186
2023-10-01 05:00:00,919.168846181106
2023-10-01 08:00:00,342.77925550987146
2023-10-01 11:00:00,0.0
2023-10-01 14:00:00,0.0
2023-10-01 17:00:00,0.0
2023-10-01 20:00:00,0.0
2023-10-01 23:00:00,194.31862275128054
2023-10-02 02:00:00,854.1349222851583
2023-10-02 05:00:00,918.5631734402094
2023-10-02 08:00:00,340.3126132938206
2023-10-02 11:00:00,0.0
2023-10-02 14:00:00,0.0
2023-10-02 17:00:00,0.0
2023-10-02 20:00:00,0.0
2023-10-02 23:00:00,194.19679441375854
2023-10-03 02:00:00,854.6781273481206
2023-10-03 05:00:00,917.9245811581793
2023-10-03 08:00:00,337.8429432847566
2023-10-03 11:00:00,0.0
2023-10-03 14:00:00,0.0
2023-10-03 17:00:00,0.0
2023-10-03 20:00:00,0.0
2023-10-03 23:00:00,194.04262819067048
2023-10-04 02:00:00,855.1734760078037
2023-10-04 05:00:00,917.2544735615213
2023-10-04 08:00:00,335.3727581086992
2023-10-04 11:00:00,0.0
2023-10-04 14:00:00,0.0
2023-10-04 17:00:00,0.0
2023-10-04 20:00:00,0.0
2023-10-04 23:00:00,193.85481073098606
2023-10-05 02:00:00,855.6207616041681
2023-10-05 05:00:00,916.5543093968371
2023-10-05 08:00:00,332.9045715341641
2023-10-05 11:00:00,0.0
2023-10-05 14:00:00,0.0
2023-10-05 17:00:00,0.0
2023-10-05 20:00:00,0.0
2023-10-05 23:00:00,193.63212648165592
2023-10-06 02:00:00,856.0198881341114
2023-10-06 05:00:00,915.825599792797
2023-10-06 08:00:00,330.44089734998875
2023-10-06 11:00:00,0.0
2023-10-06 14:00:00,0.0
2023-10-06 17:00:00,0.0
2023-10-06 20:00:00,0.0
2023-10-06 23:00:00,193.37345273753866
2023-10-07 02:00:00,856.3708661684856
2023-10-07 05:00:00,915.0699077193688
2023-10-07 08:00:00,327.9842529134408
2023-10-07 11:00:00,0.0
2023-10-07 14:00:00,0.0
2023-10-07 17:00:00,0.0
2023-10-07 20:00:00,0.0
2023-10-07 23:00:00,193.07775231175145
2023-10-08 02:00:00,856.6738076960219
2023-10-08 05:00:00,914.2888488553085
2023-10-08 08:00:00,325.53716569382595
2023-10-08 11:00:00,0.0
2023-10-08 14:00:00,0.0
2023-10-08 17:00:00,0.0
2023-10-08 20:00:00,0.0
2023-10-08 23:00:00,192.7440653806153
2023-10-09 02:00:00,856.9289207685805
2023-10-09 05:00:00,913.4840928343004
2023-10-09 08:00:00,323.1021806143677
2023-10-09 11:00:00,0.0
2023-10-09 14:00:00,0.0
2023-10-09 17:00:00,0.0
2023-10-09 20:00:00,0.0
2023-10-09 23:00:00,192.37150227495152
2023-10-10 02:00:00,857.1365047050385
2023-10-10 05:00:00,912.6573639684772
2023-10-10 08:00:00,320.6818659225761
2023-10-10 11:00:00,0.0
2023-10-10 14:00:00,0.0
2023-10-10 17:00:00,0.0
2023-10-10 20:00:00,0.0
2023-10-10 23:00:00,191.95923901749154
2023-10-11 02:00:00,857.296946830747
2023-10-11 05:00:00,911.8104409463797
2023-10-11 08:00:00,318.2788162597423
2023-10-11 11:00:00,0.0
2023-10-11 14:00:00,0.0
2023-10-11 17:00:00,0.0
2023-10-11 20:00:00,0.0
2023-10-11 23:00:00,191.5065166008515
2023-10-12 02:00:00,857.4107211021849
2023-10-12 05:00:00,910.9451553147283
2023-10-12 08:00:00,315.89565248184886
2023-10-12 11:00:00,0.0
2023-10-12 14:00:00,0.0
2023-10-12 17:00:00,0.0
2023-10-12 20:00:00,0.0
2023-10-12 23:00:00,191.0126439845172
2023-10-13 02:00:00,857.4783885571044
2023-10-13 05:00:00,910.0633889865155
2023-10-13 08:00:00,313.5350187648109
2023-10-13 11:00:00,0.0
2023-10-13 14:00:00,0.0
2023-10-13 17:00:00,0.0
2023-10-13 20:00:00,0.0
2023-10-13 23:00:00,190.47700353872284
2023-10-14 02:00:00,857.5005989069459
2023-10-14 05:00:00,909.1670712718917
2023-10-14 08:00:00,311.1995785201934
2023-10-14 11:00:00,0.0
2023-10-14 14:00:00,0.0
2023-10-14 17:00:00,0.0
2023-10-14 20:00:00,0.0
2023-10-14 23:00:00,189.89905741922655
2023-10-15 02:00:00,857.4780924130591
2023-10-15 05:00:00,908.2581762829307
2023-10-15 08:00:00,308.89201111858836
2023-10-15 11:00:00,0.0
2023-10-15 14:00:00,0.0
2023-10-15 17:00:00,0.0
2023-10-15 20:00:00,0.0
2023-10-15 23:00:00,189.2783528071828
2023-10-16 02:00:00,857.2680335278211
2023-10-16 05:00:00,907.1943191081152
2023-10-16 08:00:00,306.4908643554553
2023-10-16 11:00:00,0.0
2023-10-16 14:00:00,0.0
2023-10-16 17:00:00,0.0
2023-10-16 20:00:00,0.0
2023-10-16 23:00:00,188.50482003938185
2023-10-17 02:00:00,856.8681178185261
2023-10-17 05:00:00,905.9744622290657
2023-10-17 08:00:00,303.9947018783252
2023-10-17 11:00:00,0.0
2023-10-17 14:00:00,0.0
2023-10-17 17:00:00,0.0
2023-10-17 20:00:00,0.0
2023-10-17 23:00:00,187.57368836263026
2023-10-18 02:00:00,856.4219124924406
2023-10-18 05:00:00,904.7440419709038
2023-10-18 08:00:00,301.5289059972417
2023-10-18 11:00:00,0.0
2023-10-18 14:00:00,0.0
2023-10-18 17:00:00,0.0
2023-10-18 20:00:00,0.0
2023-10-18 23:00:00,186.59288753662602
2023-10-19 02:00:00,855.9304663483813
2023-10-19 05:00:00,903.5051663383165
2023-10-19 08:00:00,299.0961100272463
2023-10-19 11:00:00,0.0
2023-10-19 14:00:00,0.0
2023-10-19 17:00:00,0.0
2023-10-19 20:00:00,0.0
2023-10-19 23:00:00,185.56217958377187
2023-10-20 02:00:00,855.3948971199677
2023-10-20 05:00:00,902.2599960305763
2023-10-20 08:00:00,296.69900340299125
2023-10-20 11:00:00,0.0
2023-10-20 14:00:00,0.0
2023-10-20 17:00:00,0.0
2023-10-20 20:00:00,0.0
2023-10-20 23:00:00,184.48135627259336
2023-10-21 02:00:00,854.8163772028487
2023-10-21 05:00:00,901.0107475854652
2023-10-21 08:00:00,294.34035010856667
2023-10-21 11:00:00,0.0
2023-10-21 14:00:00,0.0
2023-10-21 17:00:00,0.0
2023-10-21 20:00:00,0.0
2023-10-21 23:00:00,183.35021356828642
2023-10-22 02:00:00,854.1961180975029
2023-10-22 05:00:00,899.7596949945895
2023-10-22 08:00:00,292.0230053331403
2023-10-22 11:00:00,0.0
2023-10-22 14:00:00,0.0
2023-10-22 17:00:00,0.0
2023-10-22 20:00:00,0.0
2023-10-22 23:00:00,182.16852715616608
2023-10-23 02:00:00,853.5353549890724
2023-10-23 05:00:00,898.5091684243455
2023-10-23 08:00:00,289.7499265755515
2023-10-23 11:00:00,0.0
2023-10-23 14:00:00,0.0
2023-10-23 17:00:00,0.0
2023-10-23 20:00:00,0.0
2023-10-23 23:00:00,180.93603244558142
2023-10-24 02:00:00,852.8353330325116
2023-10-24 05:00:00,897.2615488587821
2023-10-24 08:00:00,287.52417638909617
2023-10-24 11:00:00,0.0
2023-10-24 14:00:00,0.0
2023-10-24 17:00:00,0.0
2023-10-24 20:00:00,0.0
2023-10-24 23:00:00,179.65241313464549
2023-10-25 02:00:00,852.0972976537423
2023-10-25 05:00:00,896.0192588413529
2023-10-25 08:00:00,285.3489152895941
2023-10-25 11:00:00,0.0
2023-10-25 14:00:00,0.0
2023-10-25 17:00:00,0.0
2023-10-25 20:00:00,0.0
2023-10-25 23:00:00,178.3173027193045
2023-10-26 02:00:00,851.3224920429044
2023-10-26 05:00:00,894.7847514465386
2023-10-26 08:00:00,283.2273864723581
2023-10-26 11:00:00,0.0
2023-10-26 14:00:00,0.0
2023-10-26 17:00:00,0.0
2023-10-26 20:00:00,0.0
2023-10-26 23:00:00,176.93030212839582
2023-10-27 02:00:00,850.5121645469887
2023-10-27 05:00:00,893.5605007235657
2023-10-27 08:00:00,281.16289617476014
2023-10-27 11:00:00,0.0
2023-10-27 14:00:00,0.0
2023-10-27 17:00:00,0.0
2023-10-27 20:00:00,0.0
2023-10-27 23:00:00,175.49101291516462
2023-10-28 02:00:00,849.6675861548862
2023-10-28 05:00:00,892.3489964025064
2023-10-28 08:00:00,279.15879445569544
2023-10-28 11:00:00,0.0
2023-10-28 14:00:00,0.0
2023-10-28 17:00:00,0.0
2023-10-28 20:00:00,0.0
2023-10-28 23:00:00,173.99908038517538
2023-10-29 02:00:00,848.7900747957276
2023-10-29 05:00:00,891.1527433728877
2023-10-29 08:00:00,277.21845929256915
2023-10-29 11:00:00,0.0
2023-10-29 14:00:00,0.0
2023-10-29 17:00:00,0.0
2023-10-29 20:00:00,0.0
2023-10-29 23:00:00,172.45423815712837
2023-10-30 02:00:00,847.8810204123531
2023-10-30 05:00:00,889.9742636541539
2023-10-30 08:00:00,275.34528429154875
2023-10-30 11:00:00,0.0
2023-10-30 14:00:00,0.0
2023-10-30 17:00:00,0.0
2023-10-30 20:00:00,0.0
2023-10-30 23:00:00,170.85634552220154
2023-10-31 02:00:00,846.9419048969307
2023-10-31 05:00:00,888.8160974538453
2023-10-31 08:00:00,273.5426681331686
2023-10-31 11:00:00,0.0
2023-10-31 14:00:00,0.0
2023-10-31 17:00:00,0.0
2023-10-31 20:00:00,0.0
2023-10-31 23:00:00,169.20541313988554
2023-11-01 02:00:00,845.9743134364886
2023-11-01 05:00:00,887.6808006680277
2023-11-01 08:00:00,271.81400351437713
2023-11-01 11:00:00,0.0
2023-11-01 14:00:00,0.0
2023-11-01 17:00:00,0.0
2023-11-01 20:00:00,0.0
2023-11-01 23:00:00,167.5016168862742
2023-11-02 02:00:00,844.9799373375822
2023-11-02 05:00:00,886.5709387525602
2023-11-02 08:00:00,270.16266569928916
2023-11-02 11:00:00,0.0
2023-11-02 14:00:00,0.0
2023-11-02 17:00:00,0.0
2023-11-02 20:00:00,0.0
2023-11-02 23:00:00,165.74530266685326
2023-11-03 02:00:00,843.9605709678318
2023-11-03 05:00:00,885.4890789901176
2023-11-03 08:00:00,268.59200230659815
2023-11-03 11:00:00,0.0
2023-11-03 14:00:00,0.0
2023-11-03 17:00:00,0.0
2023-11-03 20:00:00,0.0
2023-11-03 23:00:00,163.93698577415188
2023-11-04 02:00:00,842.918105654089
2023-11-04 05:00:00,884.4377836347912
2023-11-04 08:00:00,267.10532666932136
2023-11-04 11:00:00,0.0
2023-11-04 14:00:00,0.0
2023-11-04 17:00:00,0.0
2023-11-04 20:00:00,0.0
2023-11-04 23:00:00,162.07734713288352
2023-11-05 02:00:00,841.8545226192521
2023-11-05 05:00:00,883.4196051744424
2023-11-05 08:00:00,265.7059152248903
2023-11-05 11:00:00,0.0
2023-11-05 14:00:00,0.0
2023-11-05 17:00:00,0.0
2023-11-05 20:00:00,0.0
2023-11-05 23:00:00,160.16722818614278
2023-11-06 02:00:00,840.7718857504462
2023-11-06 05:00:00,882.437083125601
2023-11-06 08:00:00,264.39700707034666
2023-11-06 11:00:00,0.0
2023-11-06 14:00:00,0.0
2023-11-06 17:00:00,0.0
2023-11-06 20:00:00,0.0
2023-11-06 23:00:00,158.20762590901748
2023-11-07 02:00:00,839.6723346419042
2023-11-07 05:00:00,881.4927408636694
2023-11-07 08:00:00,263.18180276006575
2023-11-07 11:00:00,0.0
2023-11-07 14:00:00,0.0
2023-11-07 17:00:00,0.0
2023-11-07 20:00:00,0.0
2023-11-07 23:00:00,156.19968976540042
2023-11-08 02:00:00,838.5580784955849
2023-11-08 05:00:00,880.5890813800909
2023-11-08 08:00:00,262.06345994450686
2023-11-08 11:00:00,0.0
2023-11-08 14:00:00,0.0
2023-11-08 17:00:00,0.0
2023-11-08 20:00:00,0.0
2023-11-08 23:00:00,154.14472213340426
2023-11-09 02:00:00,837.4313914911513
2023-11-09 05:00:00,879.7285817309589
2023-11-09 08:00:00,261.0450850383215
2023-11-09 11:00:00,0.0
2023-11-09 14:00:00,0.0
2023-11-09 17:00:00,0.0
2023-11-09 20:00:00,0.0
2023-11-09 23:00:00,152.0441826272055
2023-11-10 02:00:00,836.2946099493627
2023-11-10 05:00:00,878.9136865526943
2023-11-10 08:00:00,260.1297215488758
2023-11-10 11:00:00,0.0
2023-11-10 14:00:00,0.0
2023-11-10 17:00:00,0.0
2023-11-10 20:00:00,0.0
2023-11-10 23:00:00,149.8996956958291
2023-11-11 02:00:00,835.1501310142502
2023-11-11 05:00:00,878.1468012073316
2023-11-11 08:00:00,259.3203361302186
2023-11-11 11:00:00,0.0
2023-11-11 14:00:00,0.0
2023-11-11 17:00:00,0.0
2023-11-11 20:00:00,0.0
2023-11-11 23:00:00,147.71305999932414
2023-11-12 02:00:00,834.0004120892704
2023-11-12 05:00:00,877.4302850911031
2023-11-12 08:00:00,258.6198042407533
2023-11-12 11:00:00,0.0
2023-11-12 14:00:00,0.0
2023-11-12 17:00:00,0.0
2023-11-12 20:00:00,0.0
2023-11-12 23:00:00,145.4862573206738
2023-11-13 02:00:00,832.8479702163977
2023-11-13 05:00:00,876.7664462636358
2023-11-13 08:00:00,258.03089792729327
2023-11-13 11:00:00,0.0
2023-11-13 14:00:00,0.0
2023-11-13 17:00:00,0.0
2023-11-13 20:00:00,0.0
2023-11-13 23:00:00,143.22145854670453
2023-11-14 02:00:00,831.6953803821721
2023-11-14 05:00:00,876.1575387829688
2023-11-14 08:00:00,257.55627937882
2023-11-14 11:00:00,0.0
2023-11-14 14:00:00,0.0
2023-11-14 17:00:00,0.0
2023-11-14 20:00:00,0.0
2023-11-14 23:00:00,140.92102350886998
2023-11-15 02:00:00,830.5452715507296
2023-11-15 05:00:00,875.6057638259607
2023-11-15 08:00:00,257.19850312176834
2023-11-15 11:00:00,0.0
2023-11-15 14:00:00,0.0
2023-11-15 17:00:00,0.0
2023-11-15 20:00:00,0.0
2023-11-15 23:00:00,138.58749148644827
2023-11-16 02:00:00,828.3312927373063
2023-11-16 05:00:00,874.0472299931218
2023-11-16 08:00:00,255.90342883739365
2023-11-16 11:00:00,0.0
2023-11-16 14:00:00,0.0
2023-11-16 17:00:00,0.0
2023-11-16 20:00:00,0.0
2023-11-16 23:00:00,135.29690478004363
2023-11-17 02:00:00,826.1130051154369
2023-11-17 05:00:00,872.5385193559473
2023-11-17 08:00:00,254.70973747393532
2023-11-17 11:00:00,0.0
2023-11-17 14:00:00,0.0
2023-11-17 17:00:00,0.0
2023-11-17 20:00:00,0.0
2023-11-17 23:00:00,131.96988529491455
2023-11-18 02:00:00,823.8932287552467
2023-11-18 05:00:00,871.0818434475564
2023-11-18 08:00:00,253.6195807750995
2023-11-18 11:00:00,0.0
2023-11-18 14:00:00,0.0
2023-11-18 17:00:00,0.0
2023-11-18 20:00:00,0.0
2023-11-18 23:00:00,128.61034414194623
2023-11-19 02:00:00,821.6747855708104
2023-11-19 05:00:00,869.6793917042083
2023-11-19 08:00:00,252.63507964870462
2023-11-19 11:00:00,0.0
2023-11-19 14:00:00,0.0
2023-11-19 17:00:00,0.0
2023-11-19 20:00:00,0.0
2023-11-19 23:00:00,125.22230864183628
2023-11-20 02:00:00,819.4604737243365
2023-11-20 05:00:00,868.3333277390911
2023-11-20 08:00:00,251.75833443464663
2023-11-20 11:00:00,0.0
2023-11-20 14:00:00,0.0
2023-11-20 17:00:00,0.0
2023-11-20 20:00:00,0.0
2023-11-20 23:00:00,121.80988817119324
2023-11-21 02:00:00,817.2530444050957
2023-11-21 05:00:00,867.0457820849413
2023-11-21 08:00:00,250.99142646122223
2023-11-21 11:00:00,0.0
2023-11-21 14:00:00,0.0
2023-11-21 17:00:00,0.0
2023-11-21 20:00:00,0.0
2023-11-21 23:00:00,118.3772513017446
2023-11-22 02:00:00,815.0551848409149
2023-11-22 05:00:00,865.8188429035606
2023-11-22 08:00:00,250.3364106115927
2023-11-22 11:00:00,0.0
2023-11-22 14:00:00,0.0
2023-11-22 17:00:00,0.0
2023-11-22 20:00:00,0.0
2023-11-22 23:00:00,114.92861838627461
2023-11-23 02:00:00,812.8695104881073
2023-11-23 05:00:00,864.6545463850177
2023-11-23 08:00:00,249.79529955481348
2023-11-23 11:00:00,0.0
2023-11-23 14:00:00,0.0
2023-11-23 17:00:00,0.0
2023-11-23 20:00:00,0.0
2023-11-23 23:00:00,111.46827145694833
2023-11-24 02:00:00,810.6985679205588
2023-11-24 05:00:00,863.5548687987698
2023-11-24 08:00:00,249.37004223880356
2023-11-24 11:00:00,0.0
2023-11-24 14:00:00,0.0
2023-11-24 17:00:00,0.0
2023-11-24 20:00:00,0.0
2023-11-24 23:00:00,108.00057944054075
2023-11-25 02:00:00,808.5448480039939
2023-11-25 05:00:00,862.5217219767254
2023-11-25 08:00:00,249.06250031077332
2023-11-25 11:00:00,0.0
2023-11-25 14:00:00,0.0
2023-11-25 17:00:00,0.0
2023-11-25 20:00:00,0.0
2023-11-25 23:00:00,104.53003363713798
2023-11-26 02:00:00,806.4108067923764
2023-11-26 05:00:00,861.5569529921314
2023-11-26 08:00:00,248.8744261090039
2023-11-26 11:00:00,0.0
2023-11-26 14:00:00,0.0
2023-11-26 17:00:00,0.0
2023-11-26 20:00:00,0.0
2023-11-26 23:00:00,101.06128525376953
2023-11-27 02:00:00,804.2988892216308
2023-11-27 05:00:00,860.6623466020194
2023-11-27 08:00:00,248.80744360341959
2023-11-27 11:00:00,0.0
2023-11-27 14:00:00,0.0
2023-11-27 17:00:00,0.0
2023-11-27 20:00:00,0.0
2023-11-27 23:00:00,97.5991760720271
2023-11-28 02:00:00,802.2115498215012
2023-11-28 05:00:00,859.8396273000485
2023-11-28 08:00:00,248.8630310635113
2023-11-28 11:00:00,0.0
2023-11-28 14:00:00,0.0
2023-11-28 17:00:00,0.0
2023-11-28 20:00:00,0.0
2023-11-28 23:00:00,94.14875571003479
2023-11-29 02:00:00,800.1512658114333
2023-11-29 05:00:00,859.0904577702764
2023-11-29 08:00:00,249.04250344744983
2023-11-29 11:00:00,0.0
2023-11-29 14:00:00,0.0
2023-11-29 17:00:00,0.0
2023-11-29 20:00:00,0.0
2023-11-29 23:00:00,90.71528274254649
2023-11-30 02:00:00,798.1205411082883
2023-11-30 05:00:00,858.416432696235
2023-11-30 08:00:00,249.3469939048391
2023-11-30 11:00:00,0.0
2023-11-30 14:00:00,0.0
2023-11-30 17:00:00,0.0
2023-11-30 20:00:00,0.0
2023-11-30 23:00:00,87.3042112629316
2023-12-01 02:00:00,796.1219030418704
2023-12-01 05:00:00,857.8190697383268
2023-12-01 08:00:00,249.7774362313173
2023-12-01 11:00:00,0.0
2023-12-01 14:00:00,0.0
2023-12-01 17:00:00,0.0
2023-12-01 20:00:00,0.0
2023-12-01 23:00:00,83.92116648391885
2023-12-02 02:00:00,794.1578950773536
2023-12-02 05:00:00,857.2998006322838
2023-12-02 08:00:00,250.33455124658752
2023-12-02 11:00:00,0.0
2023-12-02 14:00:00,0.0
2023-12-02 17:00:00,0.0
2023-12-02 20:00:00,0.0
2023-12-02 23:00:00,80.57191278009351
2023-12-03 02:00:00,792.2310682771647
2023-12-03 05:00:00,856.859964485556
2023-12-03 08:00:00,251.0188382268321
2023-12-03 11:00:00,0.0
2023-12-03 14:00:00,0.0
2023-12-03 17:00:00,0.0
2023-12-03 20:00:00,0.0
2023-12-03 23:00:00,77.26231606052461
2023-12-04 02:00:00,790.3439726414547
2023-12-04 05:00:00,856.5008030413611
2023-12-04 08:00:00,251.83057020990614
2023-12-04 11:00:00,0.0
2023-12-04 14:00:00,0.0
2023-12-04 17:00:00,0.0
2023-12-04 20:00:00,0.0
2023-12-04 23:00:00,73.99830205814777
2023-12-05 02:00:00,788.4991484716844
2023-12-05 05:00:00,856.2234565044898
2023-12-05 08:00:00,252.76979028559433
2023-12-05 11:00:00,0.0
2023-12-05 14:00:00,0.0
2023-12-05 17:00:00,0.0
2023-12-05 20:00:00,0.0
2023-12-05 23:00:00,70.78581193204828
2023-12-06 02:00:00,786.6991183209689
2023-12-06 05:00:00,856.0289588488
2023-12-06 08:00:00,253.83630639647714
2023-12-06 11:00:00,0.0
2023-12-06 14:00:00,0.0
2023-12-06 17:00:00,0.0
2023-12-06 20:00:00,0.0
2023-12-06 23:00:00,67.63075743618222
2023-12-07 02:00:00,784.9463804753017
2023-12-07 05:00:00,855.91823242791
2023-12-07 08:00:00,255.02968397802604
2023-12-07 11:00:00,0.0
2023-12-07 14:00:00,0.0
2023-12-07 17:00:00,0.0
2023-12-07 20:00:00,0.0
2023-12-07 23:00:00,64.53897687703187
2023-12-08 02:00:00,783.2434046616419
2023-12-08 05:00:00,855.8920821599997
2023-12-08 08:00:00,256.3492360508843
2023-12-08 11:00:00,0.0
2023-12-08 14:00:00,0.0
2023-12-08 17:00:00,0.0
2023-12-08 20:00:00,0.0
2023-12-08 23:00:00,61.516191559777916
2023-12-09 02:00:00,781.5926296318972
2023-12-09 05:00:00,855.951189158653
2023-12-09 08:00:00,257.7940113413164
2023-12-09 11:00:00,0.0
2023-12-09 14:00:00,0.0
2023-12-09 17:00:00,0.0
2023-12-09 20:00:00,0.0
2023-12-09 23:00:00,58.567961576848376
2023-12-10 02:00:00,779.9964614100951
2023-12-10 05:00:00,856.0961038131486
2023-12-10 08:00:00,259.3627815261608
2023-12-10 11:00:00,0.0
2023-12-10 14:00:00,0.0
2023-12-10 17:00:00,0.0
2023-12-10 20:00:00,0.0
2023-12-10 23:00:00,55.699639651221645
2023-12-11 02:00:00,778.4572717683856
2023-12-11 05:00:00,856.327239734745
2023-12-11 08:00:00,261.05403092538097
2023-12-11 11:00:00,0.0
2023-12-11 14:00:00,0.0
2023-12-11 17:00:00,0.0
2023-12-11 20:00:00,0.0
2023-12-11 23:00:00,52.916322657500835
2023-12-12 02:00:00,776.9773970515994
2023-12-12 05:00:00,856.6448715025385
2023-12-12 08:00:00,262.8659543665273
2023-12-12 11:00:00,0.0
2023-12-12 14:00:00,0.0
2023-12-12 17:00:00,0.0
2023-12-12 20:00:00,0.0
2023-12-12 23:00:00,50.22280036363874
2023-12-13 02:00:00,775.5591373281272
2023-12-13 05:00:00,857.0491391167868
2023-12-13 08:00:00,264.7964685011384
2023-12-13 11:00:00,0.0
2023-12-13 14:00:00,0.0
2023-12-13 17:00:00,0.0
2023-12-13 20:00:00,0.0
2023-12-13 23:00:00,47.62349968062177
2023-12-14 02:00:00,774.2047538577161
2023-12-14 05:00:00,857.540059361554
2023-12-14 08:00:00,266.8432385632734
2023-12-14 11:00:00,0.0
2023-12-14 14:00:00,0.0
2023-12-14 17:00:00,0.0
2023-12-14 20:00:00,0.0
2023-12-14 23:00:00,45.12242256609453
2023-12-15 02:00:00,772.9164607829122
2023-12-15 05:00:00,858.1175403890411
2023-12-15 08:00:00,269.00371683878393
2023-12-15 11:00:00,0.0
2023-12-15 14:00:00,0.0
2023-12-15 17:00:00,0.0
2023-12-15 20:00:00,0.0
2023-12-15 23:00:00,42.72307759152465
2023-12-16 02:00:00,771.8230211439693
2023-12-16 05:00:00,858.9064109538249
2023-12-16 08:00:00,271.40794857674285
2023-12-16 11:00:00,0.0
2023-12-16 14:00:00,0.0
2023-12-16 17:00:00,0.0
2023-12-16 20:00:00,0.0
2023-12-16 23:00:00,40.497766646909795
2023-12-17 02:00:00,770.9272223419946
2023-12-17 05:00:00,859.9069492788235
2023-12-17 08:00:00,274.05466085467486
2023-12-17 11:00:00,0.0
2023-12-17 14:00:00,0.0
2023-12-17 17:00:00,0.0
2023-12-17 20:00:00,0.0
2023-12-17 23:00:00,38.443649078296815
2023-12-18 02:00:00,770.1045432752499
2023-12-18 05:00:00,860.9938696741674
2023-12-18 08:00:00,276.8085383253864
2023-12-18 11:00:00,0.0
2023-12-18 14:00:00,0.0
2023-12-18 17:00:00,0.0
2023-12-18 20:00:00,0.0
2023-12-18 23:00:00,36.49131729024662
2023-12-19 02:00:00,769.3566605674496
2023-12-19 05:00:00,862.1666032452104
2023-12-19 08:00:00,279.666388059715
2023-12-19 11:00:00,0.0
2023-12-19 14:00:00,0.0
2023-12-19 17:00:00,0.0
2023-12-19 20:00:00,0.0
2023-12-19 23:00:00,34.64182212881232
2023-12-20 02:00:00,768.6850744619769
2023-12-20 05:00:00,863.4244789937363
2023-12-20 08:00:00,282.6249389177376
2023-12-20 11:00:00,0.0
2023-12-20 14:00:00,0.0
2023-12-20 17:00:00,0.0
2023-12-20 20:00:00,0.0
2023-12-20 23:00:00,32.895612044701544
2023-12-21 02:00:00,768.091100936261
2023-12-21 05:00:00,864.7667226613074
2023-12-21 08:00:00,285.6808498635214
2023-12-21 11:00:00,0.0
2023-12-21 14:00:00,0.0
2023-12-21 17:00:00,0.0
2023-12-21 20:00:00,0.0
2023-12-21 23:00:00,31.25256742374131
2023-12-22 02:00:00,767.575875734177
2023-12-22 05:00:00,866.1924589813558
2023-12-22 08:00:00,288.83071444824327
2023-12-22 11:00:00,0.0
2023-12-22 14:00:00,0.0
2023-12-22 17:00:00,0.0
2023-12-22 20:00:00,0.0
2023-12-22 23:00:00,29.71205368766693
2023-12-23 02:00:00,767.1403677741721
2023-12-23 05:00:00,867.7007164027711
2023-12-23 08:00:00,292.07106163750257
2023-12-23 11:00:00,0.0
2023-12-23 14:00:00,0.0
2023-12-23 17:00:00,0.0
2023-12-23 20:00:00,0.0
2023-12-23 23:00:00,28.27298725194685
2023-12-24 02:00:00,766.7853987958966
2023-12-24 05:00:00,869.2904328793422
2023-12-24 08:00:00,295.3983534481194
2023-12-24 11:00:00,0.0
2023-12-24 14:00:00,0.0
2023-12-24 17:00:00,0.0
2023-12-24 20:00:00,0.0
2023-12-24 23:00:00,26.933908629209693
2023-12-25 02:00:00,766.5116654129948
2023-12-25 05:00:00,870.960461266299
2023-12-25 08:00:00,298.80898007245486
2023-12-25 11:00:00,0.0
2023-12-25 14:00:00,0.0
2023-12-25 17:00:00,0.0
2023-12-25 20:00:00,0.0
2023-12-25 23:00:00,25.693056875312507
2023-12-26 02:00:00,766.3197596358614
2023-12-26 05:00:00,872.7095729131789
2023-12-26 08:00:00,302.2992534893363
2023-12-26 11:00:00,0.0
2023-12-26 14:00:00,0.0
2023-12-26 17:00:00,0.0
2023-12-26 20:00:00,0.0
2023-12-26 23:00:00,24.548440739340982
2023-12-27 02:00:00,766.2101842060613
2023-12-27 05:00:00,874.5364583415859
2023-12-27 08:00:00,305.8654009340557
2023-12-27 11:00:00,0.0
2023-12-27 14:00:00,0.0
2023-12-27 17:00:00,0.0
2023-12-27 20:00:00,0.0
2023-12-27 23:00:00,23.497904075154047
2023-12-28 02:00:00,766.183361012328
2023-12-28 05:00:00,876.4397250360958
2023-12-28 08:00:00,309.5035594932924
2023-12-28 11:00:00,0.0
2023-12-28 14:00:00,0.0
2023-12-28 17:00:00,0.0
2023-12-28 20:00:00,0.0
2023-12-28 23:00:00,22.539185499633433
2023-12-29 02:00:00,766.2396332883295
2023-12-29 05:00:00,878.417893644089
2023-12-29 08:00:00,313.2097735221245
2023-12-29 11:00:00,0.0
2023-12-29 14:00:00,0.0
2023-12-29 17:00:00,0.0
2023-12-29 20:00:00,0.0
2023-12-29 23:00:00,21.669974016000015
2023-12-30 02:00:00,766.3792637329724
2023-12-30 05:00:00,880.4693943312237
2023-12-30 08:00:00,316.9799960380712
2023-12-30 11:00:00,0.0
2023-12-30 14:00:00,0.0
2023-12-30 17:00:00,0.0
2023-12-30 20:00:00,0.0
2023-12-30 23:00:00,20.88796200853606
2023-12-31 02:00:00,766.6024307638637
2023-12-31 05:00:00,882.5925645654113
2023-12-31 08:00:00,320.8100942343432
2023-12-31 11:00:00,0.0
2023-12-31 14:00:00,0.0
2023-12-31 17:00:00,0.0
2023-12-31 20:00:00,0.0
2023-12-31 23:00:00,20.190896271111395
2024-01-01 02:00:00,766.9092239859214
2024-01-01 05:00:00,884.7856482942382
2024-01-01 08:00:00,324.6958581205856
2024-01-01 11:00:00,0.0
2024-01-01 14:00:00,0.0
2024-01-01 17:00:00,0.0
2024-01-01 20:00:00,0.0
2024-01-01 23:00:00,19.57662729601181
2024-01-02 02:00:00,767.2996395731221
2024-01-02 05:00:00,887.0467958758592
2024-01-02 08:00:00,328.6330100825693
2024-01-02 11:00:00,0.0
2024-01-02 14:00:00,0.0
2024-01-02 17:00:00,0.0
2024-01-02 20:00:00,0.0
2024-01-02 23:00:00,19.043157057995156
2024-01-03 02:00:00,767.7735766116552
2024-01-03 05:00:00,889.3740641643184
2024-01-03 08:00:00,332.6172133809838
2024-01-03 11:00:00,0.0
2024-01-03 14:00:00,0.0
2024-01-03 17:00:00,0.0
2024-01-03 20:00:00,0.0
2024-01-03 23:00:00,18.58868612083705
2024-01-04 02:00:00,768.3308356291689
2024-01-04 05:00:00,891.7654164949612
2024-01-04 08:00:00,336.6440779035251
2024-01-04 11:00:00,0.0
2024-01-04 14:00:00,0.0
2024-01-04 17:00:00,0.0
2024-01-04 20:00:00,0.0
2024-01-04 23:00:00,18.21165986738178
2024-01-05 02:00:00,768.9711199474367
2024-01-05 05:00:00,894.2187222739419
2024-01-05 08:00:00,340.70916234210756
2024-01-05 11:00:00,0.0
2024-01-05 14:00:00,0.0
2024-01-05 17:00:00,0.0
2024-01-05 20:00:00,0.0
2024-01-05 23:00:00,17.91081280722831
2024-01-06 02:00:00,769.694038949826
2024-01-06 05:00:00,896.7317554681223
2024-01-06 08:00:00,344.80797253362636
2024-01-06 11:00:00,0.0
2024-01-06 14:00:00,0.0
2024-01-06 17:00:00,0.0
2024-01-06 20:00:00,0.0
2024-01-06 23:00:00,17.68520937366875
2024-01-07 02:00:00,770.4991118970484
2024-01-07 05:00:00,899.3021917676789
2024-01-07 08:00:00,348.93595688132
2024-01-07 11:00:00,0.0
2024-01-07 14:00:00,0.0
2024-01-07 17:00:00,0.0
2024-01-07 20:00:00,0.0
2024-01-07 23:00:00,17.534280161578423
2024-01-08 02:00:00,771.3857719469261
2024-01-08 05:00:00,901.927605762525
2024-01-08 08:00:00,353.088501863653
2024-01-08 11:00:00,0.0
2024-01-08 14:00:00,0.0
2024-01-08 17:00:00,0.0
2024-01-08 20:00:00,0.0
2024-01-08 23:00:00,17.457853759741727
2024-01-09 02:00:00,772.3533714555579
2024-01-09 05:00:00,904.6054714220063
2024-01-09 08:00:00,357.2609327155886
2024-01-09 11:00:00,0.0
2024-01-09 14:00:00,0.0
2024-01-09 17:00:00,0.0
2024-01-09 20:00:00,0.0
2024-01-09 23:00:00,17.456184032443304
2024-01-10 02:00:00,773.4011895352392
2024-01-10 05:00:00,907.333169572037
2024-01-10 08:00:00,361.4485250858004
2024-01-10 11:00:00,0.0
2024-01-10 14:00:00,0.0
2024-01-10 17:00:00,0.0
2024-01-10 20:00:00,0.0
2024-01-10 23:00:00,17.529971087644014
2024-01-11 02:00:00,774.5284402416023
2024-01-11 05:00:00,910.108003590942
2024-01-11 08:00:00,365.6465314158811
2024-01-11 11:00:00,0.0
2024-01-11 14:00:00,0.0
2024-01-11 17:00:00,0.0
2024-01-11 20:00:00,0.0
2024-01-11 23:00:00,17.680372025802544
2024-01-12 02:00:00,775.7342764716286
2024-01-12 05:00:00,912.9272204623073
2024-01-12 08:00:00,369.8502204536624
2024-01-12 11:00:00,0.0
2024-01-12 14:00:00,0.0
2024-01-12 17:00:00,0.0
2024-01-12 20:00:00,0.0
2024-01-12 23:00:00,17.90899699687949
2024-01-13 02:00:00,777.0177840816683
2024-01-13 05:00:00,915.7880311102235
2024-01-13 08:00:00,374.0549232722134
2024-01-13 11:00:00,0.0
2024-01-13 14:00:00,0.0
2024-01-13 17:00:00,0.0
2024-01-13 20:00:00,0.0
2024-01-13 23:00:00,18.217888594104277
2024-01-14 02:00:00,778.3779640468665
2024-01-14 05:00:00,918.6876242467505
2024-01-14 08:00:00,378.25607657207536
2024-01-14 11:00:00,0.0
2024-01-14 14:00:00,0.0
2024-01-14 17:00:00,0.0
2024-01-14 20:00:00,0.0
2024-01-14 23:00:00,18.609486401582554
2024-01-15 02:00:00,779.8137065513245
2024-01-15 05:00:00,921.6231718600893
2024-01-15 08:00:00,382.4492562279067
2024-01-15 11:00:00,0.0
2024-01-15 14:00:00,0.0
2024-01-15 17:00:00,0.0
2024-01-15 20:00:00,0.0
2024-01-15 23:00:00,19.08658178572421
2024-01-16 02:00:00,780.7324726287095
2024-01-16 05:00:00,924.0137809990215
2024-01-16 08:00:00,385.99224032439395
2024-01-16 11:00:00,0.0
2024-01-16 14:00:00,0.0
2024-01-16 17:00:00,0.0
2024-01-16 20:00:00,0.0
2024-01-16 23:00:00,19.411369611806354
2024-01-17 02:00:00,781.1387931310308
2024-01-17 05:00:00,925.8621500779655
2024-01-17 08:00:00,388.89048249084277
2024-01-17 11:00:00,0.0
2024-01-17 14:00:00,0.0
2024-01-17 17:00:00,0.0
2024-01-17 20:00:00,0.0
2024-01-17 23:00:00,19.58020070467225
2024-01-18 02:00:00,781.6247387019729
2024-01-18 05:00:00,927.7455819712893
2024-01-18 08:00:00,391.78166070272863
2024-01-18 11:00:00,0.0
2024-01-18 14:00:00,0.0
2024-01-18 17:00:00,0.0
2024-01-18 20:00:00,0.0
2024-01-18 23:00:00,19.832463362273636
2024-01-19 02:00:00,782.1890185486891
2024-01-19 05:00:00,929.6615175539259
2024-01-19 08:00:00,394.6625647620953
2024-01-19 11:00:00,0.0
2024-01-19 14:00:00,0.0
2024-01-19 17:00:00,0.0
2024-01-19 20:00:00,0.0
2024-01-19 23:00:00,20.168727575226196
2024-01-20 02:00:00,782.8301927164467
2024-01-20 05:00:00,931.6073917829061
2024-01-20 08:00:00,397.5301458633117
2024-01-20 11:00:00,0.0
2024-01-20 14:00:00,0.0
2024-01-20 17:00:00,0.0
2024-01-20 20:00:00,0.0
2024-01-20 23:00:00,20.589849965514954
2024-01-21 02:00:00,783.546692147017
2024-01-21 05:00:00,933.5806431201822
2024-01-21 08:00:00,400.3815122884498
2024-01-21 11:00:00,0.0
2024-01-21 14:00:00,0.0
2024-01-21 17:00:00,0.0
2024-01-21 20:00:00,0.0
2024-01-21 23:00:00,21.096943172939923
2024-01-22 02:00:00,784.3368387874714
2024-01-22 05:00:00,935.5787186850015
2024-01-22 08:00:00,403.2139175723503
2024-01-22 11:00:00,0.0
2024-01-22 14:00:00,0.0
2024-01-22 17:00:00,0.0
2024-01-22 20:00:00,0.0
2024-01-22 23:00:00,21.691338792139693
2024-01-23 02:00:00,785.1988638489172
2024-01-23 05:00:00,937.5990752001501
2024-01-23 08:00:00,406.0247434782879
2024-01-23 11:00:00,0.0
2024-01-23 14:00:00,0.0
2024-01-23 17:00:00,0.0
2024-01-23 20:00:00,0.0
2024-01-23 23:00:00,22.374543702747154
2024-01-24 02:00:00,786.1309232053535
2024-01-24 05:00:00,939.6391773861833
2024-01-24 08:00:00,408.8114816563464
2024-01-24 11:00:00,0.0
2024-01-24 14:00:00,0.0
2024-01-24 17:00:00,0.0
2024-01-24 20:00:00,0.0
2024-01-24 23:00:00,23.148189721466775
2024-01-25 02:00:00,787.1311094988486
2024-01-25 05:00:00,941.6964955727785
2024-01-25 08:00:00,411.57171737184996
2024-01-25 11:00:00,0.0
2024-01-25 14:00:00,0.0
2024-01-25 17:00:00,0.0
2024-01-25 20:00:00,0.0
2024-01-25 23:00:00,24.01397704120946
2024-01-26 02:00:00,788.1974606086198
2024-01-26 05:00:00,943.7685034680384
2024-01-26 08:00:00,414.3031171600295
2024-01-26 11:00:00,0.0
2024-01-26 14:00:00,0.0
2024-01-26 17:00:00,0.0
2024-01-26 20:00:00,0.0
2024-01-26 23:00:00,24.973612526763592
2024-01-27 02:00:00,789.3279646445773
2024-01-27 05:00:00,945.85267646765
2024-01-27 08:00:00,417.0034205158993
2024-01-27 11:00:00,0.0
2024-01-27 14:00:00,0.0
2024-01-27 17:00:00,0.0
2024-01-27 20:00:00,0.0
2024-01-27 23:00:00,26.028744404064422
2024-01-28 02:00:00,790.5205620729728
2024-01-28 05:00:00,947.9464906472008
2024-01-28 08:00:00,419.6704353512334
2024-01-28 11:00:00,0.0
2024-01-28 14:00:00,0.0
2024-01-28 17:00:00,0.0
2024-01-28 20:00:00,0.0
2024-01-28 23:00:00,27.180895717728475
2024-01-29 02:00:00,791.7731458731145
2024-01-29 05:00:00,950.0474225272272
2024-01-29 08:00:00,422.30203631195
2024-01-29 11:00:00,0.0
2024-01-29 14:00:00,0.0
2024-01-29 17:00:00,0.0
2024-01-29 20:00:00,0.0
2024-01-29 23:00:00,28.431399149343694
2024-01-30 02:00:00,793.0835611199799
2024-01-30 05:00:00,952.1529495242921
2024-01-30 08:00:00,424.89616444138215
2024-01-30 11:00:00,0.0
2024-01-30 14:00:00,0.0
2024-01-30 17:00:00,0.0
2024-01-30 20:00:00,0.0
2024-01-30 23:00:00,29.78133663264352
2024-01-31 02:00:00,794.4496053421133
2024-01-31 05:00:00,954.2605506150556
2024-01-31 08:00:00,427.45082602398503
2024-01-31 11:00:00,0.0
2024-01-31 14:00:00,0.0
2024-01-31 17:00:00,0.0
2024-01-31 20:00:00,0.0
2024-01-31 23:00:00,31.23148697148788
2024-02-01 02:00:00,795.8690308416844
2024-02-01 05:00:00,956.3677066522796
2024-02-01 08:00:00,429.96408877003813
2024-02-01 11:00:00,0.0
2024-02-01 14:00:00,0.0
2024-02-01 17:00:00,0.0
2024-02-01 20:00:00,0.0
2024-02-01 23:00:00,32.78228382932207
2024-02-02 02:00:00,797.3395493838048
2024-02-02 05:00:00,958.4718997926417
2024-02-02 08:00:00,432.43407416184635
2024-02-02 11:00:00,0.0
2024-02-02 14:00:00,0.0
2024-02-02 17:00:00,0.0
2024-02-02 20:00:00,0.0
2024-02-02 23:00:00,34.43378525726304
2024-02-03 02:00:00,798.8588386049448
2024-02-03 05:00:00,960.57061166407
2024-02-03 08:00:00,434.85894620793624
2024-02-03 11:00:00,0.0
2024-02-03 14:00:00,0.0
2024-02-03 17:00:00,0.0
2024-02-03 20:00:00,0.0
2024-02-03 23:00:00,36.18565454863672
2024-02-04 02:00:00,800.4245492556227
2024-02-04 05:00:00,962.6613202983929
2024-02-04 08:00:00,437.23689754547314
2024-02-04 11:00:00,0.0
2024-02-04 14:00:00,0.0
2024-02-04 17:00:00,0.0
2024-02-04 20:00:00,0.0
2024-02-04 23:00:00,38.03715212340239
2024-02-05 02:00:00,802.0343127269529
2024-02-05 05:00:00,964.7414966114922
2024-02-05 08:00:00,439.566134791724
2024-02-05 11:00:00,0.0
2024-02-05 14:00:00,0.0
2024-02-05 17:00:00,0.0
2024-02-05 20:00:00,0.0
2024-02-05 23:00:00,39.98713851436051
2024-02-06 02:00:00,803.6857493694475
2024-02-06 05:00:00,966.8086025805924
2024-02-06 08:00:00,441.84486671846525
2024-02-06 11:00:00,0.0
2024-02-06 14:00:00,0.0
2024-02-06 17:00:00,0.0
2024-02-06 20:00:00,0.0
2024-02-06 23:00:00,42.03408812233576
2024-02-07 02:00:00,805.3764782940957
2024-02-07 05:00:00,968.8600941213745
2024-02-07 08:00:00,444.0713000573494
2024-02-07 11:00:00,0.0
2024-02-07 14:00:00,0.0
2024-02-07 17:00:00,0.0
2024-02-07 20:00:00,0.0
2024-02-07 23:00:00,44.17611180162767
2024-02-08 02:00:00,807.1041278176511
2024-02-08 05:00:00,970.8934308924197
2024-02-08 08:00:00,446.24364773119106
2024-02-08 11:00:00,0.0
2024-02-08 14:00:00,0.0
2024-02-08 17:00:00,0.0
2024-02-08 20:00:00,0.0
2024-02-08 23:00:00,46.4109832101352
2024-02-09 02:00:00,808.8663434885168
2024-02-09 05:00:00,972.9060924486585
2024-02-09 08:00:00,448.36015103232717
2024-02-09 11:00:00,0.0
2024-02-09 14:00:00,0.0
2024-02-09 17:00:00,0.0
2024-02-09 20:00:00,0.0
2024-02-09 23:00:00,48.73616226033421
2024-02-10 02:00:00,810.6607890269123
2024-02-10 05:00:00,974.8955966180562
2024-02-10 08:00:00,450.41911170308725
2024-02-10 11:00:00,0.0
2024-02-10 14:00:00,0.0
2024-02-10 17:00:00,0.0
2024-02-10 20:00:00,0.0
2024-02-10 23:00:00,51.148810561257775
2024-02-11 02:00:00,812.4851370377904
2024-02-11 05:00:00,976.8595145406648
2024-02-11 08:00:00,452.418926328534
2024-02-11 11:00:00,0.0
2024-02-11 14:00:00,0.0
2024-02-11 17:00:00,0.0
2024-02-11 20:00:00,0.0
2024-02-11 23:00:00,53.64579852158946
2024-02-12 02:00:00,814.3370505752857
2024-02-12 05:00:00,978.7954788052731
2024-02-12 08:00:00,454.35811520063936
2024-02-12 11:00:00,0.0
2024-02-12 14:00:00,0.0
2024-02-12 17:00:00,0.0
2024-02-12 20:00:00,0.0
2024-02-12 23:00:00,56.22370985386763
2024-02-13 02:00:00,816.2141612220676
2024-02-13 05:00:00,980.7011856108197
2024-02-13 08:00:00,456.2353424856868
2024-02-13 11:00:00,0.0
2024-02-13 14:00:00,0.0
2024-02-13 17:00:00,0.0
2024-02-13 20:00:00,0.0
2024-02-13 23:00:00,58.878851959511266
2024-02-14 02:00:00,818.1140515967212
2024-02-14 05:00:00,982.5743955346247
2024-02-14 08:00:00,458.04942940255245
2024-02-14 11:00:00,0.0
2024-02-14 14:00:00,0.0
2024-02-14 17:00:00,0.0
2024-02-14 20:00:00,0.0
2024-02-14 23:00:00,61.60727907705363
2024-02-15 02:00:00,819.4701277675797
2024-02-15 05:00:00,983.8513783925051
2024-02-15 08:00:00,459.23646354082393
2024-02-15 11:00:00,0.0
2024-02-15 14:00:00,0.0
2024-02-15 17:00:00,0.0
2024-02-15 20:00:00,0.0
2024-02-15 23:00:00,64.04285777448219
2024-02-16 02:00:00,820.2925304535842
2024-02-16 05:00:00,984.5411064500523
2024-02-16 08:00:00,459.8137185674048
2024-02-16 11:00:00,0.0
2024-02-16 14:00:00,0.0
2024-02-16 17:00:00,0.0
2024-02-16 20:00:00,0.0
2024-02-16 23:00:00,66.18383906616957
2024-02-17 02:00:00,821.1469388595633
2024-02-17 05:00:00,985.2067702140971
2024-02-17 08:00:00,460.349204708322
2024-02-17 11:00:00,0.0
2024-02-17 14:00:00,0.0
2024-02-17 17:00:00,0.0
2024-02-17 20:00:00,0.0
2024-02-17 23:00:00,68.38948055734828
2024-02-18 02:00:00,822.0306336960708
2024-02-18 05:00:00,985.8463910954845
2024-02-18 08:00:00,460.84212247000477
2024-02-18 11:00:00,0.0
2024-02-18 14:00:00,0.0
2024-02-18 17:00:00,0.0
2024-02-18 20:00:00,0.0
2024-02-18 23:00:00,70.65632259080583
2024-02-19 02:00:00,822.9408718870914
2024-02-19 05:00:00,986.4580816911074
2024-02-19 08:00:00,461.2918448011403
2024-02-19 11:00:00,0.0
2024-02-19 14:00:00,0.0
2024-02-19 17:00:00,0.0
2024-02-19 20:00:00,0.0
2024-02-19 23:00:00,72.98087484927316
2024-02-20 02:00:00,823.8748993465347
2024-02-20 05:00:00,987.0400439095979
2024-02-20 08:00:00,461.69790036810423
2024-02-20 11:00:00,0.0
2024-02-20 14:00:00,0.0
2024-02-20 17:00:00,0.0
2024-02-20 20:00:00,0.0
2024-02-20 23:00:00,75.35964060162478
2024-02-21 02:00:00,824.8299625551158
2024-02-21 05:00:00,987.5905644508947
2024-02-21 08:00:00,462.05995398133734
2024-02-21 11:00:00,0.0
2024-02-21 14:00:00,0.0
2024-02-21 17:00:00,0.0
2024-02-21 20:00:00,0.0
2024-02-21 23:00:00,77.78913903523048
2024-02-22 02:00:00,825.8033192012215
2024-02-22 05:00:00,988.1080099869321
2024-02-22 08:00:00,462.3777877517284
2024-02-22 11:00:00,0.0
2024-02-22 14:00:00,0.0
