,id,device_id,active_power,direct_power,charge_capacity,date_time,T,Po,U,Ff,VV,Td,RRR,DDN
0,19038,6,31.25,31.67,20.3,2023-09-14 08:00:00,27.5,753.7,83.0,0.0,4.9,24.4,0.0,12.0
5,19128,6,65.24,66.29,195.2,2023-09-14 11:00:00,31.2,754.1,60.0,2.0,18.0,22.5,0.0,6.0
10,19218,6,77.74,79.08,444.6,2023-09-14 14:00:00,31.2,753.3,63.0,3.0,19.0,23.3,0.0,6.0
15,19308,6,11.43,11.73,565.7,2023-09-14 17:00:00,28.6,753.7,75.0,5.0,19.0,23.7,0.0,4.0
20,19398,6,0.0,0.0,568.1,2023-09-14 20:00:00,28.0,755.0,79.0,2.0,19.0,24.0,0.0,4.0
25,19488,6,0.0,0.0,568.1,2023-09-14 23:00:00,27.7,755.5,82.0,2.0,19.0,24.3,0.0,4.0
30,19578,6,0.0,0.0,0.0,2023-09-15 02:00:00,27.2,754.6,86.0,2.0,17.0,24.7,0.0,4.0
35,19668,6,0.0,0.0,0.0,2023-09-15 05:00:00,26.7,754.3,86.0,1.0,18.0,24.2,0.0,4.0
40,19758,6,16.76,17.11,20.1,2023-09-15 08:00:00,27.9,755.4,83.0,2.0,7.0,24.7,0.0,12.0
45,19848,6,52.47,53.22,112.9,2023-09-15 11:00:00,32.0,755.1,58.0,1.0,18.0,22.7,0.0,6.0
50,19938,6,48.47,49.18,348.8,2023-09-15 14:00:00,31.5,753.9,67.0,4.0,18.0,24.6,0.0,5.0
55,19983,6,7.9,8.22,440.4,2023-09-15 17:00:00,29.7,753.8,79.0,3.0,20.0,25.7,0.0,4.0
60,21208,6,0.0,0.0,443.8,2023-09-15 20:00:00,28.3,755.1,83.0,2.0,17.0,25.1,0.0,5.0
65,21298,6,0.0,0.0,443.8,2023-09-15 23:00:00,27.9,755.3,85.0,1.0,20.0,25.1,0.0,8.0
70,21388,6,0.0,0.0,0.0,2023-09-16 02:00:00,26.7,754.9,89.0,1.0,8.0,24.7,0.0,9.0
75,21478,6,0.0,0.0,0.0,2023-09-16 05:00:00,26.3,754.8,91.0,1.0,5.0,24.7,0.0,12.0
80,21568,6,14.2,14.56,17.6,2023-09-16 08:00:00,27.8,755.7,84.0,0.0,13.0,24.8,0.0,9.0
85,21658,6,48.18,48.93,110.4,2023-09-16 11:00:00,29.0,755.9,78.0,1.0,10.0,24.8,0.0,11.0
90,21748,6,29.67,30.12,226.6,2023-09-16 14:00:00,30.1,754.5,73.0,1.0,10.0,24.7,0.0,7.0
95,21838,6,17.39,17.7,279.5,2023-09-16 17:00:00,31.1,754.0,70.0,1.0,10.0,25.0,0.0,3.0
100,21928,6,0.0,0.0,287.1,2023-09-16 20:00:00,27.9,754.7,74.0,1.0,16.0,22.8,0.0,12.0
105,22018,6,0.0,0.0,287.1,2023-09-16 23:00:00,26.6,755.2,80.0,2.0,19.0,22.9,0.0,12.0
110,22108,6,0.0,0.0,0.0,2023-09-17 02:00:00,25.7,754.8,85.0,1.0,12.0,23.0,0.0,11.0
115,22198,6,0.0,0.0,0.0,2023-09-17 05:00:00,24.8,754.6,90.0,2.0,6.0,23.0,0.0,12.0
120,22288,6,38.26,38.78,31.1,2023-09-17 08:00:00,26.9,755.8,80.0,1.0,18.0,23.2,0.0,11.0
125,22378,6,85.57,87.01,221.1,2023-09-17 11:00:00,32.3,755.5,60.0,1.0,19.0,23.5,0.0,8.0
130,22468,6,68.22,69.3,427.6,2023-09-17 14:00:00,32.1,754.0,66.0,4.0,13.0,24.9,0.0,5.0
135,22558,6,4.52,4.84,542.3,2023-09-17 17:00:00,29.7,754.3,80.0,2.0,11.0,25.9,0.0,6.0
140,22648,6,0.0,0.0,545.9,2023-09-17 20:00:00,28.7,755.3,86.0,2.0,7.0,26.1,0.0,4.0
145,22738,6,0.0,0.0,545.9,2023-09-17 23:00:00,27.8,755.9,74.0,1.0,19.0,22.7,0.0,2.0
150,22828,6,0.0,0.0,0.0,2023-09-18 02:00:00,27.4,755.5,83.0,1.0,12.0,24.3,0.0,0.0
155,22918,6,0.0,0.0,0.0,2023-09-18 05:00:00,26.3,755.5,87.0,1.0,11.0,24.0,0.0,12.0
160,23008,6,38.21,38.76,30.8,2023-09-18 08:00:00,28.0,756.7,86.0,1.0,3.8,25.4,0.0,10.0
165,23098,6,79.98,81.31,177.4,2023-09-18 11:00:00,32.0,756.4,63.0,2.0,12.0,24.1,0.0,10.0
170,23188,6,68.76,69.89,419.4,2023-09-18 14:00:00,32.7,755.2,63.0,3.0,14.0,24.7,0.0,5.0
175,23273,6,8.73,9.05,540.3,2023-09-18 17:00:00,30.3,755.5,71.0,3.0,19.0,24.5,0.0,5.0
180,23363,6,0.0,0.0,544.2,2023-09-18 20:00:00,28.7,756.9,77.0,2.0,20.0,24.3,0.0,5.0
185,23453,6,0.0,0.0,544.2,2023-09-18 23:00:00,28.1,757.3,81.0,1.0,20.0,24.5,0.0,8.0
190,23543,6,0.0,0.0,0.0,2023-09-19 02:00:00,27.1,756.5,83.0,1.0,19.0,24.0,0.0,12.0
195,23633,6,0.0,0.0,0.0,2023-09-19 05:00:00,25.8,755.9,92.0,2.0,3.0,24.4,0.0,12.0
200,23723,6,39.26,39.82,32.8,2023-09-19 08:00:00,28.0,757.2,81.0,1.0,7.0,24.4,0.0,12.0
205,23813,6,83.9,85.35,221.0,2023-09-19 11:00:00,32.4,756.9,60.0,2.0,19.0,23.6,0.0,6.0
210,23903,6,73.65,74.94,470.0,2023-09-19 14:00:00,32.3,755.7,61.0,2.0,19.0,23.8,0.0,7.0
215,23993,6,12.81,13.07,598.1,2023-09-19 17:00:00,30.0,755.5,74.0,3.0,20.0,24.9,0.0,6.0
220,24083,6,0.0,0.0,602.9,2023-09-19 20:00:00,28.5,756.4,80.0,1.0,19.0,24.7,0.0,6.0
225,24173,6,0.0,0.0,602.9,2023-09-19 23:00:00,28.2,756.3,81.0,2.0,20.0,24.6,0.0,9.0
230,24263,6,0.0,0.0,0.0,2023-09-20 02:00:00,27.0,755.5,85.0,1.0,20.0,24.3,0.0,12.0
235,24353,6,0.0,0.0,0.0,2023-09-20 05:00:00,26.2,755.5,91.0,2.0,6.0,24.6,0.0,12.0
240,24443,6,37.32,37.85,31.0,2023-09-20 08:00:00,28.2,755.9,80.0,1.0,17.0,24.4,0.0,12.0
245,24533,6,66.13,67.19,210.1,2023-09-20 11:00:00,31.5,755.1,61.0,1.0,19.0,23.1,0.0,9.0
250,24623,6,64.69,65.65,416.1,2023-09-20 14:00:00,32.0,753.5,64.0,3.0,18.0,24.3,0.0,6.0
255,24713,6,8.74,9.0,527.7,2023-09-20 17:00:00,29.7,753.7,78.0,3.0,19.0,25.4,0.0,4.0
260,24803,6,0.0,0.0,531.3,2023-09-20 20:00:00,28.5,754.9,83.0,2.0,16.0,25.3,0.0,3.0
265,24893,6,0.0,0.0,531.3,2023-09-20 23:00:00,28.4,755.3,84.0,1.0,13.0,25.4,0.0,7.0
270,24983,6,0.0,0.0,0.0,2023-09-21 02:00:00,27.1,754.9,89.0,0.0,8.0,25.1,0.0,0.0
275,25073,6,0.0,0.0,0.0,2023-09-21 05:00:00,26.4,754.9,93.0,1.0,6.0,25.2,0.0,12.0
280,25163,6,42.61,43.24,29.8,2023-09-21 08:00:00,29.4,756.1,78.0,1.0,4.7,25.2,0.0,3.0
285,25253,6,79.57,80.95,224.5,2023-09-21 11:00:00,32.6,756.0,63.0,2.0,11.0,24.6,0.0,4.0
290,25343,6,67.84,68.95,465.9,2023-09-21 14:00:00,32.6,754.6,63.0,4.0,19.0,24.6,0.0,5.0
295,25433,6,4.87,5.2,577.4,2023-09-21 17:00:00,30.3,755.1,74.0,4.0,20.0,25.1,0.0,4.0
300,25523,6,0.0,0.0,579.4,2023-09-21 20:00:00,28.5,756.1,83.0,4.0,13.0,25.3,0.0,3.0
305,25613,6,0.0,0.0,579.4,2023-09-21 23:00:00,28.1,756.4,82.0,4.0,15.0,24.7,0.0,3.0
310,25703,6,0.0,0.0,0.0,2023-09-22 02:00:00,26.8,755.8,84.0,5.0,19.0,23.9,0.0,3.0
315,25793,6,0.0,0.0,0.0,2023-09-22 05:00:00,26.5,756.1,85.0,1.0,16.0,23.8,0.0,3.0
320,25883,6,41.51,42.05,28.2,2023-09-22 08:00:00,25.4,757.0,95.0,0.0,8.0,24.5,0.7,10.0
325,25973,6,41.65,42.22,133.8,2023-09-22 11:00:00,25.6,757.3,96.0,1.0,11.0,24.9,1.0,12.0
330,26063,6,30.39,30.84,245.5,2023-09-22 14:00:00,28.8,755.7,79.0,1.0,13.0,24.8,0.5,10.0
335,26153,6,8.45,8.82,307.5,2023-09-22 17:00:00,27.9,756.1,79.0,5.0,15.0,23.9,0.0,4.0
340,26243,6,0.0,0.0,309.5,2023-09-22 20:00:00,27.0,757.4,80.0,4.0,13.0,23.3,0.0,3.0
345,26333,6,0.0,0.0,309.5,2023-09-22 23:00:00,26.6,758.0,80.0,3.0,19.0,22.9,0.0,2.0
350,26423,6,0.0,0.0,0.0,2023-09-23 02:00:00,25.6,757.0,85.0,2.0,20.0,22.9,0.0,0.0
355,26513,6,0.0,0.0,0.0,2023-09-23 05:00:00,25.0,757.0,91.0,1.0,14.0,23.4,0.1,12.0
360,26603,6,43.33,43.9,16.0,2023-09-23 08:00:00,25.1,757.9,93.0,1.0,4.9,23.9,0.2,6.0
365,26693,6,13.77,14.03,148.7,2023-09-23 11:00:00,28.0,757.6,79.0,2.0,18.0,24.0,0.3,1.0
370,26783,6,14.9,15.18,219.4,2023-09-23 14:00:00,27.7,756.4,79.0,4.0,8.0,23.7,0.2,3.0
375,26873,6,3.05,3.36,239.4,2023-09-23 17:00:00,24.7,756.7,95.0,3.0,2.4,23.8,2.0,3.0
380,26963,6,0.0,0.0,240.7,2023-09-23 20:00:00,24.3,757.7,95.0,1.0,5.0,23.4,2.0,3.0
385,27053,6,0.0,0.0,240.7,2023-09-23 23:00:00,24.5,757.9,92.0,0.0,7.0,23.1,2.0,3.0
390,27143,6,0.0,0.0,0.0,2023-09-24 02:00:00,24.1,756.9,96.0,1.0,2.4,23.4,0.0,12.0
395,27233,6,0.0,0.0,0.0,2023-09-24 05:00:00,24.2,756.6,94.0,1.0,2.0,23.2,0.0,12.0
400,27323,6,36.81,37.32,31.9,2023-09-24 08:00:00,27.8,757.4,80.0,1.0,12.0,24.0,0.0,4.0
405,27413,6,67.98,69.07,208.1,2023-09-24 11:00:00,31.4,756.9,65.0,1.0,13.0,24.0,0.0,8.0
410,27503,6,61.86,63.0,408.2,2023-09-24 14:00:00,32.1,755.2,61.0,2.0,19.0,23.6,0.0,6.0
415,27593,6,6.11,6.42,517.5,2023-09-24 17:00:00,29.5,755.4,74.0,2.0,19.0,24.4,0.0,4.0
420,27683,6,0.0,0.0,519.6,2023-09-24 20:00:00,27.7,756.4,86.0,2.0,19.0,25.1,0.0,4.0
425,27773,6,0.0,0.0,519.6,2023-09-24 23:00:00,27.4,756.7,86.0,2.0,19.0,24.8,0.0,4.0
430,27863,6,0.0,0.0,0.0,2023-09-25 02:00:00,27.0,756.1,84.0,1.0,20.0,24.1,0.0,3.0
435,27953,6,0.0,0.0,0.0,2023-09-25 05:00:00,26.0,755.8,92.0,1.0,4.1,24.6,0.0,9.0
440,28043,6,34.85,35.31,27.9,2023-09-25 08:00:00,28.0,756.9,83.0,1.0,7.0,24.8,0.0,12.0
445,28133,6,22.31,23.19,187.2,2023-09-25 11:00:00,32.1,756.4,64.0,3.0,18.0,24.4,0.0,4.0
450,28223,6,62.67,63.64,396.6,2023-09-25 14:00:00,31.4,755.1,69.0,4.0,19.0,25.0,0.0,5.0
455,28313,6,6.16,6.52,505.6,2023-09-25 17:00:00,29.6,755.6,76.0,3.0,20.0,24.9,0.0,4.0
460,28403,6,0.0,0.0,508.1,2023-09-25 20:00:00,28.3,756.7,81.0,4.0,19.0,24.7,0.0,4.0
465,28493,6,0.0,0.0,508.1,2023-09-25 23:00:00,27.5,757.0,84.0,2.0,18.0,24.6,0.0,3.0
470,28583,6,0.0,0.0,0.0,2023-09-26 02:00:00,27.0,756.5,82.0,2.0,20.0,23.7,0.0,1.0
475,28673,6,0.0,0.0,0.0,2023-09-26 05:00:00,26.8,756.4,83.0,1.0,20.0,23.7,0.0,3.0
480,28763,6,32.58,33.03,28.2,2023-09-26 08:00:00,28.5,757.6,73.0,0.0,15.0,23.2,0.0,12.0
485,28853,6,70.72,71.89,178.8,2023-09-26 11:00:00,31.9,757.0,61.0,0.0,18.0,23.4,0.0,-1.0
490,28943,6,60.97,61.86,390.9,2023-09-26 14:00:00,30.6,756.5,69.0,1.5,17.0,24.0,0.0,
495,29033,6,5.32,5.6,482.8,2023-09-26 17:00:00,29.2,756.0,77.0,3.0,16.0,24.7,0.0,4.0
500,29123,6,0.0,0.0,484.6,2023-09-26 20:00:00,28.2,757.1,82.0,4.0,17.0,24.8,0.0,3.0
505,29213,6,0.0,0.0,484.6,2023-09-26 23:00:00,27.6,757.5,77.0,2.0,19.0,23.2,0.0,2.0
510,29303,6,0.0,0.0,0.0,2023-09-27 02:00:00,26.3,756.8,82.0,1.0,18.0,23.0,0.0,0.0
515,29393,6,0.0,0.0,0.0,2023-09-27 05:00:00,25.5,756.7,83.0,0.0,16.0,22.4,0.0,0.0
520,29483,6,34.19,34.76,28.0,2023-09-27 08:00:00,28.4,757.3,72.0,2.0,16.0,22.9,0.0,0.0
525,29573,6,17.07,17.54,187.3,2023-09-27 11:00:00,30.5,756.7,63.0,2.0,16.0,22.7,0.0,6.0
530,29663,6,61.26,62.24,389.6,2023-09-27 14:00:00,30.6,755.4,66.0,3.0,19.0,23.5,0.0,5.0
535,29753,6,6.49,6.75,493.0,2023-09-27 17:00:00,29.5,755.5,73.0,3.0,16.0,24.1,0.0,4.0
540,29843,6,0.0,0.0,495.2,2023-09-27 20:00:00,28.1,756.9,80.0,4.0,18.0,24.3,0.0,4.0
545,29933,6,0.0,0.0,495.2,2023-09-27 23:00:00,27.6,757.6,80.0,3.0,16.0,23.8,0.0,2.0
550,30023,6,0.0,0.0,0.0,2023-09-28 02:00:00,26.0,756.8,84.0,2.0,13.0,23.1,0.0,3.0
555,30113,6,0.0,0.0,0.0,2023-09-28 05:00:00,25.3,756.8,88.0,1.0,8.0,23.2,0.0,9.0
560,30203,6,30.09,30.49,21.3,2023-09-28 08:00:00,27.8,758.1,77.0,1.0,9.0,23.4,0.0,9.0
565,30293,6,81.96,83.27,171.2,2023-09-28 11:00:00,31.8,757.6,60.0,2.0,17.0,23.1,0.0,3.0
570,30383,6,58.87,59.85,369.7,2023-09-28 14:00:00,32.8,756.1,58.0,5.0,18.0,23.4,0.0,4.0
575,30473,6,3.54,3.99,470.8,2023-09-28 17:00:00,30.0,756.6,66.0,3.0,19.0,23.0,0.0,4.0
580,30563,6,0.0,0.0,472.2,2023-09-28 20:00:00,28.1,757.8,80.0,4.0,19.0,24.3,0.0,4.0
585,30653,6,0.0,0.0,472.2,2023-09-28 23:00:00,27.1,758.3,79.0,2.0,19.0,23.1,0.0,0.0
590,30743,6,0.0,0.0,0.0,2023-09-29 02:00:00,26.0,757.6,84.0,1.0,18.0,23.1,0.0,6.0
595,30833,6,0.0,0.0,0.0,2023-09-29 05:00:00,25.6,757.6,82.0,2.0,15.0,22.3,0.0,6.0
600,30923,6,31.82,32.27,25.6,2023-09-29 08:00:00,27.9,758.3,72.0,3.0,16.0,22.4,0.0,0.0
605,31013,6,77.41,79.43,178.3,2023-09-29 11:00:00,31.6,757.9,60.0,1.0,18.0,22.9,0.0,1.0
610,31103,6,60.43,61.4,374.8,2023-09-29 14:00:00,32.4,756.7,58.0,3.0,19.0,23.1,0.0,5.0
615,31193,6,6.29,6.5,478.4,2023-09-29 17:00:00,29.7,756.3,67.0,3.0,19.0,22.9,0.0,4.0
620,31283,6,0.0,0.0,480.5,2023-09-29 20:00:00,27.6,756.9,80.0,2.0,19.0,23.8,0.0,6.0
625,31373,6,0.0,0.0,480.5,2023-09-29 23:00:00,27.2,757.0,84.0,2.0,16.0,24.3,0.0,12.0
630,31463,6,0.0,0.0,0.0,2023-09-30 02:00:00,25.7,755.9,86.0,2.0,9.0,23.2,0.0,12.0
635,31553,6,0.0,0.0,0.0,2023-09-30 05:00:00,24.9,755.5,90.0,2.0,8.0,23.1,0.0,12.0
640,31643,6,31.71,32.15,25.5,2023-09-30 08:00:00,26.7,756.1,81.0,2.0,12.0,23.2,0.0,11.0
645,31733,6,71.12,72.22,179.0,2023-09-30 11:00:00,32.0,755.5,58.0,1.0,19.0,22.7,0.0,7.0
650,31823,6,58.66,59.53,380.3,2023-09-30 14:00:00,33.3,753.7,59.0,2.0,18.0,24.2,0.0,5.0
655,31913,6,5.52,5.93,484.7,2023-09-30 17:00:00,30.2,753.4,69.0,2.0,18.0,23.9,0.0,5.0
660,32003,6,0.0,0.0,486.3,2023-09-30 20:00:00,28.8,755.2,77.0,3.0,17.0,24.4,0.0,4.0
665,32093,6,0.0,0.0,486.3,2023-09-30 23:00:00,24.5,756.3,97.0,2.0,5.0,24.0,73.0,11.0
670,32183,6,0.0,0.0,0.0,2023-10-01 02:00:00,24.7,755.4,94.0,1.0,19.0,23.7,73.0,12.0
675,32273,6,0.0,0.0,0.0,2023-10-01 05:00:00,23.2,755.8,93.0,2.0,7.0,22.0,74.0,2.0
680,32363,6,4.34,4.55,3.6,2023-10-01 08:00:00,23.0,757.5,97.0,0.0,2.2,22.5,83.0,0.0
685,32453,6,21.5,21.85,47.2,2023-10-01 11:00:00,24.2,757.9,87.0,1.0,7.0,21.9,14.0,3.0
690,32543,6,39.3,40.0,149.2,2023-10-01 14:00:00,23.6,757.0,86.0,2.0,19.0,21.1,14.0,3.0
695,32633,6,9.53,9.8,202.6,2023-10-01 17:00:00,24.3,756.7,79.0,2.0,19.0,20.4,12.0,6.0
700,32723,6,0.0,0.0,205.7,2023-10-01 20:00:00,24.4,757.6,73.0,3.0,18.0,19.2,,3.0
705,32813,6,0.0,0.0,205.7,2023-10-01 23:00:00,24.1,758.3,67.0,2.0,18.0,17.6,0.0,2.0
710,32903,6,0.0,0.0,0.0,2023-10-02 02:00:00,23.0,758.4,73.0,1.0,16.0,17.9,0.0,2.0
715,32993,6,0.0,0.0,0.0,2023-10-02 05:00:00,22.7,758.0,73.0,2.0,17.0,17.6,0.0,3.0
720,33083,6,45.22,45.84,31.6,2023-10-02 08:00:00,24.3,759.1,59.0,2.0,18.0,15.8,0.0,0.0
725,33173,6,85.72,87.12,240.6,2023-10-02 11:00:00,27.8,758.3,50.0,2.0,19.0,16.4,0.0,3.0
730,33263,6,45.08,48.84,490.3,2023-10-02 14:00:00,27.9,756.7,58.0,4.0,19.0,18.9,0.0,4.0
735,33353,6,5.11,5.54,609.3,2023-10-02 17:00:00,26.2,757.0,58.0,4.0,20.0,17.3,0.0,4.0
740,33443,6,0.0,0.0,611.5,2023-10-02 20:00:00,25.3,758.1,61.0,3.0,20.0,17.2,0.0,3.0
745,33533,6,0.0,0.0,611.5,2023-10-02 23:00:00,24.2,758.1,69.0,1.0,18.0,18.2,0.0,1.0
750,33623,6,0.0,0.0,0.0,2023-10-03 02:00:00,22.6,756.8,74.0,1.0,17.0,17.7,0.0,12.0
755,33713,6,0.0,0.0,0.0,2023-10-03 05:00:00,21.5,756.4,84.0,2.0,10.0,18.7,0.0,6.0
760,33803,6,41.66,42.2,32.6,2023-10-03 08:00:00,24.0,757.2,69.0,2.0,18.0,18.0,0.0,12.0
765,33893,6,95.0,96.88,237.1,2023-10-03 11:00:00,28.8,756.7,57.0,2.0,18.0,19.4,0.0,1.0
770,33983,6,69.64,70.83,477.0,2023-10-03 14:00:00,31.1,754.5,51.0,1.0,18.0,19.8,0.0,4.0
775,34073,6,6.77,7.01,596.3,2023-10-03 17:00:00,28.0,754.6,67.0,4.0,19.0,21.3,0.0,4.0
780,34163,6,0.0,0.0,598.6,2023-10-03 20:00:00,26.3,755.7,73.0,4.0,18.0,21.1,0.0,3.0
785,34253,6,0.0,0.0,598.6,2023-10-03 23:00:00,24.9,756.4,75.0,3.0,19.0,20.2,0.0,3.0
790,34343,6,0.0,0.0,0.0,2023-10-04 02:00:00,23.4,755.6,81.0,2.0,20.0,20.0,0.0,3.0
795,34433,6,0.0,0.0,0.0,2023-10-04 05:00:00,23.3,755.3,83.0,1.0,18.0,20.3,0.0,3.0
800,34523,6,38.57,39.12,29.1,2023-10-04 08:00:00,26.0,756.3,70.0,3.0,16.0,20.1,0.0,0.0
805,34613,6,84.47,85.91,220.7,2023-10-04 11:00:00,29.5,755.2,57.0,4.0,19.0,20.1,0.0,2.0
810,34703,6,32.54,33.03,461.2,2023-10-04 14:00:00,30.0,753.9,56.0,4.0,19.0,20.3,0.0,3.0
815,34793,6,6.25,6.58,576.4,2023-10-04 17:00:00,28.5,754.3,58.0,3.0,20.0,19.4,0.0,0.0
820,34883,6,0.0,0.0,578.3,2023-10-04 20:00:00,26.5,755.8,64.0,2.0,20.0,19.1,0.0,1.0
825,34973,6,0.0,0.0,578.3,2023-10-04 23:00:00,25.7,756.7,62.0,5.0,20.0,17.9,0.0,2.0
830,35063,6,0.0,0.0,0.0,2023-10-05 02:00:00,24.8,756.1,61.0,2.0,20.0,16.8,0.0,1.0
835,35153,6,0.0,0.0,0.0,2023-10-05 05:00:00,24.4,755.9,62.0,3.0,20.0,16.7,0.0,1.0
840,35243,6,8.44,8.68,8.8,2023-10-05 08:00:00,24.3,758.0,51.0,3.0,20.0,13.5,0.0,1.0
845,35333,6,12.03,12.29,57.2,2023-10-05 11:00:00,25.7,758.0,50.0,2.0,19.0,14.5,0.0,2.0
850,35423,6,8.21,8.44,105.7,2023-10-05 14:00:00,23.3,756.9,74.0,4.0,9.0,18.4,0.0,3.0
855,35513,6,2.47,2.62,124.2,2023-10-05 17:00:00,23.3,757.4,72.0,2.0,15.0,18.0,0.2,0.0
860,35603,6,0.0,0.0,124.9,2023-10-05 20:00:00,23.1,758.6,62.0,4.0,18.0,15.4,0.2,2.0
865,35693,6,0.0,0.0,124.9,2023-10-05 23:00:00,22.7,758.9,58.0,3.0,19.0,14.0,0.2,1.0
870,35783,6,0.0,0.0,0.0,2023-10-06 02:00:00,22.2,758.4,60.0,2.0,19.0,14.1,0.2,2.0
875,35873,6,0.0,0.0,0.0,2023-10-06 05:00:00,20.6,758.6,68.0,3.0,19.0,14.5,0.0,0.0
880,35963,6,4.18,4.48,3.7,2023-10-06 08:00:00,20.8,759.9,70.0,2.0,18.0,15.1,0.0,6.0
885,36053,6,17.16,17.42,58.6,2023-10-06 11:00:00,21.1,759.9,70.0,2.0,19.0,15.4,0.0,0.0
890,36143,6,12.92,13.16,109.5,2023-10-06 14:00:00,21.1,758.3,72.0,3.0,19.0,15.9,0.0,3.0
895,36233,6,3.3,3.63,134.6,2023-10-06 17:00:00,21.1,758.5,72.0,3.0,20.0,15.9,0.0,0.0
900,36323,6,0.0,0.0,135.2,2023-10-06 20:00:00,19.6,759.5,84.0,3.0,19.0,16.8,0.5,1.0
905,36413,6,0.0,0.0,135.2,2023-10-06 23:00:00,19.8,759.5,80.0,3.0,20.0,16.3,0.5,3.0
910,36503,6,0.0,0.0,0.0,2023-10-07 02:00:00,17.8,759.1,94.0,2.0,9.0,16.8,5.0,9.0
915,36593,6,0.0,0.0,0.0,2023-10-07 05:00:00,17.6,758.6,95.0,2.0,4.1,16.8,8.0,6.0
920,36683,6,2.94,3.36,2.2,2023-10-07 08:00:00,17.9,759.7,95.0,1.0,7.0,17.1,16.0,12.0
925,36803,6,1.04,1.3,367.7,2023-12-11 17:00:00,19.7,757.3,82.0,4.0,3.9,16.5,0.0,4.0
930,36893,6,0.0,0.0,367.8,2023-12-11 20:00:00,18.0,760.0,88.0,3.0,2.5,16.0,0.0,3.0
935,36983,6,0.0,0.0,367.8,2023-12-11 23:00:00,15.8,760.5,85.0,3.0,8.0,13.3,0.0,4.0
940,37073,6,0.0,0.0,0.0,2023-12-12 02:00:00,14.7,760.8,91.0,3.0,3.4,13.2,0.0,4.0
945,37163,6,0.0,0.0,0.0,2023-12-12 05:00:00,13.0,761.5,89.0,3.0,4.2,11.2,0.0,4.0
950,37253,6,2.05,2.54,0.4,2023-12-12 08:00:00,11.7,763.4,96.0,2.0,2.6,11.1,2.0,4.0
955,37343,6,21.66,21.98,25.2,2023-12-12 11:00:00,13.2,764.2,86.0,1.0,6.0,10.9,2.0,5.0
960,37433,6,22.0,22.36,139.3,2023-12-12 14:00:00,14.1,763.1,77.0,3.0,11.0,10.1,2.0,5.0
965,37523,6,0.03,0.55,170.9,2023-12-12 17:00:00,13.6,764.0,71.0,2.0,15.0,8.4,2.0,4.0
970,37613,6,0.0,0.0,170.9,2023-12-12 20:00:00,12.8,765.4,69.0,4.0,17.0,7.3,0.0,3.0
975,37703,6,0.0,0.0,170.9,2023-12-12 23:00:00,11.6,765.8,72.0,4.0,13.0,6.7,0.0,3.0
980,37793,6,0.0,0.0,0.0,2023-12-13 02:00:00,10.4,765.8,76.0,3.0,6.0,6.4,0.0,2.0
985,37883,6,0.0,0.0,0.0,2023-12-13 05:00:00,9.9,765.7,77.0,2.0,5.0,6.1,0.0,4.0
990,37973,6,4.9,5.22,2.2,2023-12-13 08:00:00,11.0,766.8,75.0,0.0,5.0,6.6,0.0,6.0
995,38063,6,24.23,24.57,45.4,2023-12-13 11:00:00,13.5,766.4,71.0,1.0,4.9,8.4,0.0,11.0
1000,38153,6,30.71,31.11,143.0,2023-12-13 14:00:00,16.4,764.1,60.0,2.0,8.0,8.6,0.0,11.0
1005,38243,6,0.66,1.26,189.2,2023-12-13 17:00:00,15.7,763.6,66.0,0.0,7.0,9.4,0.0,-1.0
1010,38333,6,0.0,0.0,189.2,2023-12-13 20:00:00,15.5,764.2,72.0,0.0,6.0,10.5,0.0,-1.0
1015,38423,6,0.0,0.0,189.2,2023-12-13 23:00:00,15.3,763.9,79.0,1.0,3.9,11.7,0.0,1.0
1020,38513,6,0.0,0.0,0.0,2023-12-14 02:00:00,15.2,763.6,81.0,0.0,3.3,12.0,0.0,0.0
1025,38603,6,0.0,0.0,0.0,2023-12-14 05:00:00,15.3,762.8,81.0,1.0,3.6,12.1,0.0,11.0
1030,38693,6,17.94,18.24,6.2,2023-12-14 08:00:00,16.3,763.3,80.0,2.0,6.0,12.8,0.0,12.0
1035,38783,6,28.92,29.31,71.9,2023-12-14 11:00:00,20.6,763.0,69.0,2.0,15.0,14.7,0.0,12.0
1040,38873,6,50.57,51.18,196.9,2023-12-14 14:00:00,24.3,760.4,63.0,3.0,6.0,16.8,0.0,4.0
1045,38963,6,0.61,0.91,263.6,2023-12-14 17:00:00,20.4,760.0,84.0,2.0,5.0,17.6,0.0,3.0
1050,39053,6,0.0,0.0,263.6,2023-12-14 20:00:00,18.2,760.5,91.0,1.0,3.5,16.7,0.0,3.0
1055,39143,6,0.0,0.0,263.6,2023-12-14 23:00:00,17.2,760.3,96.0,0.0,1.6,16.6,0.0,12.0
1060,39233,6,0.0,0.0,0.0,2023-12-15 02:00:00,17.1,759.0,97.0,1.0,1.0,16.6,0.0,9.0
1065,39323,6,0.0,0.0,0.0,2023-12-15 05:00:00,16.8,758.2,98.0,1.0,0.6,16.5,0.0,12.0
1070,39413,6,3.04,3.38,1.4,2023-12-15 08:00:00,17.0,759.1,99.0,1.0,0.4,16.8,0.0,12.0
1075,39503,6,21.32,21.62,39.2,2023-12-15 11:00:00,18.3,758.5,97.0,1.0,2.2,17.8,0.0,8.0
1080,39593,6,26.59,26.94,126.5,2023-12-15 14:00:00,20.5,756.8,84.0,3.0,2.6,17.7,0.0,4.0
1085,39683,6,0.0,0.0,143.8,2023-12-15 17:00:00,16.8,759.1,94.0,4.0,2.5,15.8,0.0,4.0
1090,39773,6,0.0,0.0,143.8,2023-12-15 20:00:00,13.5,761.7,97.0,4.0,1.7,13.0,0.4,4.0
1095,39863,6,0.0,0.0,143.8,2023-12-15 23:00:00,11.3,762.9,97.0,3.0,1.8,10.8,2.0,4.0
1100,39953,6,0.0,0.0,0.0,2023-12-16 02:00:00,9.9,764.2,90.0,5.0,11.0,8.3,4.0,3.0
1105,40043,6,0.0,0.0,0.0,2023-12-16 05:00:00,7.0,766.3,81.0,2.0,20.0,4.0,7.0,3.0
1110,40133,6,5.19,5.74,1.8,2023-12-16 08:00:00,6.3,767.8,86.0,3.0,19.0,4.1,10.0,0.0
1115,40223,6,6.43,6.73,15.1,2023-12-16 11:00:00,6.4,769.3,78.0,3.0,15.0,2.8,9.0,3.0
1120,40313,6,4.99,5.35,40.6,2023-12-16 14:00:00,6.6,769.0,69.0,2.0,18.0,1.3,7.0,6.0
1125,40403,6,0.0,0.07,50.1,2023-12-16 17:00:00,5.9,770.2,67.0,2.0,14.0,0.2,4.0,0.0
1130,40493,6,0.0,0.0,50.1,2023-12-16 20:00:00,5.3,771.7,61.0,2.0,11.0,-1.6,0.6,3.0
1135,40583,6,0.0,0.0,50.1,2023-12-16 23:00:00,4.6,772.3,52.0,2.0,14.0,-4.4,0.6,3.0
1140,40673,6,0.0,0.0,0.0,2023-12-17 02:00:00,4.1,772.6,46.0,4.0,18.0,-6.5,0.2,3.0
1145,40763,6,0.0,0.0,0.0,2023-12-17 05:00:00,3.7,772.3,47.0,2.0,16.0,-6.6,0.1,0.0
1150,40853,6,10.79,11.14,4.0,2023-12-17 08:00:00,3.7,773.5,46.0,3.0,14.0,-7.1,0.1,3.0
1155,40943,6,96.53,97.84,67.8,2023-12-17 11:00:00,5.1,773.3,42.0,3.0,12.0,-6.8,0.0,0.0
1160,41033,6,24.94,25.35,150.0,2023-12-17 14:00:00,6.2,771.2,44.0,3.0,12.0,-5.4,0.0,1.0
1165,41123,6,0.52,1.12,183.8,2023-12-17 17:00:00,5.6,771.3,50.0,3.0,9.0,-4.0,0.0,4.0
1170,41213,6,0.0,0.0,183.9,2023-12-17 20:00:00,5.1,772.1,46.0,4.0,12.0,-5.6,0.0,3.0
1175,41303,6,0.0,0.0,183.9,2023-12-17 23:00:00,4.9,771.5,48.0,2.0,13.0,-5.2,0.0,0.0
1180,41393,6,0.0,0.0,0.0,2023-12-18 02:00:00,3.8,770.9,73.0,2.0,6.0,-0.6,0.3,6.0
1185,41483,6,0.0,0.0,0.0,2023-12-18 05:00:00,3.0,769.4,92.0,2.0,3.1,1.8,1.0,9.0
1190,41573,6,0.8,1.22,0.2,2023-12-18 08:00:00,4.5,769.6,90.0,1.0,5.0,3.0,1.0,6.0
1195,41663,6,5.01,5.35,12.2,2023-12-18 11:00:00,5.5,768.4,95.0,2.0,3.2,4.8,2.0,12.0
1200,41753,6,6.84,7.25,33.3,2023-12-18 14:00:00,7.0,766.0,96.0,2.0,2.5,6.4,1.0,11.0
1205,41843,6,0.0,0.07,42.6,2023-12-18 17:00:00,7.6,765.7,98.0,2.0,1.4,7.3,1.0,12.0
1210,41933,6,0.0,0.0,42.6,2023-12-18 20:00:00,8.0,765.1,98.0,2.0,1.6,7.7,2.0,12.0
1215,42023,6,0.0,0.0,42.6,2023-12-18 23:00:00,8.7,765.3,98.0,3.0,3.2,8.4,4.0,12.0
1220,42113,6,0.0,0.0,0.0,2023-12-19 02:00:00,8.2,765.0,93.0,2.0,10.0,7.1,6.0,6.0
1225,42203,6,0.0,0.0,0.0,2023-12-19 05:00:00,8.4,764.7,89.0,1.0,18.0,6.7,5.0,0.0
1230,42293,6,3.37,3.7,1.2,2023-12-19 08:00:00,7.7,766.0,84.0,2.0,20.0,5.2,5.0,0.0
1235,42378,6,16.77,17.1,32.9,2023-12-19 11:00:00,8.6,766.3,71.0,2.0,20.0,3.6,2.0,6.0
1240,42468,6,8.86,9.27,65.0,2023-12-19 14:00:00,7.4,765.2,81.0,5.0,11.0,4.4,0.4,6.0
1245,42538,6,0.0,0.15,78.8,2023-12-19 17:00:00,6.5,766.6,90.0,1.0,17.0,5.0,3.0,6.0
1250,42553,6,0.0,0.0,78.8,2023-12-19 20:00:00,6.4,767.7,89.0,2.0,14.0,4.7,3.0,6.0
1255,42568,6,0.0,0.0,78.8,2023-12-19 23:00:00,6.0,768.3,90.0,1.0,13.0,4.5,4.0,6.0
1260,42583,6,0.0,0.0,0.0,2023-12-20 02:00:00,6.5,768.2,80.0,3.0,20.0,3.3,3.0,9.0
1265,42598,6,0.0,0.0,0.0,2023-12-20 05:00:00,6.4,768.0,75.0,1.0,20.0,2.3,0.7,6.0
1270,42613,6,5.28,5.77,2.2,2023-12-20 08:00:00,6.7,769.0,71.0,1.0,19.0,1.8,0.5,1.0
1275,42628,6,20.65,21.05,39.1,2023-12-20 11:00:00,7.6,769.6,70.0,1.0,18.0,2.5,0.0,0.0
1280,42643,6,24.39,24.83,107.7,2023-12-20 14:00:00,8.4,768.0,63.0,2.0,16.0,1.8,0.0,6.0
1285,42658,6,1.25,1.66,140.5,2023-12-20 17:00:00,7.4,768.7,61.0,1.0,10.0,0.4,0.0,12.0
1290,42673,6,0.0,0.0,140.6,2023-12-20 20:00:00,5.4,769.9,66.0,2.0,8.0,-0.6,0.0,6.0
1295,42688,6,0.0,0.0,140.6,2023-12-20 23:00:00,4.2,770.9,59.0,3.0,7.0,-3.1,0.0,0.0
1300,42703,6,0.0,0.0,0.0,2023-12-21 02:00:00,2.7,771.1,56.0,1.0,10.0,-5.2,0.0,6.0
1305,42718,6,0.0,0.0,0.0,2023-12-21 05:00:00,2.2,771.2,49.0,1.0,10.0,-7.4,0.0,12.0
1310,42733,6,12.36,12.66,5.5,2023-12-21 08:00:00,3.0,772.6,42.0,3.0,10.0,-8.7,0.0,0.0
1315,42748,6,67.48,68.41,142.4,2023-12-21 11:00:00,6.3,773.1,40.0,2.0,8.0,-6.3,0.0,1.0
1320,42763,6,54.21,54.92,339.7,2023-12-21 14:00:00,7.9,770.9,33.0,2.0,11.0,-7.4,0.0,12.0
1325,42778,6,1.61,1.97,419.4,2023-12-21 17:00:00,5.2,772.3,35.0,2.0,15.0,-9.0,0.0,6.0
1330,42793,6,0.0,0.0,419.6,2023-12-21 20:00:00,2.7,774.7,41.0,3.0,15.0,-9.5,0.0,0.0
1335,42808,6,0.0,0.0,419.6,2023-12-21 23:00:00,1.2,775.6,44.0,2.0,15.0,-9.7,0.0,0.0
1340,42823,6,0.0,0.0,0.0,2023-12-22 02:00:00,-0.1,775.7,47.0,2.0,15.0,-10.1,0.0,6.0
1345,42838,6,0.0,0.0,0.0,2023-12-22 05:00:00,-1.3,775.6,48.0,2.0,16.0,-10.9,0.0,6.0
1350,42853,6,12.73,13.11,5.3,2023-12-22 08:00:00,-0.3,777.1,38.0,2.0,16.0,-12.9,0.0,3.0
1355,42868,6,71.71,72.69,155.2,2023-12-22 11:00:00,3.6,776.6,26.0,3.0,15.0,-14.1,0.0,3.0
1360,42883,6,57.68,58.45,361.8,2023-12-22 14:00:00,6.2,774.7,21.0,3.0,16.0,-14.5,0.0,1.0
1365,42898,6,1.38,1.76,446.3,2023-12-22 17:00:00,3.8,775.0,44.0,3.0,17.0,-7.6,0.0,4.0
1370,42913,6,0.0,0.0,446.4,2023-12-22 20:00:00,2.8,775.9,44.0,3.0,12.0,-8.5,0.0,3.0
1375,42928,6,0.0,0.0,446.4,2023-12-22 23:00:00,1.3,776.8,41.0,3.0,16.0,-10.5,0.0,3.0
1380,42943,6,0.0,0.0,0.0,2023-12-23 02:00:00,0.6,776.1,42.0,3.0,18.0,-11.1,0.0,12.0
1385,42958,6,0.0,0.0,0.0,2023-12-23 05:00:00,0.0,774.6,54.0,3.0,14.0,-8.2,0.0,12.0
1390,42973,6,11.62,12.01,5.0,2023-12-23 08:00:00,2.0,774.4,48.0,1.0,14.0,-7.9,0.0,11.0
1395,42988,6,70.68,71.71,139.1,2023-12-23 11:00:00,8.0,773.4,46.0,3.0,16.0,-2.9,0.0,2.0
1400,43003,6,56.22,57.02,345.4,2023-12-23 14:00:00,11.4,770.9,47.0,3.0,16.0,0.5,0.0,0.0
1405,43018,6,1.3,1.67,423.0,2023-12-23 17:00:00,10.0,771.8,57.0,1.0,13.0,1.9,0.0,3.0
1410,43033,6,0.0,0.0,423.1,2023-12-23 20:00:00,8.8,772.3,62.0,3.0,12.0,1.9,0.0,3.0
1415,43048,6,0.0,0.0,423.1,2023-12-23 23:00:00,7.6,772.6,67.0,1.0,10.0,1.7,0.0,2.0
1420,43063,6,0.0,0.0,0.0,2023-12-24 02:00:00,7.3,772.1,69.0,1.0,9.0,2.0,0.0,6.0
1425,43078,6,0.0,0.0,0.0,2023-12-24 05:00:00,5.4,771.4,53.0,2.0,19.0,-3.4,0.0,0.0
1430,43093,6,11.47,11.73,4.8,2023-12-24 08:00:00,5.7,772.9,44.0,3.0,17.0,-5.6,0.0,1.0
1435,43108,6,68.9,69.92,145.5,2023-12-24 11:00:00,10.4,772.6,25.0,4.0,16.0,-8.8,0.0,2.0
1440,43123,6,54.69,55.4,347.2,2023-12-24 14:00:00,13.6,770.4,19.0,3.0,18.0,-9.6,0.0,1.0
1445,43138,6,1.59,2.1,425.9,2023-12-24 17:00:00,7.8,771.3,53.0,3.0,12.0,-1.4,0.0,4.0
1450,43153,6,0.0,0.0,426.1,2023-12-24 20:00:00,5.9,771.7,63.0,1.0,9.0,-0.6,0.0,12.0
1455,43168,6,0.0,0.0,426.1,2023-12-24 23:00:00,4.9,771.6,70.0,2.0,6.0,-0.1,0.0,11.0
1460,43183,6,0.0,0.0,0.0,2023-12-25 02:00:00,3.7,770.9,68.0,3.0,5.0,-1.7,0.0,12.0
1465,43198,6,0.0,0.0,0.0,2023-12-25 05:00:00,2.5,770.9,71.0,3.0,6.0,-2.2,0.0,12.0
1470,43213,6,11.78,12.09,4.7,2023-12-25 08:00:00,2.9,772.2,71.0,2.0,7.0,-2.0,0.0,12.0
1475,43228,6,66.68,67.54,140.2,2023-12-25 11:00:00,9.9,771.8,40.0,2.0,11.0,-3.1,0.0,4.0
1480,43243,6,50.55,51.2,335.7,2023-12-25 14:00:00,10.7,769.8,42.0,3.0,10.0,-1.7,0.0,3.0
1485,43258,6,2.43,2.82,407.5,2023-12-25 17:00:00,8.0,770.2,53.0,2.0,10.0,-1.0,0.0,4.0
1490,43273,6,0.0,0.0,407.7,2023-12-25 20:00:00,5.7,771.1,71.0,1.0,6.0,0.7,0.0,2.0
1495,43288,6,0.0,0.0,407.7,2023-12-25 23:00:00,4.5,770.9,74.0,2.0,4.0,0.3,0.0,12.0
1500,43303,6,0.0,0.0,0.0,2023-12-26 02:00:00,3.4,770.3,79.0,2.0,4.0,0.1,0.0,12.0
1505,43318,6,0.0,0.0,0.0,2023-12-26 05:00:00,2.8,769.8,81.0,3.0,4.1,-0.1,0.0,12.0
1510,43333,6,14.57,14.87,5.0,2023-12-26 08:00:00,3.9,770.5,78.0,1.0,5.0,0.4,0.0,11.0
1515,43348,6,28.77,29.16,105.8,2023-12-26 11:00:00,9.8,769.9,56.0,2.0,5.0,1.4,0.0,10.0
1520,43363,6,52.0,52.75,276.8,2023-12-26 14:00:00,15.4,767.2,47.0,1.0,11.0,4.2,0.0,8.0
1525,43378,6,1.27,1.58,346.8,2023-12-26 17:00:00,12.4,767.2,62.0,2.0,9.0,5.3,0.0,4.0
1530,43393,6,0.0,0.0,347.0,2023-12-26 20:00:00,9.5,768.2,74.0,0.0,6.0,5.1,0.0,0.0
1535,43408,6,0.0,0.0,347.0,2023-12-26 23:00:00,9.4,768.6,79.0,2.0,3.3,5.9,0.0,12.0
1540,43423,6,0.0,0.0,0.0,2023-12-27 02:00:00,8.3,767.6,82.0,2.0,2.1,5.4,0.0,12.0
1545,43438,6,0.0,0.0,0.0,2023-12-27 05:00:00,8.8,766.9,80.0,2.0,5.0,5.5,0.0,12.0
1550,43453,6,9.8,10.29,3.9,2023-12-27 08:00:00,8.9,768.2,82.0,2.0,4.3,6.0,0.0,12.0
1555,43468,6,62.45,63.25,119.2,2023-12-27 11:00:00,15.5,768.0,59.0,1.0,7.0,7.5,0.0,10.0
1560,43483,6,50.24,50.86,300.9,2023-12-27 14:00:00,18.2,766.0,58.0,3.0,6.0,9.8,0.0,4.0
1565,43498,6,1.6,2.07,375.1,2023-12-27 17:00:00,14.8,766.0,72.0,2.0,12.0,9.8,0.0,4.0
1570,43513,6,0.0,0.0,375.3,2023-12-27 20:00:00,12.2,767.0,85.0,0.0,6.0,9.8,0.0,-1.0
1575,43528,6,0.0,0.0,375.3,2023-12-27 23:00:00,10.9,766.9,90.0,1.0,4.2,9.3,0.0,11.0
1580,43543,6,0.0,0.0,0.0,2023-12-28 02:00:00,10.1,766.3,92.0,2.0,1.5,8.9,0.0,10.0
1585,43558,6,0.0,0.0,0.0,2023-12-28 05:00:00,10.1,765.9,92.0,3.0,3.2,8.9,0.0,12.0
1590,43573,6,3.66,3.86,1.6,2023-12-28 08:00:00,9.7,767.2,94.0,3.0,2.6,8.8,0.0,12.0
1595,43588,6,63.52,64.33,76.9,2023-12-28 11:00:00,15.2,767.0,74.0,2.0,5.0,10.6,0.0,10.0
1600,43603,6,51.57,52.2,266.6,2023-12-28 14:00:00,19.0,765.1,62.0,2.0,7.0,11.6,0.0,5.0
1605,43618,6,1.62,2.07,342.0,2023-12-28 17:00:00,14.7,765.7,81.0,2.0,7.0,11.5,0.0,4.0
1610,43628,6,0.0,0.0,342.2,2023-12-28 20:00:00,13.2,767.5,86.0,2.0,5.0,10.9,0.0,4.0
1615,-1,6,0.0,0.0,342.2,2023-12-28 23:00:00,11.9,767.3,90.0,1.0,4.0,10.3,0.0,12.0
1620,43643,6,0.0,0.0,0.0,2023-12-29 02:00:00,12.6,767.1,88.0,0.0,3.6,10.7,0.0,0.0
1625,-1,6,0.0,0.0,0.0,2023-12-29 05:00:00,12.3,766.4,86.0,1.0,3.5,10.0,0.0,9.0
1630,43658,6,12.08,12.5,5.6,2023-12-29 08:00:00,10.9,767.2,94.0,1.0,1.8,10.0,0.0,3.0
1635,-1,6,56.1,56.84,121.2,2023-12-29 11:00:00,15.0,766.9,70.0,1.0,3.7,9.6,0.0,5.0
1640,43678,6,48.41,49.02,296.6,2023-12-29 14:00:00,16.7,764.5,64.0,2.0,6.0,9.9,0.0,5.0
1645,43693,6,1.09,1.32,364.2,2023-12-29 17:00:00,13.0,764.2,75.0,2.0,5.0,8.7,0.0,4.0
1650,43708,6,0.0,0.0,364.3,2023-12-29 20:00:00,11.3,765.1,88.0,1.0,3.4,9.4,0.0,8.0
1655,43723,6,0.0,0.0,364.3,2023-12-29 23:00:00,10.0,764.6,94.0,1.0,1.9,9.1,0.0,12.0
1660,43738,6,0.0,0.0,0.0,2023-12-30 02:00:00,9.1,763.0,95.0,2.0,0.9,8.3,0.0,12.0
1665,43753,6,0.0,0.0,0.0,2023-12-30 05:00:00,9.0,761.5,95.0,2.0,1.2,8.2,0.0,12.0
1670,43768,6,12.37,12.63,5.8,2023-12-30 08:00:00,9.3,761.4,95.0,3.0,1.4,8.5,0.0,12.0
1675,43783,6,60.36,61.12,130.8,2023-12-30 11:00:00,15.5,760.9,68.0,2.0,3.8,9.6,0.0,11.0
1680,43798,6,22.02,22.38,294.6,2023-12-30 14:00:00,17.4,758.5,56.0,3.0,4.9,8.5,0.0,4.0
1685,43813,6,0.88,1.33,349.7,2023-12-30 17:00:00,14.8,759.1,66.0,2.0,5.0,8.5,0.0,5.0
1690,43828,6,0.0,0.0,349.8,2023-12-30 20:00:00,12.7,760.0,79.0,1.0,3.4,9.2,0.0,9.0
1695,43843,6,0.0,0.0,349.8,2023-12-30 23:00:00,13.0,760.3,83.0,1.0,2.4,10.2,0.0,12.0
1700,43858,6,0.0,0.0,0.0,2023-12-31 02:00:00,12.6,760.4,85.0,0.0,1.7,10.1,0.0,12.0
1705,43873,6,0.0,0.0,0.0,2023-12-31 05:00:00,11.2,760.9,93.0,1.0,1.2,10.1,0.0,11.0
1710,43888,6,11.48,11.82,5.4,2023-12-31 08:00:00,11.4,763.6,94.0,1.0,1.5,10.5,0.0,12.0
1715,43903,6,56.46,57.16,118.9,2023-12-31 11:00:00,16.6,764.2,68.0,1.0,2.6,10.7,0.0,7.0
1720,43918,6,42.4,43.07,281.8,2023-12-31 14:00:00,16.2,763.0,66.0,3.0,2.7,9.8,0.0,5.0
1725,43933,6,1.26,1.93,344.6,2023-12-31 17:00:00,13.0,764.6,52.0,3.0,6.0,3.4,0.0,4.0
1730,43948,6,0.0,0.0,344.7,2023-12-31 20:00:00,10.9,766.4,67.0,3.0,3.7,5.0,0.0,4.0
1735,43963,6,0.0,0.0,344.7,2023-12-31 23:00:00,10.5,767.4,64.0,2.0,2.7,3.8,0.0,2.0
1740,43978,6,0.0,0.0,0.0,2024-01-01 02:00:00,8.7,766.8,64.0,2.0,2.3,2.3,0.0,4.0
1745,43993,6,0.0,0.0,0.0,2024-01-01 05:00:00,8.1,767.0,71.0,2.0,1.8,3.0,0.0,5.0
1750,44008,6,8.7,9.21,4.6,2024-01-01 08:00:00,7.9,768.4,65.0,2.0,2.1,1.7,0.0,3.0
1755,44023,6,55.85,56.56,98.3,2024-01-01 11:00:00,11.6,768.1,51.0,2.0,5.0,1.8,0.0,2.0
1760,44038,6,49.59,50.22,276.6,2024-01-01 14:00:00,13.6,765.9,51.0,2.0,6.0,3.7,0.0,4.0
1765,44053,6,1.48,1.94,345.2,2024-01-01 17:00:00,10.4,765.6,71.0,1.0,5.0,5.4,0.0,5.0
1770,44068,6,0.0,0.0,345.4,2024-01-01 20:00:00,8.9,766.3,79.0,2.0,5.0,5.5,0.0,2.0
1775,44083,6,0.0,0.0,345.4,2024-01-01 23:00:00,7.6,766.3,83.0,1.0,4.1,4.9,0.0,12.0
1780,44098,6,0.0,0.0,0.0,2024-01-02 02:00:00,6.7,765.7,86.0,2.0,3.6,4.5,0.0,12.0
1785,44113,6,0.0,0.0,0.0,2024-01-02 05:00:00,5.7,764.7,90.0,2.0,3.4,4.2,0.0,12.0
1790,44128,6,12.66,13.0,5.5,2024-01-02 08:00:00,6.3,764.8,89.0,2.0,3.2,4.6,0.0,12.0
1795,44143,6,62.54,63.33,131.8,2024-01-02 11:00:00,13.4,764.2,56.0,0.0,5.0,4.6,0.0,4.0
1800,44158,6,49.76,50.38,318.8,2024-01-02 14:00:00,16.1,761.2,51.0,2.0,8.0,6.0,0.0,5.0
1805,44163,6,0.25,0.63,389.5,2024-01-02 17:00:00,12.5,761.5,70.0,3.0,10.0,7.2,0.0,4.0
1810,44178,6,0.0,0.0,389.5,2024-01-02 20:00:00,12.2,762.3,74.0,1.0,8.0,7.7,0.0,12.0
1815,44193,6,0.0,0.0,389.5,2024-01-02 23:00:00,11.4,762.1,83.0,2.0,5.0,8.6,0.1,12.0
1820,44208,6,0.0,0.0,0.0,2024-01-03 02:00:00,10.6,761.9,91.0,3.0,3.2,9.2,0.8,0.0
1825,44223,6,0.0,0.0,0.0,2024-01-03 05:00:00,11.0,762.3,79.0,2.0,4.5,7.5,0.8,0.0
1830,44238,6,9.6,9.87,3.1,2024-01-03 08:00:00,11.3,764.4,66.0,2.0,10.0,5.2,0.8,12.0
1835,44253,6,46.73,47.32,96.8,2024-01-03 11:00:00,12.8,765.2,53.0,4.0,20.0,3.5,0.7,6.0
1840,44268,6,51.69,52.36,273.4,2024-01-03 14:00:00,15.7,764.1,38.0,2.0,18.0,1.4,0.0,3.0
1845,44283,6,1.67,2.12,349.9,2024-01-03 17:00:00,13.5,765.2,34.0,3.0,17.0,-2.0,0.0,3.0
1850,44298,6,0.0,0.0,350.1,2024-01-03 20:00:00,11.0,766.1,44.0,3.0,12.0,-0.8,0.0,3.0
1855,44313,6,0.0,0.0,350.1,2024-01-03 23:00:00,8.5,766.6,60.0,2.0,10.0,1.2,0.0,11.0
1860,44328,6,0.0,0.0,0.0,2024-01-04 02:00:00,6.7,766.0,69.0,2.0,8.0,1.4,0.0,12.0
1865,44343,6,0.0,0.0,0.0,2024-01-04 05:00:00,5.3,765.6,77.0,2.0,5.0,1.6,0.0,12.0
1870,44358,6,11.78,12.14,5.1,2024-01-04 08:00:00,5.6,766.8,76.0,1.0,5.0,1.7,0.0,12.0
1875,44373,6,62.84,63.73,136.6,2024-01-04 11:00:00,11.8,766.6,42.0,2.0,8.0,-0.7,0.0,5.0
1880,44388,6,54.89,55.61,327.4,2024-01-04 14:00:00,13.3,764.2,31.0,2.0,10.0,-3.5,0.0,5.0
1885,44403,6,1.76,2.11,407.5,2024-01-04 17:00:00,11.1,764.1,45.0,2.0,10.0,-0.4,0.0,4.0
1890,44418,6,0.0,0.0,407.8,2024-01-04 20:00:00,8.7,765.1,64.0,0.0,5.0,2.3,0.0,0.0
1895,44433,6,0.0,0.0,407.8,2024-01-04 23:00:00,7.3,764.5,66.0,2.0,5.0,1.4,0.0,12.0
1900,44448,6,0.0,0.0,0.0,2024-01-05 02:00:00,7.2,763.6,68.0,2.0,5.0,1.7,0.0,12.0
1905,44463,6,0.0,0.0,0.0,2024-01-05 05:00:00,7.3,763.3,70.0,3.0,5.0,2.2,0.0,12.0
1910,44478,6,10.27,10.53,4.4,2024-01-05 08:00:00,9.0,763.9,65.0,2.0,6.0,2.6,0.0,12.0
1915,44493,6,45.2,45.98,105.6,2024-01-05 11:00:00,14.2,763.4,54.0,3.0,7.0,5.0,0.0,11.0
1920,44508,6,28.81,29.21,196.7,2024-01-05 14:00:00,18.2,761.2,50.0,1.0,10.0,7.6,0.0,10.0
1925,44523,6,1.62,2.07,242.9,2024-01-05 17:00:00,15.9,761.5,60.0,1.0,5.0,8.2,0.0,4.0
1930,44538,6,0.0,0.0,243.1,2024-01-05 20:00:00,13.1,763.3,67.0,0.0,4.4,7.1,0.0,9.0
1935,44553,6,0.0,0.0,243.1,2024-01-05 23:00:00,12.1,763.3,71.0,2.0,4.1,7.0,0.0,12.0
1940,44568,6,0.0,0.0,0.0,2024-01-06 02:00:00,10.8,763.0,74.0,3.0,4.5,6.4,0.0,12.0
1945,44583,6,0.0,0.0,0.0,2024-01-06 05:00:00,10.2,763.0,71.0,2.0,8.0,5.2,0.0,11.0
1950,44598,6,10.04,10.37,3.6,2024-01-06 08:00:00,10.5,764.1,69.0,2.0,11.0,5.1,0.0,12.0
1955,44613,6,22.07,22.44,59.9,2024-01-06 11:00:00,14.9,764.5,58.0,1.0,8.0,6.7,0.0,10.0
1960,44628,6,35.72,36.17,175.3,2024-01-06 14:00:00,18.3,762.5,44.0,2.0,10.0,5.9,0.0,4.0
1965,44643,6,1.54,2.09,239.8,2024-01-06 17:00:00,13.1,763.4,70.0,2.0,4.2,7.8,0.0,3.0
1970,44658,6,0.0,0.0,239.9,2024-01-06 20:00:00,11.3,765.0,77.0,2.0,2.3,7.4,0.0,4.0
1975,44673,6,0.0,0.0,239.9,2024-01-06 23:00:00,9.8,766.0,87.0,0.0,1.6,7.7,0.0,0.0
1980,44688,6,0.0,0.0,0.0,2024-01-07 02:00:00,8.5,766.0,91.0,1.0,1.2,7.1,0.0,12.0
1985,44703,6,0.0,0.0,0.0,2024-01-07 05:00:00,7.6,766.4,94.0,1.0,1.0,6.7,0.0,11.0
1990,44718,6,10.0,10.32,4.5,2024-01-07 08:00:00,7.8,768.1,93.0,1.0,1.3,6.7,0.0,11.0
1995,44733,6,52.16,52.83,99.8,2024-01-07 11:00:00,13.2,768.1,63.0,1.0,1.8,6.3,0.0,4.0
2000,44748,6,39.49,40.04,245.5,2024-01-07 14:00:00,13.5,766.4,61.0,2.0,2.0,6.1,0.0,4.0
2005,44763,6,1.33,1.7,303.5,2024-01-07 17:00:00,10.7,767.2,71.0,3.0,2.6,5.7,0.0,4.0
2010,44778,6,0.0,0.0,303.6,2024-01-07 20:00:00,9.3,768.1,72.0,2.0,3.1,4.5,0.0,4.0
2015,44793,6,0.0,0.0,303.6,2024-01-07 23:00:00,9.2,768.2,68.0,3.0,3.9,3.6,0.0,4.0
2020,44808,6,0.0,0.0,0.0,2024-01-08 02:00:00,8.2,767.4,74.0,2.0,3.8,3.8,0.0,3.0
2025,44823,6,0.0,0.0,0.0,2024-01-08 05:00:00,7.8,766.9,76.0,1.0,3.3,3.7,0.0,3.0
2030,44838,6,6.05,6.54,2.3,2024-01-08 08:00:00,7.8,766.9,72.0,2.0,2.8,3.1,0.0,3.0
2035,44853,6,9.54,9.92,26.9,2024-01-08 11:00:00,9.2,766.1,69.0,1.0,3.3,3.8,0.0,12.0
2040,44868,6,6.77,7.09,47.5,2024-01-08 14:00:00,9.4,764.3,76.0,1.0,2.7,5.4,0.0,12.0
2045,44883,6,0.0,0.21,55.2,2024-01-08 17:00:00,9.4,764.0,79.0,1.0,2.6,5.9,0.1,12.0
2050,44898,6,0.0,0.0,55.2,2024-01-08 20:00:00,9.6,764.2,77.0,3.0,3.0,5.8,0.1,12.0
2055,44913,6,0.0,0.0,55.2,2024-01-08 23:00:00,9.8,763.3,76.0,1.0,3.9,5.8,0.1,12.0
2060,44928,6,0.0,0.0,0.0,2024-01-09 02:00:00,9.9,762.6,79.0,1.0,3.0,6.4,0.1,12.0
2065,44943,6,0.0,0.0,0.0,2024-01-09 05:00:00,10.0,762.1,80.0,2.0,2.4,6.7,0.0,12.0
2070,44958,6,7.62,7.89,2.3,2024-01-09 08:00:00,10.4,762.1,79.0,2.0,4.3,6.9,0.0,12.0
2075,44973,6,57.6,58.31,112.0,2024-01-09 11:00:00,16.2,761.3,61.0,2.0,9.0,8.7,0.0,10.0
2080,44988,6,50.05,50.7,271.8,2024-01-09 14:00:00,18.4,759.2,57.0,2.0,5.0,9.7,0.0,4.0
2085,45003,6,0.88,1.37,340.9,2024-01-09 17:00:00,13.5,759.6,76.0,2.0,9.0,9.4,0.0,4.0
2090,45018,6,0.0,0.0,341.0,2024-01-09 20:00:00,12.1,761.2,84.0,0.0,8.0,9.5,0.0,-1.0
2095,45033,6,0.0,0.0,341.0,2024-01-09 23:00:00,11.9,761.6,86.0,1.0,9.0,9.6,0.0,12.0
2100,45048,6,0.0,0.0,0.0,2024-01-10 02:00:00,12.2,762.1,85.0,1.0,3.7,9.8,0.0,12.0
2105,45063,6,0.0,0.0,0.0,2024-01-10 05:00:00,11.2,762.2,89.0,1.0,2.5,9.5,0.0,0.0
2110,45078,6,6.98,7.38,3.8,2024-01-10 08:00:00,13.1,763.7,58.0,1.0,9.0,5.0,0.0,9.0
2115,45093,6,57.66,58.52,109.8,2024-01-10 11:00:00,15.5,764.0,38.0,3.0,6.0,1.3,0.0,6.0
2120,45108,6,47.76,48.46,286.8,2024-01-10 14:00:00,17.1,762.9,21.0,4.0,13.0,-5.4,0.0,9.0
2125,45123,6,2.55,2.9,357.1,2024-01-10 17:00:00,11.4,763.9,63.0,3.0,3.4,4.6,0.0,4.0
2130,45138,6,0.0,0.0,357.6,2024-01-10 20:00:00,9.3,765.0,71.0,1.0,3.7,4.3,0.0,8.0
2135,45153,6,0.0,0.0,357.6,2024-01-10 23:00:00,8.2,765.4,79.0,1.0,2.8,4.8,0.0,12.0
2140,45168,6,0.0,0.0,0.0,2024-01-11 02:00:00,6.9,764.9,66.0,2.0,3.2,1.0,0.0,4.0
2145,45183,6,0.0,0.0,0.0,2024-01-11 05:00:00,5.8,764.7,73.0,1.0,2.6,1.3,0.0,1.0
2150,45198,6,11.17,11.52,5.0,2024-01-11 08:00:00,5.9,765.6,83.0,1.0,2.4,3.2,0.0,12.0
2155,45213,6,52.39,53.06,114.9,2024-01-11 11:00:00,11.4,765.0,56.0,1.0,3.0,2.9,0.0,9.0
2160,45228,6,47.65,48.29,280.3,2024-01-11 14:00:00,13.0,762.9,57.0,2.0,2.4,4.7,0.0,7.0
2165,45243,6,2.25,2.64,348.1,2024-01-11 17:00:00,9.5,763.0,73.0,3.0,2.5,4.9,0.0,4.0
2170,45258,6,0.0,0.0,348.5,2024-01-11 20:00:00,8.1,763.8,79.0,2.0,2.4,4.7,0.0,3.0
2175,45273,6,0.0,0.0,348.5,2024-01-11 23:00:00,6.9,763.6,87.0,1.0,1.6,4.9,0.0,12.0
2180,45288,6,0.0,0.0,0.0,2024-01-12 02:00:00,6.1,763.3,90.0,2.0,1.2,4.6,0.0,12.0
2185,45303,6,0.0,0.0,0.0,2024-01-12 05:00:00,5.6,762.5,91.0,2.0,1.2,4.2,0.0,11.0
2190,45318,6,11.53,11.8,5.2,2024-01-12 08:00:00,6.1,763.3,89.0,2.0,1.5,4.4,0.0,12.0
2195,45333,6,57.69,58.56,123.1,2024-01-12 11:00:00,12.9,762.9,55.0,2.0,2.9,4.1,0.0,11.0
2200,45348,6,48.83,49.45,301.7,2024-01-12 14:00:00,18.8,760.9,40.0,2.0,8.0,4.9,0.0,5.0
2205,45363,6,2.14,2.61,377.3,2024-01-12 17:00:00,12.2,761.9,75.0,2.0,2.9,7.9,0.0,4.0
2210,45378,6,0.0,0.0,377.7,2024-01-12 20:00:00,10.2,763.0,88.0,1.0,1.9,8.3,0.0,2.0
2215,45393,6,0.0,0.0,377.7,2024-01-12 23:00:00,8.6,763.2,86.0,2.0,2.2,6.4,0.0,12.0
2220,45408,6,0.0,0.0,0.0,2024-01-13 02:00:00,7.9,763.0,81.0,2.0,2.2,4.8,0.0,12.0
2225,45423,6,0.0,0.0,0.0,2024-01-13 05:00:00,7.2,763.3,79.0,3.0,3.0,3.8,0.0,12.0
2230,45438,6,11.26,11.63,4.9,2024-01-13 08:00:00,7.9,764.8,75.0,3.0,4.2,3.6,0.0,12.0
2235,45453,6,61.04,61.83,128.8,2024-01-13 11:00:00,15.3,765.0,44.0,1.0,7.0,3.1,0.0,10.0
2240,45468,6,52.63,53.36,317.9,2024-01-13 14:00:00,18.8,763.3,34.0,3.0,5.0,2.6,0.0,4.0
2245,45483,6,2.12,2.43,396.8,2024-01-13 17:00:00,14.4,764.4,50.0,2.0,7.0,4.1,0.0,4.0
2250,45498,6,0.0,0.0,397.2,2024-01-13 20:00:00,10.9,765.7,72.0,1.0,5.0,5.9,0.0,11.0
2255,45513,6,0.0,0.0,397.2,2024-01-13 23:00:00,9.6,765.7,66.0,3.0,5.0,3.6,0.0,12.0
2260,45528,6,0.0,0.0,0.0,2024-01-14 02:00:00,8.8,765.0,67.0,3.0,5.0,3.0,0.0,12.0
2265,45543,6,0.0,0.0,0.0,2024-01-14 05:00:00,8.2,765.0,66.0,3.0,8.0,2.2,0.0,12.0
2270,45558,6,10.79,11.12,4.5,2024-01-14 08:00:00,9.4,765.9,64.0,3.0,12.0,2.9,0.0,12.0
2275,45573,6,61.12,61.9,130.2,2024-01-14 11:00:00,16.7,765.1,47.0,2.0,14.0,5.3,0.0,11.0
2280,45588,6,51.13,51.78,307.8,2024-01-14 14:00:00,21.0,762.8,45.0,2.0,9.0,8.6,0.0,4.0
2285,45603,6,2.0,2.41,387.0,2024-01-14 17:00:00,16.7,763.0,63.0,3.0,12.0,9.6,0.0,4.0
2290,45618,6,0.0,0.0,387.4,2024-01-14 20:00:00,13.8,763.9,75.0,1.0,7.0,9.5,0.0,2.0
2295,45633,6,0.0,0.0,387.4,2024-01-14 23:00:00,12.7,764.2,82.0,2.0,3.7,9.7,0.0,12.0
2300,45648,6,0.0,0.0,0.0,2024-01-15 02:00:00,13.0,764.8,79.0,2.0,4.9,9.4,0.0,12.0
2305,45663,6,0.0,0.0,0.0,2024-01-15 05:00:00,11.3,765.7,86.0,2.0,2.8,9.0,0.0,4.0
2310,45678,6,9.53,9.9,4.3,2024-01-15 08:00:00,10.3,767.8,90.0,0.0,1.2,8.7,0.0,3.0
2315,45693,6,27.56,28.0,81.1,2024-01-15 11:00:00,12.5,768.2,77.0,2.0,1.8,8.6,0.0,6.0
2320,45708,6,14.94,15.3,160.1,2024-01-15 14:00:00,11.7,767.0,76.0,3.0,4.3,7.6,0.0,4.0
2325,45723,6,0.6,1.05,184.5,2024-01-15 17:00:00,10.4,768.2,75.0,3.0,3.8,6.2,0.0,4.0
2330,45738,6,0.0,0.0,184.6,2024-01-15 20:00:00,9.6,768.9,71.0,2.0,5.0,4.6,0.0,5.0
2335,45753,6,0.0,0.0,184.6,2024-01-15 23:00:00,8.9,768.9,66.0,3.0,8.0,2.9,0.0,3.0
2340,45768,6,0.0,0.0,0.0,2024-01-16 02:00:00,7.9,768.7,70.0,2.0,11.0,2.8,0.0,3.0
2345,45783,6,0.0,0.0,0.0,2024-01-16 05:00:00,7.3,768.9,70.0,2.0,8.0,2.2,0.0,2.0
2350,45798,6,10.66,10.91,5.1,2024-01-16 08:00:00,7.8,769.8,76.0,1.0,5.0,3.7,0.0,9.0
2355,45813,6,64.38,65.23,123.0,2024-01-16 11:00:00,13.2,769.6,50.0,1.0,11.0,3.0,0.0,6.0
2360,45828,6,52.43,53.1,305.7,2024-01-16 14:00:00,13.4,767.5,53.0,2.0,19.0,4.0,0.0,5.0
2365,45843,6,2.34,2.78,385.0,2024-01-16 17:00:00,12.4,767.8,59.0,3.0,20.0,4.6,0.0,4.0
2370,45858,6,0.0,0.0,385.5,2024-01-16 20:00:00,10.1,768.4,70.0,1.0,12.0,4.9,0.0,2.0
2375,45873,6,0.0,0.0,385.5,2024-01-16 23:00:00,8.7,768.1,81.0,2.0,9.0,5.6,0.0,12.0
2380,45888,6,0.0,0.0,0.0,2024-01-17 02:00:00,7.9,766.9,80.0,1.0,11.0,4.7,0.0,11.0
2385,45903,6,0.0,0.0,0.0,2024-01-17 05:00:00,7.5,765.9,80.0,2.0,16.0,4.3,0.0,12.0
2390,45918,6,7.07,7.34,2.7,2024-01-17 08:00:00,8.6,766.5,75.0,2.0,10.0,4.4,0.0,12.0
2395,45933,6,44.82,45.39,89.5,2024-01-17 11:00:00,14.6,765.6,58.0,2.0,17.0,6.4,0.0,12.0
2400,45948,6,27.81,28.18,248.6,2024-01-17 14:00:00,19.6,762.6,57.0,1.0,18.0,10.9,0.0,4.0
2405,45963,6,2.32,2.67,316.4,2024-01-17 17:00:00,18.5,762.3,64.0,2.0,14.0,11.6,0.0,4.0
2410,45978,6,0.0,0.0,316.9,2024-01-17 20:00:00,14.8,762.9,79.0,1.0,8.0,11.2,0.0,12.0
2415,45993,6,0.0,0.0,316.9,2024-01-17 23:00:00,13.7,762.6,87.0,1.0,4.8,11.6,0.0,12.0
2420,46008,6,0.0,0.0,0.0,2024-01-18 02:00:00,12.8,762.0,88.0,2.0,5.0,10.9,0.0,12.0
2425,46023,6,0.0,0.0,0.0,2024-01-18 05:00:00,12.1,761.5,91.0,2.0,5.0,10.7,0.0,12.0
2430,46038,6,10.66,10.96,4.6,2024-01-18 08:00:00,12.7,762.1,88.0,3.0,5.0,10.8,0.0,12.0
2435,46053,6,57.55,58.27,122.6,2024-01-18 11:00:00,20.5,761.8,59.0,1.0,12.0,12.2,0.0,4.0
2440,46068,6,47.71,48.31,296.8,2024-01-18 14:00:00,19.6,759.9,66.0,4.0,12.0,13.1,0.0,4.0
2445,46083,6,2.6,3.01,369.0,2024-01-18 17:00:00,15.4,760.6,80.0,2.0,4.8,12.0,0.0,5.0
2450,46098,6,0.0,0.0,369.5,2024-01-18 20:00:00,13.8,762.4,86.0,2.0,3.1,11.5,0.0,4.0
2455,46113,6,0.0,0.0,369.5,2024-01-18 23:00:00,12.8,762.8,86.0,0.0,3.1,10.5,0.0,8.0
2460,46128,6,0.0,0.0,0.0,2024-01-19 02:00:00,12.7,762.4,87.0,1.0,2.8,10.6,0.0,11.0
2465,46143,6,0.0,0.0,0.0,2024-01-19 05:00:00,13.0,762.3,85.0,1.0,2.4,10.5,0.0,11.0
2470,46158,6,1.49,2.06,0.5,2024-01-19 08:00:00,13.1,763.1,88.0,1.0,1.6,11.2,0.0,4.0
2475,46173,6,20.2,20.51,28.7,2024-01-19 11:00:00,14.5,763.0,83.0,1.0,1.7,11.7,0.0,7.0
2480,46188,6,11.0,11.23,85.7,2024-01-19 14:00:00,15.5,760.8,80.0,2.0,3.0,12.1,0.0,5.0
2485,46203,6,0.19,0.65,103.1,2024-01-19 17:00:00,14.9,760.9,84.0,0.0,4.5,12.2,0.0,-1.0
2490,46218,6,0.0,0.0,103.2,2024-01-19 20:00:00,14.4,761.8,86.0,1.0,2.8,12.1,0.0,5.0
2495,46233,6,0.0,0.0,103.2,2024-01-19 23:00:00,13.7,761.7,88.0,1.0,2.6,11.8,0.0,3.0
2500,46248,6,0.0,0.0,0.0,2024-01-20 02:00:00,13.7,760.9,90.0,1.0,2.0,12.1,0.0,12.0
2505,46263,6,0.0,0.0,0.0,2024-01-20 05:00:00,13.6,759.7,92.0,1.0,1.4,12.3,0.0,3.0
2510,46278,6,1.11,1.36,0.8,2024-01-20 08:00:00,13.3,761.3,96.0,1.0,1.6,12.7,0.1,4.0
2515,46293,6,5.07,5.37,9.8,2024-01-20 11:00:00,13.9,761.8,96.0,1.0,0.6,13.3,0.7,10.0
2520,46308,6,29.81,30.23,38.4,2024-01-20 14:00:00,14.5,760.3,97.0,1.0,2.4,14.0,1.0,9.0
2525,46323,6,1.24,1.7,67.9,2024-01-20 17:00:00,13.5,761.2,68.0,4.0,20.0,7.7,1.0,3.0
2530,46338,6,0.0,0.0,68.2,2024-01-20 20:00:00,12.3,762.8,63.0,3.0,20.0,5.5,1.0,0.0
2535,46353,6,0.0,0.0,68.2,2024-01-20 23:00:00,11.4,763.7,66.0,3.0,20.0,5.3,0.6,0.0
2540,46368,6,0.0,0.0,0.0,2024-01-21 02:00:00,10.5,764.3,69.0,2.0,20.0,4.9,0.0,3.0
2545,46383,6,0.0,0.0,0.0,2024-01-21 05:00:00,9.6,765.1,66.0,3.0,20.0,3.6,0.0,3.0
2550,46398,6,9.38,9.67,4.0,2024-01-21 08:00:00,10.1,766.3,63.0,2.0,19.0,3.2,0.0,3.0
2555,46413,6,64.61,65.49,110.6,2024-01-21 11:00:00,13.7,766.6,51.0,4.0,19.0,3.8,0.0,3.0
2560,46428,6,34.42,34.96,270.9,2024-01-21 14:00:00,12.2,765.4,62.0,2.0,17.0,5.1,0.0,5.0
2565,46443,6,0.26,0.67,307.8,2024-01-21 17:00:00,11.4,766.6,60.0,2.0,9.0,3.9,0.0,2.0
2570,46458,6,0.0,0.0,307.9,2024-01-21 20:00:00,10.3,768.0,59.0,3.0,14.0,2.6,0.0,1.0
2575,46473,6,0.0,0.0,307.9,2024-01-21 23:00:00,9.2,769.1,57.0,3.0,16.0,1.1,0.0,0.0
2580,46488,6,0.0,0.0,0.0,2024-01-22 02:00:00,7.7,769.3,65.0,2.0,13.0,1.5,0.1,6.0
2585,46503,6,0.0,0.0,0.0,2024-01-22 05:00:00,7.1,769.2,65.0,2.0,19.0,0.8,0.1,6.0
2590,46518,6,2.08,2.72,0.4,2024-01-22 08:00:00,5.0,770.3,81.0,3.0,12.0,2.0,0.4,3.0
2595,46533,6,4.66,5.2,18.8,2024-01-22 11:00:00,3.1,771.5,82.0,4.0,9.0,0.3,1.0,6.0
2600,46548,6,7.3,7.72,40.5,2024-01-22 14:00:00,1.9,770.1,91.0,2.0,7.0,0.6,3.0,3.0
2605,46563,6,0.11,0.61,50.5,2024-01-22 17:00:00,0.6,771.4,89.0,2.0,1.8,-1.0,5.0,12.0
2610,46578,6,0.0,0.0,50.5,2024-01-22 20:00:00,-0.4,772.9,88.0,0.0,1.0,-2.1,6.0,-1.0
2615,46593,6,0.0,0.0,50.5,2024-01-22 23:00:00,-0.8,772.9,91.0,0.0,1.0,-2.1,7.0,-1.0
2620,46608,6,0.0,0.0,0.0,2024-01-23 02:00:00,-1.3,773.1,91.0,0.0,2.0,-2.6,6.0,-1.0
2625,46623,6,0.0,0.0,0.0,2024-01-23 05:00:00,-1.4,772.9,79.0,0.0,9.0,-4.6,4.0,-1.0
2630,46638,6,0.0,0.27,0.0,2024-01-23 08:00:00,-2.1,773.8,64.0,0.0,16.0,-8.0,3.0,-1.0
2635,46653,6,1.39,1.84,1.9,2024-01-23 11:00:00,0.7,773.5,51.0,4.0,18.0,-8.5,1.0,12.0
2640,46668,6,3.15,3.52,8.7,2024-01-23 14:00:00,3.8,771.2,42.0,3.0,18.0,-8.2,0.1,12.0
2645,46683,6,0.14,0.56,15.8,2024-01-23 17:00:00,3.3,771.7,45.0,3.0,19.0,-7.5,0.0,12.0
2650,46698,6,0.0,0.0,15.9,2024-01-23 20:00:00,0.5,772.9,53.0,3.0,18.0,-8.2,0.0,6.0
2655,46713,6,0.0,0.0,15.9,2024-01-23 23:00:00,-0.3,773.2,56.0,3.0,17.0,-8.2,0.0,3.0
2660,46728,6,0.0,0.0,0.0,2024-01-24 02:00:00,-0.8,772.7,61.0,2.0,14.0,-7.4,0.0,6.0
2665,46743,6,0.0,0.0,0.0,2024-01-24 05:00:00,-1.5,772.4,71.0,1.0,12.0,-6.1,0.0,9.0
2670,46758,6,0.12,0.65,0.0,2024-01-24 08:00:00,0.6,773.3,55.0,1.0,13.0,-7.6,0.0,2.0
2675,46773,6,20.52,20.88,28.7,2024-01-24 11:00:00,5.0,772.5,35.0,1.0,15.0,-9.2,0.0,3.0
2680,46788,6,58.9,59.79,183.6,2024-01-24 14:00:00,8.2,770.5,33.0,2.0,15.0,-7.1,0.0,7.0
2685,46803,6,2.48,2.77,272.5,2024-01-24 17:00:00,4.3,770.5,52.0,3.0,14.0,-4.9,0.0,4.0
2690,46818,6,0.0,0.0,273.0,2024-01-24 20:00:00,3.8,771.1,58.0,1.0,15.0,-3.7,0.0,1.0
2695,46833,6,0.0,0.0,273.0,2024-01-24 23:00:00,3.9,771.4,63.0,1.0,12.0,-2.5,0.0,12.0
2700,46848,6,0.0,0.0,0.0,2024-01-25 02:00:00,4.0,771.1,64.0,1.0,10.0,-2.2,0.0,9.0
2705,46863,6,0.0,0.0,0.0,2024-01-25 05:00:00,3.9,770.5,52.0,2.0,17.0,-5.1,0.0,0.0
2710,46878,6,8.48,8.8,3.5,2024-01-25 08:00:00,3.9,772.3,48.0,1.0,16.0,-6.1,0.0,0.0
2715,46893,6,54.89,55.57,125.1,2024-01-25 11:00:00,8.4,771.7,34.0,2.0,17.0,-6.5,0.0,3.0
2720,46908,6,35.71,36.24,252.5,2024-01-25 14:00:00,8.7,769.8,45.0,2.0,14.0,-2.6,0.0,5.0
2725,46923,6,2.02,2.24,306.3,2024-01-25 17:00:00,7.1,769.9,48.0,2.0,15.0,-3.2,0.0,4.0
2730,46938,6,0.0,0.0,306.8,2024-01-25 20:00:00,6.4,770.8,53.0,0.0,12.0,-2.5,0.0,4.0
2735,46953,6,0.0,0.0,306.8,2024-01-25 23:00:00,4.9,771.4,66.0,0.0,9.0,-0.9,0.0,-1.0
2740,46968,6,0.0,0.0,0.0,2024-01-26 02:00:00,5.0,770.8,55.0,2.0,13.0,-3.5,0.0,3.0
2745,46983,6,0.0,0.0,0.0,2024-01-26 05:00:00,2.4,770.5,75.0,2.0,8.0,-1.6,0.0,11.0
2750,46998,6,8.49,8.76,3.8,2024-01-26 08:00:00,3.8,771.4,68.0,1.0,9.0,-1.6,0.0,11.0
2755,47013,6,22.92,23.31,75.7,2024-01-26 11:00:00,7.6,771.4,52.0,1.0,9.0,-1.6,0.0,10.0
2760,47028,6,24.79,25.17,156.2,2024-01-26 14:00:00,9.4,768.5,46.0,2.0,8.0,-1.6,0.0,4.0
2765,47043,6,2.22,2.57,188.3,2024-01-26 17:00:00,7.7,769.0,51.0,2.0,8.0,-1.8,0.0,4.0
2770,47058,6,0.0,0.0,188.8,2024-01-26 20:00:00,7.2,770.1,56.0,2.0,8.0,-1.2,0.0,4.0
2775,47073,6,0.0,0.0,188.8,2024-01-26 23:00:00,7.0,770.0,59.0,0.0,7.0,-0.5,0.0,0.0
2780,47088,6,0.0,0.0,0.0,2024-01-27 02:00:00,6.7,769.3,61.0,0.0,6.0,-0.3,0.0,0.0
2785,47103,6,0.0,0.0,0.0,2024-01-27 05:00:00,6.5,769.1,61.0,1.0,5.0,-0.5,0.0,0.0
2790,47118,6,5.05,5.45,2.0,2024-01-27 08:00:00,6.0,770.2,65.0,2.0,3.1,-0.1,0.2,4.0
2795,47133,6,32.94,33.39,59.9,2024-01-27 11:00:00,8.8,769.9,54.0,1.0,4.6,-0.2,0.3,2.0
2800,47148,6,28.69,29.09,180.6,2024-01-27 14:00:00,11.0,767.5,48.0,1.0,4.9,0.4,0.3,7.0
2805,47163,6,3.88,4.26,231.3,2024-01-27 17:00:00,8.7,767.8,51.0,2.0,6.0,-0.9,0.3,4.0
2810,47178,6,0.0,0.0,232.0,2024-01-27 20:00:00,7.8,769.1,59.0,2.0,5.0,0.3,,4.0
2815,47193,6,0.0,0.0,232.0,2024-01-27 23:00:00,7.4,769.8,61.0,1.0,5.0,0.4,0.0,4.0
2820,47208,6,0.0,0.0,0.0,2024-01-28 02:00:00,5.8,769.6,72.0,1.0,4.1,1.0,0.0,1.0
2825,47223,6,0.0,0.0,0.0,2024-01-28 05:00:00,5.7,769.3,79.0,1.0,2.9,2.3,0.0,12.0
2830,47238,6,9.91,10.2,4.1,2024-01-28 08:00:00,7.0,770.6,63.0,2.0,5.0,0.4,0.0,0.0
2835,47253,6,58.7,59.46,115.2,2024-01-28 11:00:00,11.7,771.0,32.0,2.0,8.0,-4.4,0.0,0.0
2840,47268,6,50.16,50.82,293.4,2024-01-28 14:00:00,11.7,769.1,36.0,3.0,8.0,-2.9,0.0,4.0
2845,47283,6,4.68,5.29,378.8,2024-01-28 17:00:00,9.2,769.3,53.0,3.0,7.0,-0.1,0.0,4.0
2850,47298,6,0.0,0.0,380.0,2024-01-28 20:00:00,8.2,770.8,55.0,2.0,5.0,-0.5,0.0,3.0
2855,47313,6,0.0,0.0,380.0,2024-01-28 23:00:00,8.0,771.1,59.0,1.0,4.5,0.5,0.0,0.0
2860,47328,6,0.0,0.0,0.0,2024-01-29 02:00:00,8.0,769.9,55.0,1.0,5.0,-0.5,0.0,6.0
2865,47343,6,0.0,0.0,0.0,2024-01-29 05:00:00,7.8,768.7,62.0,1.0,4.6,0.8,0.0,12.0
2870,47358,6,2.52,2.84,1.2,2024-01-29 08:00:00,8.0,769.3,60.0,2.0,4.4,0.7,0.0,12.0
2875,47373,6,12.3,12.56,21.0,2024-01-29 11:00:00,10.1,768.8,56.0,1.0,4.9,1.7,0.0,6.0
2880,47388,6,11.8,12.12,42.0,2024-01-29 14:00:00,8.1,767.2,82.0,1.0,2.0,5.2,0.2,12.0
2885,47403,6,0.69,1.15,57.8,2024-01-29 17:00:00,8.0,766.7,89.0,1.0,1.5,6.3,0.3,12.0
2890,47418,6,0.0,0.0,58.0,2024-01-29 20:00:00,7.9,767.4,94.0,2.0,0.8,7.0,0.3,11.0
2895,47433,6,0.0,0.0,58.0,2024-01-29 23:00:00,7.9,766.7,97.0,2.0,0.3,7.5,3.0,12.0
2900,47448,6,0.0,0.0,0.0,2024-01-30 02:00:00,8.1,765.4,98.0,3.0,1.0,7.8,6.0,12.0
2905,47463,6,0.0,0.0,0.0,2024-01-30 05:00:00,8.5,764.2,99.0,2.0,1.6,8.4,12.0,12.0
2910,47478,6,4.1,4.36,2.0,2024-01-30 08:00:00,8.9,765.1,99.0,2.0,1.5,8.8,19.0,11.0
2915,47493,6,65.7,66.53,79.2,2024-01-30 11:00:00,12.8,764.8,90.0,2.0,18.0,11.2,18.0,11.0
2920,47508,6,35.63,36.17,235.9,2024-01-30 14:00:00,16.5,762.6,77.0,1.0,8.0,12.5,15.0,6.0
2925,47523,6,4.32,4.76,311.5,2024-01-30 17:00:00,13.7,762.7,87.0,3.0,13.0,11.6,9.0,4.0
2930,47538,6,0.0,0.0,312.8,2024-01-30 20:00:00,11.9,763.9,94.0,2.0,3.9,11.0,,3.0
2935,47553,6,0.0,0.0,312.8,2024-01-30 23:00:00,10.9,764.3,98.0,1.0,0.3,10.6,0.4,4.0
2940,47568,6,0.0,0.0,0.0,2024-01-31 02:00:00,11.3,763.8,98.0,1.0,0.8,11.0,0.2,4.0
2945,47583,6,0.0,0.0,0.0,2024-01-31 05:00:00,11.4,763.0,99.0,0.0,0.9,11.2,0.2,-1.0
2950,47598,6,6.16,6.5,2.9,2024-01-31 08:00:00,11.7,763.9,99.0,1.0,0.7,11.5,0.1,12.0
2955,47613,6,39.66,40.18,54.8,2024-01-31 11:00:00,16.7,763.6,84.0,1.0,11.0,14.0,0.1,11.0
2960,47628,6,60.07,60.86,234.0,2024-01-31 14:00:00,19.5,760.8,72.0,3.0,5.0,14.3,0.0,4.0
2965,47643,6,1.28,1.75,318.6,2024-01-31 17:00:00,15.8,760.6,86.0,3.0,7.0,13.5,0.0,3.0
2970,47658,6,0.0,0.0,318.8,2024-01-31 20:00:00,14.8,761.8,97.0,1.0,1.2,14.3,0.0,4.0
2975,47673,6,0.0,0.0,318.8,2024-01-31 23:00:00,14.6,761.5,98.0,0.0,0.2,14.3,0.0,0.0
2980,47688,6,0.0,0.0,0.0,2024-02-01 02:00:00,14.4,760.9,99.0,1.0,0.1,14.2,0.0,12.0
2985,47703,6,0.0,0.0,0.0,2024-02-01 05:00:00,14.6,760.3,99.0,1.0,0.7,14.4,0.0,10.0
2990,47718,6,4.22,4.52,3.1,2024-02-01 08:00:00,14.8,760.8,100.0,1.0,0.1,14.8,0.0,9.0
2995,47733,6,46.91,47.6,76.0,2024-02-01 11:00:00,19.4,760.6,80.0,2.0,4.2,15.9,0.0,6.0
3000,47748,6,23.22,23.59,204.9,2024-02-01 14:00:00,19.1,759.3,79.0,5.0,8.0,15.4,0.0,4.0
3005,47763,6,0.35,0.64,223.1,2024-02-01 17:00:00,14.3,761.1,93.0,3.0,2.9,13.2,0.0,4.0
3010,47778,6,0.0,0.0,223.1,2024-02-01 20:00:00,12.0,762.5,97.0,3.0,2.2,11.5,,4.0
3015,47793,6,0.0,0.0,223.1,2024-02-01 23:00:00,11.3,763.2,98.0,1.0,1.0,11.0,1.0,7.0
3020,47808,6,0.0,0.0,0.0,2024-02-02 02:00:00,10.2,762.8,98.0,2.0,1.1,9.9,3.0,4.0
3025,47823,6,0.0,0.0,0.0,2024-02-02 05:00:00,9.5,763.6,98.0,1.0,1.6,9.2,4.0,5.0
3030,47838,6,1.49,1.98,1.8,2024-02-02 08:00:00,9.5,765.1,99.0,2.0,1.4,9.4,4.0,2.0
3035,47853,6,13.78,14.06,20.8,2024-02-02 11:00:00,9.6,765.6,98.0,1.0,2.8,9.3,4.0,6.0
3040,47868,6,8.3,8.59,67.3,2024-02-02 14:00:00,10.3,764.1,97.0,1.0,4.8,9.8,3.0,5.0
3045,47883,6,2.03,2.38,82.1,2024-02-02 17:00:00,9.7,764.6,97.0,1.0,12.0,9.2,4.0,4.0
3050,47898,6,0.0,0.0,82.7,2024-02-02 20:00:00,9.5,765.5,93.0,2.0,10.0,8.4,3.0,4.0
3055,47913,6,0.0,0.0,82.7,2024-02-02 23:00:00,9.5,765.4,91.0,1.0,7.0,8.1,2.0,2.0
3060,47928,6,0.0,0.0,0.0,2024-02-03 02:00:00,9.2,764.8,94.0,0.0,1.7,8.3,2.0,-1.0
3065,47943,6,0.0,0.0,0.0,2024-02-03 05:00:00,9.2,764.1,98.0,1.0,1.6,8.9,0.0,11.0
3070,47958,6,5.54,5.82,3.1,2024-02-03 08:00:00,10.0,764.5,97.0,0.0,3.8,9.5,0.0,3.0
3075,47973,6,17.54,17.87,63.3,2024-02-03 11:00:00,12.6,764.2,84.0,1.0,7.0,10.0,0.0,10.0
3080,47988,6,28.32,28.71,159.0,2024-02-03 14:00:00,13.6,762.2,82.0,2.0,5.0,10.6,0.0,4.0
3085,48003,6,2.2,2.76,209.5,2024-02-03 17:00:00,11.6,762.4,88.0,2.0,9.0,9.7,0.0,4.0
3090,48018,6,0.0,0.0,210.1,2024-02-03 20:00:00,10.8,763.7,91.0,2.0,7.0,9.4,0.0,3.0
3095,48033,6,0.0,0.0,210.1,2024-02-03 23:00:00,10.3,764.3,95.0,1.0,2.0,9.5,0.0,4.0
3100,48048,6,0.0,0.0,0.0,2024-02-04 02:00:00,9.2,764.0,95.0,2.0,1.7,8.4,0.0,4.0
3105,48063,6,0.0,0.0,0.0,2024-02-04 05:00:00,8.4,763.3,94.0,2.0,7.0,7.5,0.1,3.0
3110,48078,6,4.67,5.11,1.6,2024-02-04 08:00:00,8.5,764.2,89.0,0.0,6.0,6.8,0.1,0.0
3115,48093,6,17.73,18.03,47.0,2024-02-04 11:00:00,10.2,763.4,75.0,2.0,19.0,6.0,0.4,6.0
3120,48108,6,13.91,14.34,94.1,2024-02-04 14:00:00,9.3,761.1,93.0,1.0,1.8,8.2,0.5,12.0
3125,48123,6,1.14,1.43,108.3,2024-02-04 17:00:00,9.5,760.6,96.0,1.0,2.2,8.9,2.0,12.0
3130,48138,6,0.0,0.0,108.6,2024-02-04 20:00:00,9.7,760.6,98.0,1.0,4.6,9.4,7.0,11.0
3135,48153,6,0.0,0.0,108.6,2024-02-04 23:00:00,9.6,760.9,98.0,1.0,4.1,9.3,7.0,12.0
3140,48168,6,0.0,0.0,0.0,2024-02-05 02:00:00,9.1,762.3,97.0,1.0,7.0,8.6,6.0,12.0
3145,48183,6,0.0,0.0,0.0,2024-02-05 05:00:00,8.2,762.9,98.0,1.0,7.0,7.9,5.0,11.0
3150,48198,6,16.14,16.44,7.3,2024-02-05 08:00:00,9.2,764.5,87.0,2.0,19.0,7.2,0.0,1.0
3155,48213,6,78.81,79.86,176.2,2024-02-05 11:00:00,14.8,764.5,60.0,1.0,19.0,7.1,0.0,8.0
3160,48228,6,23.2,23.55,345.9,2024-02-05 14:00:00,10.8,763.9,74.0,3.0,19.0,6.4,0.0,5.0
3165,48243,6,1.71,2.08,395.2,2024-02-05 17:00:00,9.3,765.7,80.0,2.0,16.0,6.0,0.0,4.0
3170,48258,6,0.0,0.0,395.7,2024-02-05 20:00:00,8.8,767.1,78.0,2.0,13.0,5.2,0.0,4.0
3175,48273,6,0.0,0.0,395.7,2024-02-05 23:00:00,8.4,767.2,79.0,1.0,11.0,5.0,0.0,5.0
3180,48288,6,0.0,0.0,0.0,2024-02-06 02:00:00,7.6,766.9,79.0,2.0,8.0,4.2,0.0,4.0
3185,48303,6,0.0,0.0,0.0,2024-02-06 05:00:00,6.5,767.0,79.0,3.0,7.0,3.1,0.0,4.0
3190,48318,6,1.87,2.38,0.4,2024-02-06 08:00:00,5.3,767.9,84.0,2.0,3.2,2.8,0.0,4.0
3195,48333,6,6.19,6.63,22.0,2024-02-06 11:00:00,5.7,767.7,82.0,3.0,5.0,2.9,0.0,4.0
3200,48348,6,8.28,8.62,48.3,2024-02-06 14:00:00,5.6,765.7,82.0,2.0,4.6,2.8,0.0,4.0
3205,48363,6,1.02,1.36,62.3,2024-02-06 17:00:00,4.7,765.7,92.0,2.0,1.8,3.5,0.0,4.0
3210,48378,6,0.0,0.0,62.5,2024-02-06 20:00:00,5.0,766.6,92.0,1.0,4.8,3.8,0.1,0.0
3215,48393,6,0.0,0.0,62.5,2024-02-06 23:00:00,5.1,766.3,95.0,1.0,5.0,4.4,0.6,2.0
3220,48408,6,0.0,0.0,0.0,2024-02-07 02:00:00,5.0,766.0,96.0,1.0,4.4,4.4,7.0,12.0
3225,48423,6,0.0,0.0,0.0,2024-02-07 05:00:00,5.0,764.6,96.0,1.0,4.1,4.4,14.0,1.0
3230,48438,6,3.84,4.24,2.0,2024-02-07 08:00:00,5.2,765.9,96.0,2.0,10.0,4.6,17.0,3.0
3235,48453,6,5.69,6.1,30.4,2024-02-07 11:00:00,5.8,765.6,94.0,2.0,17.0,4.9,20.0,3.0
3240,48468,6,6.25,6.54,60.0,2024-02-07 14:00:00,6.2,763.6,93.0,1.0,10.0,5.2,19.0,3.0
3245,48483,6,1.01,1.31,78.8,2024-02-07 17:00:00,6.0,764.1,90.0,2.0,19.0,4.5,14.0,0.0
3250,48498,6,0.0,0.0,78.9,2024-02-07 20:00:00,5.7,765.1,86.0,2.0,20.0,3.5,11.0,0.0
3255,48513,6,0.0,0.0,78.9,2024-02-07 23:00:00,5.6,765.2,80.0,2.0,20.0,2.3,8.0,6.0
3260,48528,6,0.0,0.0,0.0,2024-02-08 02:00:00,4.8,764.3,89.0,2.0,10.0,3.1,2.0,3.0
3265,48543,6,0.0,0.0,0.0,2024-02-08 05:00:00,5.0,764.5,84.0,3.0,12.0,2.5,0.5,0.0
3270,48558,6,2.61,2.84,1.5,2024-02-08 08:00:00,5.3,765.1,81.0,1.0,12.0,2.3,0.5,1.0
3275,48573,6,31.92,32.37,33.9,2024-02-08 11:00:00,5.5,765.8,81.0,3.0,5.0,2.5,0.8,0.0
3280,48588,6,38.18,38.7,117.0,2024-02-08 14:00:00,7.6,763.9,71.0,2.0,7.0,2.7,0.4,1.0
3285,48603,6,2.33,2.69,161.3,2024-02-08 17:00:00,7.3,763.9,68.0,1.0,7.0,1.8,0.4,3.0
3290,48618,6,0.0,0.0,162.2,2024-02-08 20:00:00,6.9,765.0,71.0,1.0,5.0,2.0,0.4,1.0
3295,48633,6,0.0,0.0,162.2,2024-02-08 23:00:00,6.5,765.4,76.0,1.0,4.9,2.6,0.1,0.0
3300,48648,6,0.0,0.0,0.0,2024-02-09 02:00:00,6.0,766.1,64.0,3.0,5.0,-0.3,0.0,0.0
3305,48663,6,0.0,0.0,0.0,2024-02-09 05:00:00,5.6,766.1,67.0,1.0,6.0,-0.2,0.0,3.0
3310,48678,6,8.74,9.02,3.2,2024-02-09 08:00:00,6.1,767.4,66.0,1.0,4.8,0.2,0.0,2.0
3315,48693,6,73.8,74.81,130.3,2024-02-09 11:00:00,10.8,767.7,47.0,2.0,5.0,-0.3,0.0,2.0
3320,48708,6,66.86,67.74,357.8,2024-02-09 14:00:00,11.4,765.5,52.0,3.0,5.0,1.9,0.0,5.0
3325,48723,6,6.73,7.11,468.3,2024-02-09 17:00:00,8.5,766.0,60.0,3.0,4.7,1.2,0.0,4.0
3330,48738,6,0.0,0.0,470.5,2024-02-09 20:00:00,6.5,767.6,72.0,1.0,2.5,1.8,0.0,3.0
3335,48753,6,0.0,0.0,470.5,2024-02-09 23:00:00,5.2,768.1,84.0,2.0,1.4,2.6,0.0,12.0
3340,48768,6,0.0,0.0,0.0,2024-02-10 02:00:00,4.5,767.8,87.0,2.0,2.1,2.5,0.0,12.0
3345,48783,6,0.0,0.0,0.0,2024-02-10 05:00:00,3.5,767.5,93.0,2.0,1.8,2.5,0.0,12.0
3350,48798,6,19.01,19.35,9.0,2024-02-10 08:00:00,4.1,769.1,93.0,2.0,1.9,3.1,0.0,12.0
3355,48813,6,79.83,80.95,174.1,2024-02-10 11:00:00,12.4,768.8,55.0,1.0,6.0,3.6,0.0,10.0
3360,48828,6,70.89,71.84,411.2,2024-02-10 14:00:00,15.5,766.7,36.0,2.0,9.0,0.5,0.0,5.0
3365,48843,6,10.08,10.35,533.0,2024-02-10 17:00:00,12.1,767.1,51.0,2.0,8.0,2.3,0.0,5.0
3370,48858,6,0.0,0.0,537.1,2024-02-10 20:00:00,8.0,768.1,81.0,1.0,2.5,4.9,0.0,3.0
3375,48873,6,0.0,0.0,537.1,2024-02-10 23:00:00,6.5,768.6,72.0,1.0,5.0,1.8,0.0,12.0
3380,48888,6,0.0,0.0,0.0,2024-02-11 02:00:00,5.5,768.4,74.0,3.0,7.0,1.1,0.0,12.0
3385,48903,6,0.0,0.0,0.0,2024-02-11 05:00:00,5.1,768.3,76.0,3.0,8.0,1.2,0.0,12.0
3390,48918,6,18.66,18.98,8.8,2024-02-11 08:00:00,6.4,769.8,71.0,2.0,8.0,1.5,0.0,11.0
3395,48933,6,78.48,79.65,176.2,2024-02-11 11:00:00,15.3,769.9,43.0,2.0,15.0,2.8,0.0,10.0
3400,48948,6,70.38,71.31,417.0,2024-02-11 14:00:00,18.1,767.8,28.0,4.0,15.0,-0.7,0.0,4.0
3405,48963,6,7.51,7.77,537.9,2024-02-11 17:00:00,14.0,768.7,41.0,3.0,13.0,1.0,0.0,4.0
3410,48978,6,0.0,0.0,540.3,2024-02-11 20:00:00,9.7,769.9,65.0,1.0,8.0,3.4,0.0,3.0
3415,48993,6,0.0,0.0,540.3,2024-02-11 23:00:00,8.1,770.4,74.0,2.0,7.0,3.6,0.0,12.0
3420,49008,6,0.0,0.0,0.0,2024-02-12 02:00:00,6.8,769.7,78.0,3.0,7.0,3.1,0.0,12.0
3425,49023,6,0.0,0.0,0.0,2024-02-12 05:00:00,6.0,769.2,77.0,3.0,7.0,2.3,0.0,12.0
3430,49038,6,20.92,21.26,10.1,2024-02-12 08:00:00,6.4,770.5,77.0,3.0,7.0,2.7,0.0,12.0
3435,49053,6,76.93,78.06,172.8,2024-02-12 11:00:00,14.7,770.3,54.0,1.0,8.0,5.5,0.0,11.0
3440,49068,6,71.79,72.72,408.8,2024-02-12 14:00:00,17.8,768.2,36.0,3.0,15.0,2.5,0.0,6.0
3445,49083,6,7.98,8.32,533.7,2024-02-12 17:00:00,15.1,767.8,48.0,2.0,14.0,4.2,0.0,4.0
3450,49098,6,0.0,0.0,536.3,2024-02-12 20:00:00,10.8,768.6,72.0,1.0,6.0,6.0,0.0,3.0
3455,49113,6,0.0,0.0,536.3,2024-02-12 23:00:00,11.0,768.6,72.0,2.0,7.0,6.0,0.0,12.0
3460,49128,6,0.0,0.0,0.0,2024-02-13 02:00:00,9.7,767.4,74.0,2.0,10.0,5.3,0.0,12.0
3465,49143,6,0.0,0.0,0.0,2024-02-13 05:00:00,9.1,766.5,77.0,2.0,10.0,5.3,0.0,11.0
3470,49158,6,10.05,10.31,10.1,2024-02-13 08:00:00,10.3,766.9,74.0,2.0,11.0,5.9,0.0,12.0
3475,49173,6,72.03,73.08,162.5,2024-02-13 11:00:00,18.3,765.8,55.0,2.0,13.0,9.1,0.0,10.0
3480,49188,6,69.87,70.81,362.7,2024-02-13 14:00:00,22.4,763.3,51.0,2.0,17.0,11.8,0.0,4.0
3485,49203,6,7.76,8.11,481.0,2024-02-13 17:00:00,17.6,763.0,66.0,3.0,12.0,11.2,0.0,3.0
3490,49218,6,0.0,0.0,483.5,2024-02-13 20:00:00,13.4,763.9,85.0,1.0,6.0,10.9,0.0,2.0
3495,49233,6,0.0,0.0,483.5,2024-02-13 23:00:00,12.8,763.7,89.0,2.0,3.6,11.0,0.0,12.0
3500,49248,6,0.0,0.0,0.0,2024-02-14 02:00:00,12.0,763.0,91.0,1.0,4.4,10.6,0.0,12.0
3505,49263,6,0.0,0.0,0.0,2024-02-14 05:00:00,12.3,762.4,89.0,2.0,6.0,10.5,0.0,12.0
3510,49278,6,19.52,19.84,8.9,2024-02-14 08:00:00,12.9,763.6,85.0,2.0,9.0,10.4,0.0,12.0
3515,49293,6,73.65,74.75,165.6,2024-02-14 11:00:00,20.0,762.9,54.0,1.0,15.0,10.4,0.0,10.0
3520,49308,6,66.49,67.53,394.7,2024-02-14 14:00:00,21.2,760.4,50.0,3.0,14.0,10.4,0.0,4.0
3525,49323,6,7.59,7.97,510.2,2024-02-14 17:00:00,17.0,760.3,67.0,4.0,8.0,10.8,0.0,4.0
3530,49338,6,0.0,0.0,512.7,2024-02-14 20:00:00,13.7,761.1,84.0,2.0,4.4,11.0,0.0,3.0
3535,49353,6,0.0,0.0,512.7,2024-02-14 23:00:00,12.6,761.2,90.0,0.0,3.4,11.0,0.0,0.0
3540,49368,6,0.0,0.0,0.0,2024-02-15 02:00:00,12.5,760.9,93.0,1.0,2.6,11.4,0.0,2.0
3545,49383,6,0.0,0.0,0.0,2024-02-15 05:00:00,12.8,760.3,92.0,1.0,2.7,11.5,0.0,12.0
3550,49398,6,23.06,23.4,11.5,2024-02-15 08:00:00,13.6,761.0,88.0,2.0,3.2,11.7,0.0,11.0
3555,49413,6,79.56,80.73,148.8,2024-02-15 11:00:00,21.7,760.5,55.0,1.0,8.0,12.3,0.0,5.0
3560,49428,6,29.23,29.63,350.1,2024-02-15 14:00:00,19.6,759.4,63.0,2.0,5.0,12.4,0.0,5.0
3565,49443,6,0.63,1.07,376.3,2024-02-15 17:00:00,12.5,762.4,91.0,4.0,3.0,11.1,1.0,4.0
3570,49458,6,0.0,0.0,376.4,2024-02-15 20:00:00,11.2,764.9,95.0,3.0,5.0,10.4,3.0,4.0
3575,49473,6,0.0,0.0,376.4,2024-02-15 23:00:00,9.8,766.2,92.0,2.0,10.0,8.6,4.0,4.0
3580,49488,6,0.0,0.0,0.0,2024-02-16 02:00:00,9.4,766.1,87.0,2.0,18.0,7.3,4.0,0.0
3585,49503,6,0.0,0.0,0.0,2024-02-16 05:00:00,8.6,765.9,80.0,2.0,17.0,5.3,0.0,0.0
3590,49518,6,5.04,5.5,3.2,2024-02-16 08:00:00,6.9,766.8,86.0,3.0,19.0,4.7,2.0,4.0
3595,49533,6,36.72,37.24,56.0,2024-02-16 11:00:00,7.5,766.9,85.0,2.0,11.0,5.1,1.0,4.0
3600,49548,6,24.55,24.94,154.7,2024-02-16 14:00:00,8.6,765.0,77.0,1.0,17.0,4.8,1.0,8.0
3605,49563,6,5.75,6.23,217.7,2024-02-16 17:00:00,8.6,764.6,70.0,1.0,19.0,3.4,1.0,6.0
3610,49578,6,0.0,0.0,219.4,2024-02-16 20:00:00,8.1,764.7,73.0,2.0,18.0,3.4,0.4,4.0
3615,49593,6,0.0,0.0,219.4,2024-02-16 23:00:00,7.8,764.2,78.0,0.0,14.0,4.2,0.1,0.0
3620,49608,6,0.0,0.0,0.0,2024-02-17 02:00:00,7.8,763.0,80.0,1.0,15.0,4.6,0.0,11.0
3625,49623,6,0.0,0.0,0.0,2024-02-17 05:00:00,8.1,761.9,81.0,0.0,14.0,5.0,0.0,-1.0
3630,49638,6,10.32,10.61,5.9,2024-02-17 08:00:00,9.0,762.9,78.0,0.0,14.0,5.4,0.0,0.0
3635,49653,6,21.14,21.49,62.5,2024-02-17 11:00:00,11.4,762.6,70.0,1.0,14.0,6.1,0.0,10.0
3640,49668,6,41.12,41.69,189.2,2024-02-17 14:00:00,15.9,759.8,62.0,2.0,9.0,8.6,0.0,5.0
3645,49683,6,3.03,3.46,237.5,2024-02-17 17:00:00,13.4,759.7,72.0,3.0,15.0,8.5,0.0,3.0
3650,49698,6,0.0,0.0,238.4,2024-02-17 20:00:00,13.1,760.3,84.0,1.0,9.0,10.5,0.0,4.0
3655,49713,6,0.0,0.0,238.4,2024-02-17 23:00:00,12.8,760.0,85.0,3.0,8.0,10.3,0.0,11.0
3660,49728,6,0.0,0.0,0.0,2024-02-18 02:00:00,12.0,759.2,90.0,1.0,7.0,10.4,0.0,11.0
3665,49743,6,0.0,0.0,0.0,2024-02-18 05:00:00,11.2,758.7,93.0,1.0,4.5,10.1,0.0,11.0
3670,49758,6,17.42,17.72,9.7,2024-02-18 08:00:00,11.9,759.7,95.0,1.0,5.0,11.1,0.0,10.0
3675,49773,6,82.87,83.93,137.2,2024-02-18 11:00:00,18.9,759.3,66.0,1.0,12.0,12.4,0.0,6.0
3680,49788,6,65.53,66.38,337.6,2024-02-18 14:00:00,20.9,756.6,64.0,3.0,7.0,13.8,0.0,3.0
3685,49803,6,5.83,6.27,436.2,2024-02-18 17:00:00,19.7,756.5,67.0,3.0,15.0,13.4,0.0,3.0
3690,49818,6,0.0,0.0,438.8,2024-02-18 20:00:00,16.7,757.3,78.0,3.0,8.0,12.8,0.0,3.0
3695,49833,6,0.0,0.0,438.8,2024-02-18 23:00:00,15.2,757.3,88.0,2.0,3.9,13.2,0.0,3.0
3700,49848,6,0.0,0.0,0.0,2024-02-19 02:00:00,14.3,757.3,93.0,1.0,4.8,13.2,0.0,11.0
3705,49863,6,0.0,0.0,0.0,2024-02-19 05:00:00,14.3,757.3,95.0,2.0,4.9,13.5,0.0,11.0
3710,49878,6,22.89,23.24,8.6,2024-02-19 08:00:00,15.2,758.8,94.0,2.0,5.0,14.2,0.0,11.0
3715,49893,6,70.72,71.7,162.1,2024-02-19 11:00:00,23.3,758.7,63.0,1.0,13.0,15.9,0.0,7.0
3720,49908,6,63.0,63.84,356.5,2024-02-19 14:00:00,22.8,756.5,67.0,3.0,7.0,16.4,0.0,4.0
3725,49923,6,5.24,5.55,437.8,2024-02-19 17:00:00,18.1,756.2,84.0,3.0,9.0,15.4,0.0,3.0
3730,49938,6,0.0,0.0,440.1,2024-02-19 20:00:00,16.2,757.0,92.0,3.0,5.0,14.9,0.0,3.0
3735,49953,6,0.0,0.0,440.1,2024-02-19 23:00:00,15.2,758.0,98.0,3.0,0.7,14.9,0.0,4.0
3740,49968,6,0.0,0.0,0.0,2024-02-20 02:00:00,16.0,758.2,99.0,1.0,0.5,15.8,0.0,3.0
3745,49983,6,0.0,0.0,0.0,2024-02-20 05:00:00,14.7,758.5,99.0,1.0,1.7,14.5,0.2,4.0
3750,49998,6,4.95,5.39,2.0,2024-02-20 08:00:00,13.7,760.2,99.0,1.0,0.9,13.5,0.2,7.0
3755,50013,6,8.17,8.44,26.7,2024-02-20 11:00:00,14.0,760.3,99.0,1.0,1.2,13.8,0.2,8.0
3760,50028,6,24.7,25.09,90.7,2024-02-20 14:00:00,15.0,758.2,98.0,1.0,5.0,14.7,0.2,5.0
3765,50043,6,2.25,2.72,125.6,2024-02-20 17:00:00,13.5,758.4,96.0,2.0,1.6,12.9,0.0,4.0
3770,50058,6,0.0,0.0,126.2,2024-02-20 20:00:00,12.5,759.7,98.0,1.0,1.1,12.2,0.0,6.0
3775,50073,6,0.0,0.0,126.2,2024-02-20 23:00:00,12.4,759.7,98.0,1.0,1.4,12.1,0.2,10.0
3780,50088,6,0.0,0.0,0.0,2024-02-21 02:00:00,12.6,758.5,99.0,1.0,2.5,12.4,0.2,11.0
3785,50103,6,0.0,0.0,0.0,2024-02-21 05:00:00,13.1,757.9,98.0,0.0,3.0,12.8,0.2,12.0
3790,50118,6,8.03,8.33,3.8,2024-02-21 08:00:00,13.8,758.8,98.0,0.0,2.1,13.5,0.2,5.0
3795,50133,6,24.83,25.19,56.7,2024-02-21 11:00:00,14.5,758.4,94.0,2.0,1.5,13.5,0.0,4.0
3800,50148,6,12.24,12.48,119.5,2024-02-21 14:00:00,15.7,756.5,91.0,3.0,4.3,14.2,0.0,4.0
3805,50163,6,1.69,1.98,140.8,2024-02-21 17:00:00,15.3,757.4,97.0,3.0,1.0,14.8,0.0,4.0
3810,50178,6,0.0,0.0,141.3,2024-02-21 20:00:00,13.4,760.0,98.0,3.0,1.7,13.1,0.7,3.0
3815,50193,6,0.0,0.0,141.3,2024-02-21 23:00:00,11.4,761.5,98.0,2.0,1.4,11.1,1.0,4.0
3820,50208,6,0.0,0.0,0.0,2024-02-22 02:00:00,10.1,761.8,99.0,2.0,1.6,9.9,3.0,4.0
3825,50223,6,0.0,0.0,0.0,2024-02-22 05:00:00,9.2,762.6,99.0,2.0,1.6,9.1,4.0,4.0
3830,50238,6,0.93,1.35,0.6,2024-02-22 08:00:00,8.6,765.0,98.0,2.0,1.7,8.3,5.0,4.0
3835,50253,6,4.75,5.07,25.6,2024-02-22 11:00:00,8.5,765.1,98.0,2.0,8.0,8.2,5.0,4.0
3840,50268,6,8.44,8.78,55.4,2024-02-22 14:00:00,8.0,763.9,96.0,2.0,3.9,7.4,4.0,3.0
